model,video_path,second,score_raw,score_smoothed,face_detected,num_faces,bbox_area,face_crop_size
xception_df40,C:\deepfake_eval\leakfree_eval\sessions\validation\validation_real_only_01.mp4,0,0.9993185997009277,0.9993185997009277,1,2,31329,503x503
xception_df40,C:\deepfake_eval\leakfree_eval\sessions\validation\validation_real_only_01.mp4,1,0.9986711740493774,0.9989948868751526,1,1,34225,503x503
xception_df40,C:\deepfake_eval\leakfree_eval\sessions\validation\validation_real_only_01.mp4,2,0.9933019876480103,0.9970972537994385,1,2,35344,503x503
xception_df40,C:\deepfake_eval\leakfree_eval\sessions\validation\validation_real_only_01.mp4,3,0.9988943934440613,0.9975465387105942,1,2,36100,503x503
xception_df40,C:\deepfake_eval\leakfree_eval\sessions\validation\validation_real_only_01.mp4,4,0.9994869232177734,0.99793461561203,1,2,34596,503x503
xception_df40,C:\deepfake_eval\leakfree_eval\sessions\validation\validation_real_only_01.mp4,5,0.9994496703147888,0.9981871247291565,1,2,37636,503x503
xception_df40,C:\deepfake_eval\leakfree_eval\sessions\validation\validation_real_only_01.mp4,6,0.999988317489624,0.9984444379806519,0,1,5041,720x720
xception_df40,C:\deepfake_eval\leakfree_eval\sessions\validation\validation_real_only_01.mp4,7,0.9997863173484802,0.9986121729016304,0,1,4489,720x720
xception_df40,C:\deepfake_eval\leakfree_eval\sessions\validation\validation_real_only_01.mp4,8,0.998977780342102,0.9986527959505717,1,1,31684,503x503
xception_df40,C:\deepfake_eval\leakfree_eval\sessions\validation\validation_real_only_01.mp4,9,0.9989838004112244,0.998685896396637,1,1,34225,503x503
xception_df40,C:\deepfake_eval\leakfree_eval\sessions\validation\validation_real_only_01.mp4,10,0.9997261166572571,0.9987804618748751,1,1,34225,503x503
xception_df40,C:\deepfake_eval\leakfree_eval\sessions\validation\validation_real_only_01.mp4,11,0.9077481627464294,0.9911944369475046,1,1,33124,503x503
xception_df40,C:\deepfake_eval\leakfree_eval\sessions\validation\validation_real_only_01.mp4,12,0.08943479508161545,0.9218283106501286,1,1,69696,503x503
xception_df40,C:\deepfake_eval\leakfree_eval\sessions\validation\validation_real_only_01.mp4,13,0.9961279034614563,0.9271354244223663,1,1,76729,503x503
xception_df40,C:\deepfake_eval\leakfree_eval\sessions\validation\validation_real_only_01.mp4,14,0.8833906650543213,0.9242191071311633,1,1,71824,503x503
xception_df40,C:\deepfake_eval\leakfree_eval\sessions\validation\validation_real_only_01.mp4,15,0.4110810458660126,0.8850032702088356,1,1,70756,503x503
xception_df40,C:\deepfake_eval\leakfree_eval\sessions\validation\validation_real_only_01.mp4,16,0.238869771361351,0.8343498433629671,1,1,77284,503x503
xception_df40,C:\deepfake_eval\leakfree_eval\sessions\validation\validation_real_only_01.mp4,17,0.9992805123329163,0.8347484116752942,1,1,84100,503x503
xception_df40,C:\deepfake_eval\leakfree_eval\sessions\validation\validation_real_only_01.mp4,18,0.9691981673240662,0.8327686632672946,1,2,71289,503x503
xception_df40,C:\deepfake_eval\leakfree_eval\sessions\validation\validation_real_only_01.mp4,19,0.04128574579954147,0.7688885847727458,1,1,66049,503x503
xception_df40,C:\deepfake_eval\leakfree_eval\sessions\validation\validation_real_only_01.mp4,20,0.9711118340492249,0.7669993956883748,1,1,70756,503x503
xception_df40,C:\deepfake_eval\leakfree_eval\sessions\validation\validation_real_only_01.mp4,21,0.5027241706848145,0.7338484525680542,1,1,72361,503x503
xception_df40,C:\deepfake_eval\leakfree_eval\sessions\validation\validation_real_only_01.mp4,22,0.6441436409950256,0.7101389408111572,1,1,70225,503x503
xception_df40,C:\deepfake_eval\leakfree_eval\sessions\validation\validation_real_only_01.mp4,23,0.9113506078720093,0.704297129313151,1,2,71289,503x503
xception_df40,C:\deepfake_eval\leakfree_eval\sessions\validation\validation_real_only_01.mp4,24,0.9995330572128296,0.7043337464332581,1,1,72900,503x503
xception_df40,C:\deepfake_eval\leakfree_eval\sessions\validation\validation_real_only_01.mp4,25,0.7365390062332153,0.6867879390716553,1,1,31329,503x503
xception_df40,C:\deepfake_eval\leakfree_eval\sessions\validation\validation_real_only_01.mp4,26,0.8824963569641113,0.6851044853528341,1,1,32041,503x503
xception_df40,C:\deepfake_eval\leakfree_eval\sessions\validation\validation_real_only_01.mp4,27,0.6061463952064514,0.7195519253611564,1,1,30625,503x503
xception_df40,C:\deepfake_eval\leakfree_eval\sessions\validation\validation_real_only_01.mp4,28,0.17101962864398956,0.664544707039992,1,1,30625,503x503
xception_df40,C:\deepfake_eval\leakfree_eval\sessions\validation\validation_real_only_01.mp4,29,0.956013560295105,0.6693862333893776,1,1,34225,503x503
xception_df40,C:\deepfake_eval\leakfree_eval\sessions\validation\validation_real_only_01.mp4,30,0.8441430330276489,0.6982570325334867,1,1,31329,503x503
xception_df40,C:\deepfake_eval\leakfree_eval\sessions\validation\validation_real_only_01.mp4,31,0.7710083723068237,0.7337329392631848,1,1,35721,503x503
xception_df40,C:\deepfake_eval\leakfree_eval\sessions\validation\validation_real_only_01.mp4,32,0.8781698942184448,0.7256588980555534,1,1,35344,503x503
xception_df40,C:\deepfake_eval\leakfree_eval\sessions\validation\validation_real_only_01.mp4,33,0.8822483420372009,0.7198622430364291,1,1,32041,503x503
xception_df40,C:\deepfake_eval\leakfree_eval\sessions\validation\validation_real_only_01.mp4,34,0.5280340909957886,0.7523121327161789,1,1,36864,503x503
xception_df40,C:\deepfake_eval\leakfree_eval\sessions\validation\validation_real_only_01.mp4,35,0.7766995429992676,0.7393513133128484,1,2,29584,503x503
xception_df40,C:\deepfake_eval\leakfree_eval\sessions\validation\validation_real_only_01.mp4,36,0.7813017964363098,0.7579231550296147,1,1,32041,503x503
xception_df40,C:\deepfake_eval\leakfree_eval\sessions\validation\validation_real_only_01.mp4,37,0.2926836907863617,0.7344924916823705,1,2,33124,503x503
xception_df40,C:\deepfake_eval\leakfree_eval\sessions\validation\validation_real_only_01.mp4,38,0.861302375793457,0.7311559428771337,1,1,33856,503x503
xception_df40,C:\deepfake_eval\leakfree_eval\sessions\validation\validation_real_only_01.mp4,39,0.20580054819583893,0.678240442276001,1,1,34596,503x503
xception_df40,C:\deepfake_eval\leakfree_eval\sessions\validation\validation_real_only_01.mp4,40,0.5704721808433533,0.6671693205833436,1,1,30976,503x503
xception_df40,C:\deepfake_eval\leakfree_eval\sessions\validation\validation_real_only_01.mp4,41,0.6667678356170654,0.6527874191602071,1,1,31329,503x503
xception_df40,C:\deepfake_eval\leakfree_eval\sessions\validation\validation_real_only_01.mp4,42,0.7816160321235657,0.6644853949546814,1,2,30276,503x503
xception_df40,C:\deepfake_eval\leakfree_eval\sessions\validation\validation_real_only_01.mp4,43,0.6818872690200806,0.6985432376464208,1,1,32761,503x503
xception_df40,C:\deepfake_eval\leakfree_eval\sessions\validation\validation_real_only_01.mp4,44,0.33642858266830444,0.6572375724713008,1,1,34596,503x503
xception_df40,C:\deepfake_eval\leakfree_eval\sessions\validation\validation_real_only_01.mp4,45,0.48153355717658997,0.6330636074145635,1,1,33856,503x503
xception_df40,C:\deepfake_eval\leakfree_eval\sessions\validation\validation_real_only_01.mp4,46,0.49431318044662476,0.6146172612905503,1,2,31329,503x503
xception_df40,C:\deepfake_eval\leakfree_eval\sessions\validation\validation_real_only_01.mp4,47,0.7208399772644043,0.6041286001602809,1,3,31329,503x503
xception_df40,C:\deepfake_eval\leakfree_eval\sessions\validation\validation_real_only_01.mp4,48,0.35253098607063293,0.5688141097625097,1,1,31329,503x503
xception_df40,C:\deepfake_eval\leakfree_eval\sessions\validation\validation_real_only_01.mp4,49,0.5517895817756653,0.5703978091478348,1,1,33856,503x503
xception_df40,C:\deepfake_eval\leakfree_eval\sessions\validation\validation_real_only_01.mp4,50,0.8934026956558228,0.5781780193249385,1,2,28900,503x503
xception_df40,C:\deepfake_eval\leakfree_eval\sessions\validation\validation_real_only_01.mp4,51,0.4942704141139984,0.5590425938367843,1,1,29584,503x503
xception_df40,C:\deepfake_eval\leakfree_eval\sessions\validation\validation_real_only_01.mp4,52,0.34928131103515625,0.5628157685200373,1,1,28224,503x503
xception_df40,C:\deepfake_eval\leakfree_eval\sessions\validation\validation_real_only_01.mp4,53,0.05643201619386673,0.5091577445467314,1,1,32041,503x503
xception_df40,C:\deepfake_eval\leakfree_eval\sessions\validation\validation_real_only_01.mp4,54,0.37291958928108215,0.5202990139524142,1,1,28224,503x503
xception_df40,C:\deepfake_eval\leakfree_eval\sessions\validation\validation_real_only_01.mp4,55,0.011530008167028427,0.4830362024406592,1,1,28224,503x503
xception_df40,C:\deepfake_eval\leakfree_eval\sessions\validation\validation_real_only_01.mp4,56,0.6897676587104797,0.4845695239802202,1,1,31684,503x503
xception_df40,C:\deepfake_eval\leakfree_eval\sessions\validation\validation_real_only_01.mp4,57,0.4690678119659424,0.4637329759697119,1,1,29929,503x503
xception_df40,C:\deepfake_eval\leakfree_eval\sessions\validation\validation_real_only_01.mp4,58,0.09510302543640137,0.42461402639746665,1,1,28900,503x503
xception_df40,C:\deepfake_eval\leakfree_eval\sessions\validation\validation_real_only_01.mp4,59,0.13248734176158905,0.4110179436703523,0,1,27556,720x720
xception_df40,C:\deepfake_eval\leakfree_eval\sessions\validation\validation_real_only_01.mp4,60,0.07506611198186874,0.3839201139907042,1,1,28224,503x503
xception_df40,C:\deepfake_eval\leakfree_eval\sessions\validation\validation_real_only_01.mp4,61,0.0732378289103508,0.35584842388828597,1,1,28224,503x503
xception_df40,C:\deepfake_eval\leakfree_eval\sessions\validation\validation_real_only_01.mp4,62,0.19401194155216217,0.32072655484080315,1,1,29241,503x503
xception_df40,C:\deepfake_eval\leakfree_eval\sessions\validation\validation_real_only_01.mp4,63,0.12429579347372055,0.30551087533434235,1,1,32761,503x503
xception_df40,C:\deepfake_eval\leakfree_eval\sessions\validation\validation_real_only_01.mp4,64,0.19666005671024323,0.2818355736633142,0,1,27556,720x720
xception_df40,C:\deepfake_eval\leakfree_eval\sessions\validation\validation_real_only_01.mp4,65,0.33223721385002136,0.24442454154292742,0,1,27225,720x720
xception_df40,C:\deepfake_eval\leakfree_eval\sessions\validation\validation_real_only_01.mp4,66,0.277124285697937,0.22994813298185665,0,1,26896,720x720
xception_df40,C:\deepfake_eval\leakfree_eval\sessions\validation\validation_real_only_01.mp4,67,0.9795613884925842,0.27196680481235186,1,2,59536,503x503
xception_df40,C:\deepfake_eval\leakfree_eval\sessions\validation\validation_real_only_01.mp4,68,0.9768158197402954,0.33332572504878044,1,1,29584,503x503
xception_df40,C:\deepfake_eval\leakfree_eval\sessions\validation\validation_real_only_01.mp4,69,0.2204248011112213,0.3231594058374564,1,1,28900,503x503
xception_df40,C:\deepfake_eval\leakfree_eval\sessions\validation\validation_real_only_01.mp4,70,0.9973257780075073,0.38887912382682166,1,1,121801,523x523
xception_df40,C:\deepfake_eval\leakfree_eval\sessions\validation\validation_real_only_01.mp4,71,0.994498074054718,0.4091944848497709,1,1,28900,503x503
xception_df40,C:\deepfake_eval\leakfree_eval\sessions\validation\validation_real_only_01.mp4,72,0.9781791567802429,0.4431352411707242,0,1,26569,720x720
xception_df40,C:\deepfake_eval\leakfree_eval\sessions\validation\validation_real_only_01.mp4,73,0.9809244871139526,0.502190005282561,0,2,25281,720x720
xception_df40,C:\deepfake_eval\leakfree_eval\sessions\validation\validation_real_only_01.mp4,74,0.9976565837860107,0.5598679547508557,1,2,28224,503x503
xception_df40,C:\deepfake_eval\leakfree_eval\sessions\validation\validation_real_only_01.mp4,75,0.997676432132721,0.6213753094275792,1,1,70225,503x503
xception_df40,C:\deepfake_eval\leakfree_eval\sessions\validation\validation_real_only_01.mp4,76,0.9993371367454529,0.6831152632832527,1,1,65025,503x503
xception_df40,C:\deepfake_eval\leakfree_eval\sessions\validation\validation_real_only_01.mp4,77,0.9990050196647644,0.7367814684907595,0,0,,720x720
xception_df40,C:\deepfake_eval\leakfree_eval\sessions\validation\validation_real_only_01.mp4,78,0.9998087286949158,0.7951489975055058,1,1,77841,503x503
xception_df40,C:\deepfake_eval\leakfree_eval\sessions\validation\validation_real_only_01.mp4,79,0.9978895783424377,0.8485642989476522,1,2,77841,503x503
xception_df40,C:\deepfake_eval\leakfree_eval\sessions\validation\validation_real_only_01.mp4,80,0.9994322657585144,0.893043969074885,1,1,133225,547x547
xception_df40,C:\deepfake_eval\leakfree_eval\sessions\validation\validation_real_only_01.mp4,81,0.9963847398757935,0.9409946660200755,1,1,85264,503x503
xception_df40,C:\deepfake_eval\leakfree_eval\sessions\validation\validation_real_only_01.mp4,82,0.9954606890678406,0.9420546193917593,1,1,81796,503x503
xception_df40,C:\deepfake_eval\leakfree_eval\sessions\validation\validation_real_only_01.mp4,83,0.9998134970664978,0.9435877978801728,1,1,85264,503x503
xception_df40,C:\deepfake_eval\leakfree_eval\sessions\validation\validation_real_only_01.mp4,84,0.999925971031189,0.9955545425415039,1,1,82944,503x503
xception_df40,C:\deepfake_eval\leakfree_eval\sessions\validation\validation_real_only_01.mp4,85,0.9964312314987183,0.9954949061075846,1,2,88804,503x503
xception_df40,C:\deepfake_eval\leakfree_eval\sessions\validation\validation_real_only_01.mp4,86,0.9983997941017151,0.9957550207773844,1,1,88804,503x503
xception_df40,C:\deepfake_eval\leakfree_eval\sessions\validation\validation_real_only_01.mp4,87,0.9996740818023682,0.9971880157788594,1,1,87025,503x503
xception_df40,C:\deepfake_eval\leakfree_eval\sessions\validation\validation_real_only_01.mp4,88,0.9239727258682251,0.993391231695811,1,1,88209,503x503
xception_df40,C:\deepfake_eval\leakfree_eval\sessions\validation\validation_real_only_01.mp4,89,0.9998401403427124,0.9935368021329244,1,1,80656,503x503
xception_df40,C:\deepfake_eval\leakfree_eval\sessions\validation\validation_real_only_01.mp4,90,0.9999854564666748,0.9936907370885213,1,1,90601,503x503
xception_df40,C:\deepfake_eval\leakfree_eval\sessions\validation\validation_real_only_01.mp4,91,0.9966202974319458,0.9935096144676209,1,1,84100,503x503
xception_df40,C:\deepfake_eval\leakfree_eval\sessions\validation\validation_real_only_01.mp4,92,0.9999682903289795,0.9935738325119019,1,1,84681,503x503
xception_df40,C:\deepfake_eval\leakfree_eval\sessions\validation\validation_real_only_01.mp4,93,0.9986650943756104,0.9934975902239481,1,1,152100,585x585
xception_df40,C:\deepfake_eval\leakfree_eval\sessions\validation\validation_real_only_01.mp4,94,0.99196457862854,0.9931025902430216,1,1,154449,589x589
xception_df40,C:\deepfake_eval\leakfree_eval\sessions\validation\validation_real_only_01.mp4,95,0.9817091226577759,0.991921047369639,1,1,30976,503x503
xception_df40,C:\deepfake_eval\leakfree_eval\sessions\validation\validation_real_only_01.mp4,96,0.677989661693573,0.9706947088241578,1,1,37636,503x503
xception_df40,C:\deepfake_eval\leakfree_eval\sessions\validation\validation_real_only_01.mp4,97,0.8202981948852539,0.9590172092119853,1,2,37249,503x503
xception_df40,C:\deepfake_eval\leakfree_eval\sessions\validation\validation_real_only_01.mp4,98,0.22512413561344147,0.9073712517817815,1,1,33124,503x503
xception_df40,C:\deepfake_eval\leakfree_eval\sessions\validation\validation_real_only_01.mp4,99,0.7891187071800232,0.8933174341917038,1,2,36481,503x503
xception_df40,C:\deepfake_eval\leakfree_eval\sessions\validation\validation_real_only_01.mp4,100,0.6921848058700562,0.873034339149793,1,1,36100,503x503
xception_df40,C:\deepfake_eval\leakfree_eval\sessions\validation\validation_real_only_01.mp4,101,0.07848432660102844,0.8117066413164139,1,1,36481,503x503
xception_df40,C:\deepfake_eval\leakfree_eval\sessions\validation\validation_real_only_01.mp4,102,0.24411872029304504,0.761336283882459,1,1,38025,503x503
xception_df40,C:\deepfake_eval\leakfree_eval\sessions\validation\validation_real_only_01.mp4,103,0.7801372408866882,0.7517472515503566,1,1,36864,503x503
xception_df40,C:\deepfake_eval\leakfree_eval\sessions\validation\validation_real_only_01.mp4,104,0.650977373123169,0.7284897337357203,1,1,33124,503x503
xception_df40,C:\deepfake_eval\leakfree_eval\sessions\validation\validation_real_only_01.mp4,105,0.0714387446641922,0.6665866196155548,1,2,30976,503x503
xception_df40,C:\deepfake_eval\leakfree_eval\sessions\validation\validation_real_only_01.mp4,106,0.3106171488761902,0.6208530763785044,1,1,33489,503x503
xception_df40,C:\deepfake_eval\leakfree_eval\sessions\validation\validation_real_only_01.mp4,107,0.3156404495239258,0.5752312203248342,1,1,34225,503x503
xception_df40,C:\deepfake_eval\leakfree_eval\sessions\validation\validation_real_only_01.mp4,108,0.2526109218597412,0.5254942754904429,1,1,29584,503x503
xception_df40,C:\deepfake_eval\leakfree_eval\sessions\validation\validation_real_only_01.mp4,109,0.170992910861969,0.4707628309726715,1,1,28224,503x503
xception_df40,C:\deepfake_eval\leakfree_eval\sessions\validation\validation_real_only_01.mp4,110,0.9770972728729248,0.4704553743203481,1,5,47961,503x503
xception_df40,C:\deepfake_eval\leakfree_eval\sessions\validation\validation_real_only_01.mp4,111,0.9070668816566467,0.485727188984553,1,3,31329,503x503
xception_df40,C:\deepfake_eval\leakfree_eval\sessions\validation\validation_real_only_01.mp4,112,0.9833309054374695,0.49659603635470073,1,4,47524,503x503
xception_df40,C:\deepfake_eval\leakfree_eval\sessions\validation\validation_real_only_01.mp4,113,0.5106697678565979,0.5156324118375778,1,3,30625,503x503
xception_df40,C:\deepfake_eval\leakfree_eval\sessions\validation\validation_real_only_01.mp4,114,0.5738946795463562,0.5012841433286667,1,3,31684,503x503
xception_df40,C:\deepfake_eval\leakfree_eval\sessions\validation\validation_real_only_01.mp4,115,0.8076918125152588,0.5089846104383469,1,3,32400,503x503
xception_df40,C:\deepfake_eval\leakfree_eval\sessions\validation\validation_real_only_01.mp4,116,0.9218696355819702,0.565210297703743,1,2,31329,503x503
xception_df40,C:\deepfake_eval\leakfree_eval\sessions\validation\validation_real_only_01.mp4,117,0.9411645531654358,0.6116800198952357,1,3,31684,503x503
xception_df40,C:\deepfake_eval\leakfree_eval\sessions\validation\validation_real_only_01.mp4,118,0.9001625776290894,0.6196817090113957,1,3,31329,503x503
xception_df40,C:\deepfake_eval\leakfree_eval\sessions\validation\validation_real_only_01.mp4,119,0.8724551200866699,0.6344468921422959,1,3,31329,503x503
xception_df40,C:\deepfake_eval\leakfree_eval\sessions\validation\validation_real_only_01.mp4,120,0.8433446884155273,0.6859072883923848,1,4,30976,503x503
xception_df40,C:\deepfake_eval\leakfree_eval\sessions\validation\validation_real_only_01.mp4,121,0.4873257577419281,0.6976878623167674,1,2,28224,503x503
xception_df40,C:\deepfake_eval\leakfree_eval\sessions\validation\validation_real_only_01.mp4,122,0.4714262783527374,0.7080735842386882,1,2,27889,503x503
xception_df40,C:\deepfake_eval\leakfree_eval\sessions\validation\validation_real_only_01.mp4,123,0.04846718907356262,0.6944640020529429,1,3,30625,503x503
xception_df40,C:\deepfake_eval\leakfree_eval\sessions\validation\validation_real_only_01.mp4,124,0.5353435277938843,0.7187540431817373,1,4,30276,503x503
xception_df40,C:\deepfake_eval\leakfree_eval\sessions\validation\validation_real_only_01.mp4,125,0.3478529453277588,0.6768044213453929,1,3,30625,503x503
xception_df40,C:\deepfake_eval\leakfree_eval\sessions\validation\validation_real_only_01.mp4,126,0.13880082964897156,0.6255866845448812,1,3,30976,503x503
xception_df40,C:\deepfake_eval\leakfree_eval\sessions\validation\validation_real_only_01.mp4,127,0.3055083751678467,0.5803985158602397,1,3,30625,503x503
xception_df40,C:\deepfake_eval\leakfree_eval\sessions\validation\validation_real_only_01.mp4,128,0.7901425361633301,0.5990300337473552,1,2,58564,503x503
xception_df40,C:\deepfake_eval\leakfree_eval\sessions\validation\validation_real_only_01.mp4,129,0.9754711389541626,0.6258017977078756,1,1,57121,503x503
xception_df40,C:\deepfake_eval\leakfree_eval\sessions\validation\validation_real_only_01.mp4,130,0.9782330989837646,0.6371712168057759,1,1,59536,503x503
xception_df40,C:\deepfake_eval\leakfree_eval\sessions\validation\validation_real_only_01.mp4,131,0.8259450197219849,0.6307762424151103,1,1,60516,503x503
xception_df40,C:\deepfake_eval\leakfree_eval\sessions\validation\validation_real_only_01.mp4,132,0.9525946974754333,0.6315382520357767,1,1,53824,503x503
xception_df40,C:\deepfake_eval\leakfree_eval\sessions\validation\validation_real_only_01.mp4,133,0.9399738907814026,0.6341923395792644,1,1,55225,503x503
xception_df40,C:\deepfake_eval\leakfree_eval\sessions\validation\validation_real_only_01.mp4,134,0.9343248009681702,0.6383169849713644,1,1,57121,503x503
xception_df40,C:\deepfake_eval\leakfree_eval\sessions\validation\validation_real_only_01.mp4,135,0.7968626618385315,0.6352181831995646,1,1,58081,503x503
xception_df40,C:\deepfake_eval\leakfree_eval\sessions\validation\validation_real_only_01.mp4,136,0.9889141917228699,0.6686574121316274,1,1,61009,503x503
xception_df40,C:\deepfake_eval\leakfree_eval\sessions\validation\validation_real_only_01.mp4,137,0.9897313714027405,0.7032110850016277,1,1,56169,503x503
xception_df40,C:\deepfake_eval\leakfree_eval\sessions\validation\validation_real_only_01.mp4,138,0.8984869122505188,0.759879066546758,1,1,56644,503x503
xception_df40,C:\deepfake_eval\leakfree_eval\sessions\validation\validation_real_only_01.mp4,139,0.9898417592048645,0.7901789486408234,1,1,59536,503x503
xception_df40,C:\deepfake_eval\leakfree_eval\sessions\validation\validation_real_only_01.mp4,140,0.9458052515983582,0.8300424357255299,1,1,56169,503x503
xception_df40,C:\deepfake_eval\leakfree_eval\sessions\validation\validation_real_only_01.mp4,141,0.998611569404602,0.8873631517092387,1,1,63504,503x503
xception_df40,C:\deepfake_eval\leakfree_eval\sessions\validation\validation_real_only_01.mp4,142,0.8455929756164551,0.9233687917391459,1,1,53361,503x503
xception_df40,C:\deepfake_eval\leakfree_eval\sessions\validation\validation_real_only_01.mp4,143,0.8999456167221069,0.9306889971097311,1,1,57600,503x503
xception_df40,C:\deepfake_eval\leakfree_eval\sessions\validation\validation_real_only_01.mp4,144,0.9706079363822937,0.9303647836049398,1,1,56644,503x503
xception_df40,C:\deepfake_eval\leakfree_eval\sessions\validation\validation_real_only_01.mp4,145,0.9682320952415466,0.9296980500221252,1,1,55696,503x503
xception_df40,C:\deepfake_eval\leakfree_eval\sessions\validation\validation_real_only_01.mp4,146,0.8730343580245972,0.9328373392422994,1,1,50176,503x503
xception_df40,C:\deepfake_eval\leakfree_eval\sessions\validation\validation_real_only_01.mp4,147,0.8108957409858704,0.9233907421429952,1,1,56169,503x503
xception_df40,C:\deepfake_eval\leakfree_eval\sessions\validation\validation_real_only_01.mp4,148,0.929570198059082,0.9226971626281738,1,1,58564,503x503
xception_df40,C:\deepfake_eval\leakfree_eval\sessions\validation\validation_real_only_01.mp4,149,0.9021745324134827,0.9205538113911946,1,2,56644,503x503
xception_df40,C:\deepfake_eval\leakfree_eval\sessions\validation\validation_real_only_01.mp4,150,0.9915999174118042,0.9335362950960795,1,1,59049,503x503
xception_df40,C:\deepfake_eval\leakfree_eval\sessions\validation\validation_real_only_01.mp4,151,0.9851712584495544,0.9332867662111918,1,1,52900,503x503
xception_df40,C:\deepfake_eval\leakfree_eval\sessions\validation\validation_real_only_01.mp4,152,0.9027889966964722,0.9274906078974406,1,1,56169,503x503
xception_df40,C:\deepfake_eval\leakfree_eval\sessions\validation\validation_real_only_01.mp4,153,0.030746176838874817,0.8696412255366643,1,1,34596,503x503
xception_df40,C:\deepfake_eval\leakfree_eval\sessions\validation\validation_real_only_01.mp4,154,0.007315617986023426,0.8041394827887416,1,1,39204,503x503
xception_df40,C:\deepfake_eval\leakfree_eval\sessions\validation\validation_real_only_01.mp4,155,0.004822778515517712,0.7414073179165522,1,1,38416,503x503
xception_df40,C:\deepfake_eval\leakfree_eval\sessions\validation\validation_real_only_01.mp4,156,0.01468641497194767,0.6758123076210419,1,1,40000,503x503
xception_df40,C:\deepfake_eval\leakfree_eval\sessions\validation\validation_real_only_01.mp4,157,0.00531135406345129,0.6197935328508417,1,1,38416,503x503
xception_df40,C:\deepfake_eval\leakfree_eval\sessions\validation\validation_real_only_01.mp4,158,0.034008368849754333,0.5620643829926848,1,1,34596,503x503
xception_df40,C:\deepfake_eval\leakfree_eval\sessions\validation\validation_real_only_01.mp4,159,0.006426945794373751,0.49778565028682353,1,1,38809,503x503
xception_df40,C:\deepfake_eval\leakfree_eval\sessions\validation\validation_real_only_01.mp4,160,0.0036371045280247927,0.43347931757258873,1,1,40000,503x503
xception_df40,C:\deepfake_eval\leakfree_eval\sessions\validation\validation_real_only_01.mp4,161,0.007772647775709629,0.3757952035559962,1,1,34596,503x503
xception_df40,C:\deepfake_eval\leakfree_eval\sessions\validation\validation_real_only_01.mp4,162,0.0063245571218431,0.32215712463172774,1,1,34225,503x503
xception_df40,C:\deepfake_eval\leakfree_eval\sessions\validation\validation_real_only_01.mp4,163,0.003943849820643663,0.2604487014158318,1,1,38809,503x503
xception_df40,C:\deepfake_eval\leakfree_eval\sessions\validation\validation_real_only_01.mp4,164,0.016297446563839912,0.20139022902585565,1,1,37636,503x503
xception_df40,C:\deepfake_eval\leakfree_eval\sessions\validation\validation_real_only_01.mp4,165,0.4517323672771454,0.1653990590168784,0,1,20449,720x720
xception_df40,C:\deepfake_eval\leakfree_eval\sessions\validation\validation_real_only_01.mp4,166,0.6842002868652344,0.14533432757792372,0,1,19881,720x720
xception_df40,C:\deepfake_eval\leakfree_eval\sessions\validation\validation_real_only_01.mp4,167,0.35067352652549744,0.10852662956652542,0,1,19881,720x720
xception_df40,C:\deepfake_eval\leakfree_eval\sessions\validation\validation_real_only_01.mp4,168,0.36482393741607666,0.1307984802716722,0,1,20449,720x720
xception_df40,C:\deepfake_eval\leakfree_eval\sessions\validation\validation_real_only_01.mp4,169,0.44808927178382874,0.16018339052485922,0,1,23409,720x720
xception_df40,C:\deepfake_eval\leakfree_eval\sessions\validation\validation_real_only_01.mp4,170,0.35238373279571533,0.18335412081020575,0,1,21316,720x720
xception_df40,C:\deepfake_eval\leakfree_eval\sessions\validation\validation_real_only_01.mp4,171,0.5331919193267822,0.21792115443386137,0,0,,720x720
xception_df40,C:\deepfake_eval\leakfree_eval\sessions\validation\validation_real_only_01.mp4,172,0.7068883180618286,0.2646929520337532,0,1,22801,720x720
xception_df40,C:\deepfake_eval\leakfree_eval\sessions\validation\validation_real_only_01.mp4,173,0.5571908354759216,0.29957178314216437,0,1,22201,720x720
xception_df40,C:\deepfake_eval\leakfree_eval\sessions\validation\validation_real_only_01.mp4,174,0.6192243099212646,0.34042494075062374,0,1,21609,720x720
xception_df40,C:\deepfake_eval\leakfree_eval\sessions\validation\validation_real_only_01.mp4,175,0.40262120962142944,0.3670238810901841,0,1,23716,720x720
xception_df40,C:\deepfake_eval\leakfree_eval\sessions\validation\validation_real_only_01.mp4,176,0.4121406376361847,0.3939817470808824,0,1,17956,720x720
xception_df40,C:\deepfake_eval\leakfree_eval\sessions\validation\validation_real_only_01.mp4,177,0.49834850430488586,0.4267833435597519,0,1,16641,720x720
xception_df40,C:\deepfake_eval\leakfree_eval\sessions\validation\validation_real_only_01.mp4,178,0.26117342710494995,0.4439319820453723,0,2,19881,720x720
xception_df40,C:\deepfake_eval\leakfree_eval\sessions\validation\validation_real_only_01.mp4,179,0.17741331458091736,0.4546730399131775,0,1,21316,720x720
xception_df40,C:\deepfake_eval\leakfree_eval\sessions\validation\validation_real_only_01.mp4,180,0.08218890428543091,0.4300368090470632,0,1,21609,720x720
xception_df40,C:\deepfake_eval\leakfree_eval\sessions\validation\validation_real_only_01.mp4,181,0.9914484024047852,0.45052001674969994,1,2,48400,503x503
xception_df40,C:\deepfake_eval\leakfree_eval\sessions\validation\validation_real_only_01.mp4,182,0.9763572812080383,0.4922322670618693,1,3,48841,503x503
xception_df40,C:\deepfake_eval\leakfree_eval\sessions\validation\validation_real_only_01.mp4,183,0.6315013766288757,0.5100107630093892,1,3,50625,503x503
xception_df40,C:\deepfake_eval\leakfree_eval\sessions\validation\validation_real_only_01.mp4,184,0.989661455154419,0.5461155752340953,1,2,55225,503x503
xception_df40,C:\deepfake_eval\leakfree_eval\sessions\validation\validation_real_only_01.mp4,185,0.9763752222061157,0.5877150078614553,1,3,57121,503x503
xception_df40,C:\deepfake_eval\leakfree_eval\sessions\validation\validation_real_only_01.mp4,186,0.9916674494743347,0.6182800432046255,1,1,51076,503x503
xception_df40,C:\deepfake_eval\leakfree_eval\sessions\validation\validation_real_only_01.mp4,187,0.9745416641235352,0.6361235996087392,1,1,54289,503x503
xception_df40,C:\deepfake_eval\leakfree_eval\sessions\validation\validation_real_only_01.mp4,188,0.999496579170227,0.6656106491883595,1,2,50625,503x503
xception_df40,C:\deepfake_eval\leakfree_eval\sessions\validation\validation_real_only_01.mp4,189,0.9502090811729431,0.6876763006051382,1,1,51529,503x503
xception_df40,C:\deepfake_eval\leakfree_eval\sessions\validation\validation_real_only_01.mp4,190,0.8929688930511475,0.7203661461671194,1,1,51529,503x503
xception_df40,C:\deepfake_eval\leakfree_eval\sessions\validation\validation_real_only_01.mp4,191,0.9583244919776917,0.7567784031232198,1,1,47524,503x503
xception_df40,C:\deepfake_eval\leakfree_eval\sessions\validation\validation_real_only_01.mp4,192,0.9944296479225159,0.7898504793643951,1,1,49284,503x503
xception_df40,C:\deepfake_eval\leakfree_eval\sessions\validation\validation_real_only_01.mp4,193,0.8905258774757385,0.8318073093891144,1,1,52900,503x503
xception_df40,C:\deepfake_eval\leakfree_eval\sessions\validation\validation_real_only_01.mp4,194,0.9846915602684021,0.8856258591016134,1,1,52441,503x503
xception_df40,C:\deepfake_eval\leakfree_eval\sessions\validation\validation_real_only_01.mp4,195,0.9860477447509766,0.9458831151326498,1,1,57121,503x503
xception_df40,C:\deepfake_eval\leakfree_eval\sessions\validation\validation_real_only_01.mp4,196,0.9994760155677795,0.946418289343516,1,3,50625,503x503
xception_df40,C:\deepfake_eval\leakfree_eval\sessions\validation\validation_real_only_01.mp4,197,0.9994899034500122,0.9479604641596476,1,1,49284,503x503
xception_df40,C:\deepfake_eval\leakfree_eval\sessions\validation\validation_real_only_01.mp4,198,0.9901260137557983,0.9718687733014425,1,2,55225,503x503
xception_df40,C:\deepfake_eval\leakfree_eval\sessions\validation\validation_real_only_01.mp4,199,0.9174382090568542,0.9670538902282715,1,2,40804,503x503
xception_df40,C:\deepfake_eval\leakfree_eval\sessions\validation\validation_real_only_01.mp4,200,0.3214799463748932,0.9233942051728566,1,3,52900,503x503
xception_df40,C:\deepfake_eval\leakfree_eval\sessions\validation\validation_real_only_01.mp4,201,0.9735861420631409,0.9221887846787771,1,2,53361,503x503
xception_df40,C:\deepfake_eval\leakfree_eval\sessions\validation\validation_real_only_01.mp4,202,0.9678553938865662,0.9217430333296458,1,1,44521,503x503
xception_df40,C:\deepfake_eval\leakfree_eval\sessions\validation\validation_real_only_01.mp4,203,0.8982914686203003,0.9149960259596507,1,1,45369,503x503
xception_df40,C:\deepfake_eval\leakfree_eval\sessions\validation\validation_real_only_01.mp4,204,0.9180310368537903,0.9128508230050405,1,2,51076,503x503
xception_df40,C:\deepfake_eval\leakfree_eval\sessions\validation\validation_real_only_01.mp4,205,0.3707558512687683,0.8780366202195485,1,4,53824,503x503
xception_df40,C:\deepfake_eval\leakfree_eval\sessions\validation\validation_real_only_01.mp4,206,0.9988516569137573,0.8807384312152863,1,1,41616,503x503
xception_df40,C:\deepfake_eval\leakfree_eval\sessions\validation\validation_real_only_01.mp4,207,0.9985427856445312,0.881012640396754,1,2,43264,503x503
xception_df40,C:\deepfake_eval\leakfree_eval\sessions\validation\validation_real_only_01.mp4,208,0.8458455204963684,0.8780339499314626,1,3,44100,503x503
xception_df40,C:\deepfake_eval\leakfree_eval\sessions\validation\validation_real_only_01.mp4,209,0.832981288433075,0.8679199318091074,0,0,,720x720
xception_df40,C:\deepfake_eval\leakfree_eval\sessions\validation\validation_real_only_01.mp4,210,0.8500533699989319,0.8588536401589711,1,1,48400,503x503
xception_df40,C:\deepfake_eval\leakfree_eval\sessions\validation\validation_real_only_01.mp4,211,0.6867209076881409,0.8380032996336619,1,1,43681,503x503
xception_df40,C:\deepfake_eval\leakfree_eval\sessions\validation\validation_real_only_01.mp4,212,0.9158374667167664,0.8324264705181121,1,2,103041,503x503
xception_df40,C:\deepfake_eval\leakfree_eval\sessions\validation\validation_real_only_01.mp4,213,0.9993727803230286,0.8330429216225942,1,2,116281,511x511
xception_df40,C:\deepfake_eval\leakfree_eval\sessions\validation\validation_real_only_01.mp4,214,0.999990701675415,0.8385464211304983,1,2,104976,503x503
xception_df40,C:\deepfake_eval\leakfree_eval\sessions\validation\validation_real_only_01.mp4,215,0.9999938011169434,0.8837806781133016,1,1,102400,503x503
xception_df40,C:\deepfake_eval\leakfree_eval\sessions\validation\validation_real_only_01.mp4,216,0.9640516638755798,0.8831450462341308,1,3,101761,503x503
xception_df40,C:\deepfake_eval\leakfree_eval\sessions\validation\validation_real_only_01.mp4,217,0.998671293258667,0.8851994395256042,1,3,97969,503x503
xception_df40,C:\deepfake_eval\leakfree_eval\sessions\validation\validation_real_only_01.mp4,218,0.9962266683578491,0.8917284528414409,1,3,101761,503x503
xception_df40,C:\deepfake_eval\leakfree_eval\sessions\validation\validation_real_only_01.mp4,219,0.9955316781997681,0.896895162264506,1,1,106929,503x503
xception_df40,C:\deepfake_eval\leakfree_eval\sessions\validation\validation_real_only_01.mp4,220,0.8077970743179321,0.9260312438011169,1,2,108241,503x503
xception_df40,C:\deepfake_eval\leakfree_eval\sessions\validation\validation_real_only_01.mp4,221,0.9997186064720154,0.9260890404383342,1,3,104976,503x503
xception_df40,C:\deepfake_eval\leakfree_eval\sessions\validation\validation_real_only_01.mp4,222,0.9990193843841553,0.9261208136876424,1,1,93636,503x503
xception_df40,C:\deepfake_eval\leakfree_eval\sessions\validation\validation_real_only_01.mp4,223,0.8793451189994812,0.9283541202545166,1,3,93636,503x503
xception_df40,C:\deepfake_eval\leakfree_eval\sessions\validation\validation_real_only_01.mp4,224,0.6926419734954834,0.9189981659253438,1,1,27889,503x503
xception_df40,C:\deepfake_eval\leakfree_eval\sessions\validation\validation_real_only_01.mp4,225,0.7221033573150635,0.9104681650797526,1,1,28900,503x503
xception_df40,C:\deepfake_eval\leakfree_eval\sessions\validation\validation_real_only_01.mp4,226,0.23286962509155273,0.8802114129066467,0,1,26569,720x720
xception_df40,C:\deepfake_eval\leakfree_eval\sessions\validation\validation_real_only_01.mp4,227,0.2556094825267792,0.8361962139606476,1,2,29929,503x503
xception_df40,C:\deepfake_eval\leakfree_eval\sessions\validation\validation_real_only_01.mp4,228,0.38096457719802856,0.7949690004189809,1,1,30976,503x503
xception_df40,C:\deepfake_eval\leakfree_eval\sessions\validation\validation_real_only_01.mp4,229,0.28071725368499756,0.7470174372196198,1,1,30976,503x503
xception_df40,C:\deepfake_eval\leakfree_eval\sessions\validation\validation_real_only_01.mp4,230,0.3243488669395447,0.7019744416077932,1,2,32041,503x503
xception_df40,C:\deepfake_eval\leakfree_eval\sessions\validation\validation_real_only_01.mp4,231,0.21062137186527252,0.6517457554737727,1,2,32041,503x503
xception_df40,C:\deepfake_eval\leakfree_eval\sessions\validation\validation_real_only_01.mp4,232,0.22265395522117615,0.6000112662712733,1,2,31329,503x503
xception_df40,C:\deepfake_eval\leakfree_eval\sessions\validation\validation_real_only_01.mp4,233,0.4602963328361511,0.5642825772364934,1,3,32761,503x503
xception_df40,C:\deepfake_eval\leakfree_eval\sessions\validation\validation_real_only_01.mp4,234,0.6207899451255798,0.5392997950315476,1,1,32400,503x503
xception_df40,C:\deepfake_eval\leakfree_eval\sessions\validation\validation_real_only_01.mp4,235,0.4179932773113251,0.513312875231107,1,2,31684,503x503
xception_df40,C:\deepfake_eval\leakfree_eval\sessions\validation\validation_real_only_01.mp4,236,0.2930409908294678,0.4662010341882706,1,2,33124,503x503
xception_df40,C:\deepfake_eval\leakfree_eval\sessions\validation\validation_real_only_01.mp4,237,0.21196119487285614,0.4137304882208506,1,1,32400,503x503
xception_df40,C:\deepfake_eval\leakfree_eval\sessions\validation\validation_real_only_01.mp4,238,0.3578394949436188,0.37896344661712644,0,2,14161,720x720
xception_df40,C:\deepfake_eval\leakfree_eval\sessions\validation\validation_real_only_01.mp4,239,0.654154896736145,0.37639764149983723,0,1,15129,720x720
xception_df40,C:\deepfake_eval\leakfree_eval\sessions\validation\validation_real_only_01.mp4,240,0.7785314917564392,0.38015951712926227,0,1,13924,720x720
xception_df40,C:\deepfake_eval\leakfree_eval\sessions\validation\validation_real_only_01.mp4,241,0.7905113697052002,0.41733563343683877,0,3,15876,720x720
xception_df40,C:\deepfake_eval\leakfree_eval\sessions\validation\validation_real_only_01.mp4,242,0.8016830682754517,0.45374053915341694,1,3,28224,503x503
xception_df40,C:\deepfake_eval\leakfree_eval\sessions\validation\validation_real_only_01.mp4,243,0.7798277139663696,0.48033141493797304,0,2,14161,720x720
xception_df40,C:\deepfake_eval\leakfree_eval\sessions\validation\validation_real_only_01.mp4,244,0.9160778522491455,0.5226887881755828,0,2,14641,720x720
xception_df40,C:\deepfake_eval\leakfree_eval\sessions\validation\validation_real_only_01.mp4,245,0.829255998134613,0.5563492635885875,0,1,13225,720x720
xception_df40,C:\deepfake_eval\leakfree_eval\sessions\validation\validation_real_only_01.mp4,246,0.8507105112075806,0.5990218728780746,0,4,14161,720x720
xception_df40,C:\deepfake_eval\leakfree_eval\sessions\validation\validation_real_only_01.mp4,247,0.9639332890510559,0.6484404951334,0,2,14161,720x720
xception_df40,C:\deepfake_eval\leakfree_eval\sessions\validation\validation_real_only_01.mp4,248,0.7372141480445862,0.6669016828139623,0,2,13689,720x720
xception_df40,C:\deepfake_eval\leakfree_eval\sessions\validation\validation_real_only_01.mp4,249,0.6842036843299866,0.6711292654275894,1,1,105625,503x503
xception_df40,C:\deepfake_eval\leakfree_eval\sessions\validation\validation_real_only_01.mp4,250,0.004778309725224972,0.6435816009218495,1,1,97344,503x503
xception_df40,C:\deepfake_eval\leakfree_eval\sessions\validation\validation_real_only_01.mp4,251,0.03614821657538414,0.6264554159715772,1,1,102400,503x503
xception_df40,C:\deepfake_eval\leakfree_eval\sessions\validation\validation_real_only_01.mp4,252,0.005287023726850748,0.6126771378951769,1,1,101124,503x503
xception_df40,C:\deepfake_eval\leakfree_eval\sessions\validation\validation_real_only_01.mp4,253,0.012747354805469513,0.5896709952193002,1,1,93636,503x503
xception_df40,C:\deepfake_eval\leakfree_eval\sessions\validation\validation_real_only_01.mp4,254,0.009049227461218834,0.5466639506009717,1,1,91204,503x503
xception_df40,C:\deepfake_eval\leakfree_eval\sessions\validation\validation_real_only_01.mp4,255,0.017752215266227722,0.495945332168291,1,1,90601,503x503
xception_df40,C:\deepfake_eval\leakfree_eval\sessions\validation\validation_real_only_01.mp4,256,0.004138057120144367,0.44352044466262064,1,1,91809,503x503
xception_df40,C:\deepfake_eval\leakfree_eval\sessions\validation\validation_real_only_01.mp4,257,0.013693933375179768,0.39098783566926915,1,1,88209,503x503
xception_df40,C:\deepfake_eval\leakfree_eval\sessions\validation\validation_real_only_01.mp4,258,0.01200141292065382,0.3397994155995548,1,2,90601,503x503
xception_df40,C:\deepfake_eval\leakfree_eval\sessions\validation\validation_real_only_01.mp4,259,0.3424761891365051,0.30155930472537873,1,1,91809,503x503
xception_df40,C:\deepfake_eval\leakfree_eval\sessions\validation\validation_real_only_01.mp4,260,0.03526013717055321,0.24862624732777477,1,1,93636,503x503
xception_df40,C:\deepfake_eval\leakfree_eval\sessions\validation\validation_real_only_01.mp4,261,0.7947561144828796,0.2448959542127947,1,1,59536,503x503
xception_df40,C:\deepfake_eval\leakfree_eval\sessions\validation\validation_real_only_01.mp4,262,0.2954554557800293,0.2003307653280596,1,1,58081,503x503
xception_df40,C:\deepfake_eval\leakfree_eval\sessions\validation\validation_real_only_01.mp4,263,0.06892181187868118,0.15577794291699926,1,1,59536,503x503
xception_df40,C:\deepfake_eval\leakfree_eval\sessions\validation\validation_real_only_01.mp4,264,0.7356628179550171,0.15920855182533464,1,1,69169,503x503
xception_df40,C:\deepfake_eval\leakfree_eval\sessions\validation\validation_real_only_01.mp4,265,0.42120039463043213,0.18697002415234845,1,1,63504,503x503
xception_df40,C:\deepfake_eval\leakfree_eval\sessions\validation\validation_real_only_01.mp4,266,0.5857844352722168,0.2236124387321373,1,1,66564,503x503
xception_df40,C:\deepfake_eval\leakfree_eval\sessions\validation\validation_real_only_01.mp4,267,0.8526930809020996,0.28010617587715386,1,1,61504,503x503
xception_df40,C:\deepfake_eval\leakfree_eval\sessions\validation\validation_real_only_01.mp4,268,0.4356176555156708,0.30829752925783394,1,1,64009,503x503
xception_df40,C:\deepfake_eval\leakfree_eval\sessions\validation\validation_real_only_01.mp4,269,0.07184144109487534,0.31248367683341105,1,1,63504,503x503
xception_df40,C:\deepfake_eval\leakfree_eval\sessions\validation\validation_real_only_01.mp4,270,0.15157942473888397,0.3214054907982548,1,1,63001,503x503
xception_df40,C:\deepfake_eval\leakfree_eval\sessions\validation\validation_real_only_01.mp4,271,0.7690967917442322,0.372402739773194,1,1,63001,503x503
xception_df40,C:\deepfake_eval\leakfree_eval\sessions\validation\validation_real_only_01.mp4,272,0.9416235685348511,0.43426471545050543,1,1,58081,503x503
xception_df40,C:\deepfake_eval\leakfree_eval\sessions\validation\validation_real_only_01.mp4,273,0.9199985265731812,0.4947978563606739,1,1,68121,503x503
xception_df40,C:\deepfake_eval\leakfree_eval\sessions\validation\validation_real_only_01.mp4,274,0.09374531358480453,0.4782157979905605,1,1,64009,503x503
xception_df40,C:\deepfake_eval\leakfree_eval\sessions\validation\validation_real_only_01.mp4,275,0.4341403841972351,0.504807814459006,1,1,90000,503x503
xception_df40,C:\deepfake_eval\leakfree_eval\sessions\validation\validation_real_only_01.mp4,276,0.010739599354565144,0.452540046783785,1,4,56169,503x503
xception_df40,C:\deepfake_eval\leakfree_eval\sessions\validation\validation_real_only_01.mp4,277,0.6630474328994751,0.4770461785917481,1,4,60516,503x503
xception_df40,C:\deepfake_eval\leakfree_eval\sessions\validation\validation_real_only_01.mp4,278,0.03244159743189812,0.47461416429529585,1,3,63001,503x503
xception_df40,C:\deepfake_eval\leakfree_eval\sessions\validation\validation_real_only_01.mp4,279,0.0028929379768669605,0.4257628389634192,1,3,63504,503x503
xception_df40,C:\deepfake_eval\leakfree_eval\sessions\validation\validation_real_only_01.mp4,280,0.2128751128911972,0.4118744868474702,1,1,54289,503x503
xception_df40,C:\deepfake_eval\leakfree_eval\sessions\validation\validation_real_only_01.mp4,281,0.06631503999233246,0.3772431938288113,1,1,55225,503x503
xception_df40,C:\deepfake_eval\leakfree_eval\sessions\validation\validation_real_only_01.mp4,282,0.002713562920689583,0.3205778926300506,1,1,63001,503x503
xception_df40,C:\deepfake_eval\leakfree_eval\sessions\validation\validation_real_only_01.mp4,283,0.018330272287130356,0.29275873374814787,1,1,63504,503x503
xception_df40,C:\deepfake_eval\leakfree_eval\sessions\validation\validation_real_only_01.mp4,284,0.00287675391882658,0.2881610879364113,1,1,50176,503x503
xception_df40,C:\deepfake_eval\leakfree_eval\sessions\validation\validation_real_only_01.mp4,285,0.00042131394729949534,0.2780838805503057,1,1,59049,503x503
xception_df40,C:\deepfake_eval\leakfree_eval\sessions\validation\validation_real_only_01.mp4,286,0.00047182876733131707,0.22684221635184562,1,1,57121,503x503
xception_df40,C:\deepfake_eval\leakfree_eval\sessions\validation\validation_real_only_01.mp4,287,0.009319266304373741,0.16468859620314713,1,1,58081,503x503
xception_df40,C:\deepfake_eval\leakfree_eval\sessions\validation\validation_real_only_01.mp4,288,0.00022986301337368786,0.10337068529915996,1,1,62500,503x503
xception_df40,C:\deepfake_eval\leakfree_eval\sessions\validation\validation_real_only_01.mp4,289,0.006318932399153709,0.09754225988678324,1,1,65536,503x503
xception_df40,C:\deepfake_eval\leakfree_eval\sessions\validation\validation_real_only_01.mp4,290,0.0050157406367361546,0.0689339503160833,1,1,60516,503x503
xception_df40,C:\deepfake_eval\leakfree_eval\sessions\validation\validation_real_only_01.mp4,291,0.05115031450986862,0.07162799799310354,1,1,60516,503x503
xception_df40,C:\deepfake_eval\leakfree_eval\sessions\validation\validation_real_only_01.mp4,292,0.924702525138855,0.0890716708090622,1,1,73984,503x503
xception_df40,C:\deepfake_eval\leakfree_eval\sessions\validation\validation_real_only_01.mp4,293,0.5351475477218628,0.12258540082839317,1,1,155236,591x591
xception_df40,C:\deepfake_eval\leakfree_eval\sessions\validation\validation_real_only_01.mp4,294,0.031339433044195175,0.12448183383288172,1,1,154449,589x589
xception_df40,C:\deepfake_eval\leakfree_eval\sessions\validation\validation_real_only_01.mp4,295,0.013914838433265686,0.11121781553568628,1,1,151321,583x583
xception_df40,C:\deepfake_eval\leakfree_eval\sessions\validation\validation_real_only_01.mp4,296,0.992476761341095,0.17296193029227044,1,1,164836,609x609
xception_df40,C:\deepfake_eval\leakfree_eval\sessions\validation\validation_real_only_01.mp4,297,0.6827003955841064,0.2182943858031649,1,2,139129,559x559
xception_df40,C:\deepfake_eval\leakfree_eval\sessions\validation\validation_real_only_01.mp4,298,0.9998273253440857,0.2837275226736286,1,2,145924,573x573
xception_df40,C:\deepfake_eval\leakfree_eval\sessions\validation\validation_real_only_01.mp4,299,0.9987784028053284,0.35012096593272873,1,1,148996,579x579
xception_df40,C:\deepfake_eval\leakfree_eval\sessions\validation\validation_real_only_01.mp4,300,0.9690278768539429,0.4146947367931716,1,1,156025,592x592
xception_df40,C:\deepfake_eval\leakfree_eval\sessions\validation\validation_real_only_01.mp4,301,0.997180700302124,0.48114199489549114,1,1,159201,598x598
xception_df40,C:\deepfake_eval\leakfree_eval\sessions\validation\validation_real_only_01.mp4,302,0.08610440045595169,0.4862610038389297,1,1,166464,612x612
xception_df40,C:\deepfake_eval\leakfree_eval\sessions\validation\validation_real_only_01.mp4,303,0.05679016560316086,0.4900316906782488,1,1,172225,622x622
xception_df40,C:\deepfake_eval\leakfree_eval\sessions\validation\validation_real_only_01.mp4,304,0.004717567935585976,0.4899249330473443,1,1,163216,606x606
xception_df40,C:\deepfake_eval\leakfree_eval\sessions\validation\validation_real_only_01.mp4,305,0.005595440976321697,0.48996357973665,1,1,167281,613x613
xception_df40,C:\deepfake_eval\leakfree_eval\sessions\validation\validation_real_only_01.mp4,306,0.017889173701405525,0.48774617034941914,1,1,167281,613x613
xception_df40,C:\deepfake_eval\leakfree_eval\sessions\validation\validation_real_only_01.mp4,307,0.004609629511833191,0.42640664397428435,1,1,167281,613x613
xception_df40,C:\deepfake_eval\leakfree_eval\sessions\validation\validation_real_only_01.mp4,308,0.01848459802567959,0.3919624473278721,1,1,153664,588x588
xception_df40,C:\deepfake_eval\leakfree_eval\sessions\validation\validation_real_only_01.mp4,309,0.5380815267562866,0.4257452535753449,1,1,152100,585x585
xception_df40,C:\deepfake_eval\leakfree_eval\sessions\validation\validation_real_only_01.mp4,310,0.00534053472802043,0.4251736333283285,1,2,73984,503x503
xception_df40,C:\deepfake_eval\leakfree_eval\sessions\validation\validation_real_only_01.mp4,311,0.0006060257437638938,0.35904891762183977,1,2,73984,503x503
xception_df40,C:\deepfake_eval\leakfree_eval\sessions\validation\validation_real_only_01.mp4,312,0.0015214550076052547,0.313636988250073,1,2,78400,503x503
xception_df40,C:\deepfake_eval\leakfree_eval\sessions\validation\validation_real_only_01.mp4,313,0.009761523455381393,0.24763260145749275,1,2,75076,503x503
xception_df40,C:\deepfake_eval\leakfree_eval\sessions\validation\validation_real_only_01.mp4,314,0.06262779235839844,0.18522256076103077,1,2,75076,503x503
xception_df40,C:\deepfake_eval\leakfree_eval\sessions\validation\validation_real_only_01.mp4,315,0.014860850758850574,0.1216114256880246,1,2,78400,503x503
xception_df40,C:\deepfake_eval\leakfree_eval\sessions\validation\validation_real_only_01.mp4,316,0.002912308322265744,0.05532686622270073,1,2,74529,503x503
xception_df40,C:\deepfake_eval\leakfree_eval\sessions\validation\validation_real_only_01.mp4,317,0.004883722867816687,0.049912154383491725,1,1,80656,503x503
xception_df40,C:\deepfake_eval\leakfree_eval\sessions\validation\validation_real_only_01.mp4,318,0.06577569991350174,0.05051119000418112,1,2,70756,503x503
xception_df40,C:\deepfake_eval\leakfree_eval\sessions\validation\validation_real_only_01.mp4,319,0.0026750138495117426,0.05037501973177617,1,2,73441,503x503
xception_df40,C:\deepfake_eval\leakfree_eval\sessions\validation\validation_real_only_01.mp4,320,0.010722478851675987,0.050716822256799785,1,2,75625,503x503
xception_df40,C:\deepfake_eval\leakfree_eval\sessions\validation\validation_real_only_01.mp4,321,0.892446756362915,0.10902066110090042,1,1,73984,503x503
xception_df40,C:\deepfake_eval\leakfree_eval\sessions\validation\validation_real_only_01.mp4,322,0.0052972896955907345,0.10906650511315093,1,2,74529,503x503
xception_df40,C:\deepfake_eval\leakfree_eval\sessions\validation\validation_real_only_01.mp4,323,0.01195406261831522,0.1086311360859933,1,2,69169,503x503
xception_df40,C:\deepfake_eval\leakfree_eval\sessions\validation\validation_real_only_01.mp4,324,0.2250557690858841,0.0877627522412998,1,2,70756,503x503
xception_df40,C:\deepfake_eval\leakfree_eval\sessions\validation\validation_real_only_01.mp4,325,0.030439289286732674,0.08943600254521394,1,1,72361,503x503
xception_df40,C:\deepfake_eval\leakfree_eval\sessions\validation\validation_real_only_01.mp4,326,0.006365129258483648,0.0898199427795286,1,2,75625,503x503
xception_df40,C:\deepfake_eval\leakfree_eval\sessions\validation\validation_real_only_01.mp4,327,0.002005807589739561,0.08985223295167089,1,1,64009,503x503
xception_df40,C:\deepfake_eval\leakfree_eval\sessions\validation\validation_real_only_01.mp4,328,0.06107403710484505,0.09327306719496846,1,2,72361,503x503
xception_df40,C:\deepfake_eval\leakfree_eval\sessions\validation\validation_real_only_01.mp4,329,0.17813926935195923,0.10097383232787252,1,1,72361,503x503
xception_df40,C:\deepfake_eval\leakfree_eval\sessions\validation\validation_real_only_01.mp4,330,0.03415018320083618,0.10225978782400488,1,1,73441,503x503
xception_df40,C:\deepfake_eval\leakfree_eval\sessions\validation\validation_real_only_01.mp4,331,0.04781767353415489,0.10525347883813083,1,1,74529,503x503
xception_df40,C:\deepfake_eval\leakfree_eval\sessions\validation\validation_real_only_01.mp4,332,0.005328860599547625,0.10528315468691289,1,2,80656,503x503
xception_df40,C:\deepfake_eval\leakfree_eval\sessions\validation\validation_real_only_01.mp4,333,0.02598213218152523,0.10263025017144779,1,1,51984,503x503
xception_df40,C:\deepfake_eval\leakfree_eval\sessions\validation\validation_real_only_01.mp4,334,0.003111736150458455,0.1026593649915109,1,1,54756,503x503
xception_df40,C:\deepfake_eval\leakfree_eval\sessions\validation\validation_real_only_01.mp4,335,0.011379639618098736,0.10270317570927243,1,1,45796,503x503
xception_df40,C:\deepfake_eval\leakfree_eval\sessions\validation\validation_real_only_01.mp4,336,0.058894429355859756,0.04713302057546874,1,1,49284,503x503
xception_df40,C:\deepfake_eval\leakfree_eval\sessions\validation\validation_real_only_01.mp4,337,0.003128781681880355,0.04698845337455471,1,2,77841,503x503
xception_df40,C:\deepfake_eval\leakfree_eval\sessions\validation\validation_real_only_01.mp4,338,0.057114023715257645,0.04999911744768421,1,2,70225,503x503
xception_df40,C:\deepfake_eval\leakfree_eval\sessions\validation\validation_real_only_01.mp4,339,0.10076303780078888,0.04171293536201119,1,1,50625,503x503
xception_df40,C:\deepfake_eval\leakfree_eval\sessions\validation\validation_real_only_01.mp4,340,0.025324787944555283,0.04137196860586603,1,1,52900,503x503
xception_df40,C:\deepfake_eval\leakfree_eval\sessions\validation\validation_real_only_01.mp4,341,0.015829917043447495,0.042002954458196955,1,2,73984,503x503
xception_df40,C:\deepfake_eval\leakfree_eval\sessions\validation\validation_real_only_01.mp4,342,0.010041934438049793,0.042538696248084304,1,2,78961,503x503
xception_df40,C:\deepfake_eval\leakfree_eval\sessions\validation\validation_real_only_01.mp4,343,0.9996204376220703,0.10510845628256599,1,1,64009,503x503
xception_df40,C:\deepfake_eval\leakfree_eval\sessions\validation\validation_real_only_01.mp4,344,0.9997933506965637,0.15988539503887295,1,1,59049,503x503
xception_df40,C:\deepfake_eval\leakfree_eval\sessions\validation\validation_real_only_01.mp4,345,0.9993776679039001,0.22423389401907723,1,1,62500,503x503
xception_df40,C:\deepfake_eval\leakfree_eval\sessions\validation\validation_real_only_01.mp4,346,0.9990418553352356,0.2876488394724826,1,1,61504,503x503
xception_df40,C:\deepfake_eval\leakfree_eval\sessions\validation\validation_real_only_01.mp4,347,0.9936089515686035,0.35353417887041966,1,1,61504,503x503
xception_df40,C:\deepfake_eval\leakfree_eval\sessions\validation\validation_real_only_01.mp4,348,0.9801751971244812,0.4171470498666167,1,1,60025,503x503
xception_df40,C:\deepfake_eval\leakfree_eval\sessions\validation\validation_real_only_01.mp4,349,0.9987553358078003,0.48352328984377285,1,1,59049,503x503
xception_df40,C:\deepfake_eval\leakfree_eval\sessions\validation\validation_real_only_01.mp4,350,0.9910656809806824,0.5488356926012784,1,1,63001,503x503
xception_df40,C:\deepfake_eval\leakfree_eval\sessions\validation\validation_real_only_01.mp4,351,0.8057438135147095,0.5986256515452018,1,1,144400,570x570
xception_df40,C:\deepfake_eval\leakfree_eval\sessions\validation\validation_real_only_01.mp4,352,0.6001758575439453,0.638428789936006,1,1,142884,567x567
xception_df40,C:\deepfake_eval\leakfree_eval\sessions\validation\validation_real_only_01.mp4,353,0.8627759218215942,0.6921395831430952,1,1,142884,567x567
xception_df40,C:\deepfake_eval\leakfree_eval\sessions\validation\validation_real_only_01.mp4,354,0.9248424768447876,0.7470782124126951,1,1,139876,561x561
xception_df40,C:\deepfake_eval\leakfree_eval\sessions\validation\validation_real_only_01.mp4,355,0.9523863792419434,0.8088823184991877,1,1,142129,565x565
xception_df40,C:\deepfake_eval\leakfree_eval\sessions\validation\validation_real_only_01.mp4,356,0.9933379888534546,0.8740495232865214,1,1,143641,568x568
xception_df40,C:\deepfake_eval\leakfree_eval\sessions\validation\validation_real_only_01.mp4,357,0.5672045350074768,0.9111936966578166,1,1,141376,564x564
xception_df40,C:\deepfake_eval\leakfree_eval\sessions\validation\validation_real_only_01.mp4,358,0.9579135775566101,0.9084132393201192,1,1,149769,580x580
xception_df40,C:\deepfake_eval\leakfree_eval\sessions\validation\validation_real_only_01.mp4,359,0.7213423848152161,0.889849841594696,1,2,145924,573x573
xception_df40,C:\deepfake_eval\leakfree_eval\sessions\validation\validation_real_only_01.mp4,360,0.9999806880950928,0.8898900429407756,1,2,116964,513x513
xception_df40,C:\deepfake_eval\leakfree_eval\sessions\validation\validation_real_only_01.mp4,361,0.9953125715255737,0.8896414240201315,1,2,155236,591x591
xception_df40,C:\deepfake_eval\leakfree_eval\sessions\validation\validation_real_only_01.mp4,362,0.9680026173591614,0.8879343350728353,1,1,164025,607x607
xception_df40,C:\deepfake_eval\leakfree_eval\sessions\validation\validation_real_only_01.mp4,363,0.9976980090141296,0.8891025225321452,1,2,154449,589x589
xception_df40,C:\deepfake_eval\leakfree_eval\sessions\validation\validation_real_only_01.mp4,364,0.9989099502563477,0.8891128301620483,1,2,139129,559x559
xception_df40,C:\deepfake_eval\leakfree_eval\sessions\validation\validation_real_only_01.mp4,365,0.41451534628868103,0.8506761411825816,1,1,169744,618x618
xception_df40,C:\deepfake_eval\leakfree_eval\sessions\validation\validation_real_only_01.mp4,366,0.9962449669837952,0.8633762180805207,1,1,185761,646x646
xception_df40,C:\deepfake_eval\leakfree_eval\sessions\validation\validation_real_only_01.mp4,367,0.9717089533805847,0.8881450911362966,1,1,168921,616x616
xception_df40,C:\deepfake_eval\leakfree_eval\sessions\validation\validation_real_only_01.mp4,368,0.9927716851234436,0.8968114753564199,1,1,179776,636x636
xception_df40,C:\deepfake_eval\leakfree_eval\sessions\validation\validation_real_only_01.mp4,369,0.978675365447998,0.9004003345966339,1,1,172225,622x622
xception_df40,C:\deepfake_eval\leakfree_eval\sessions\validation\validation_real_only_01.mp4,370,0.9999884366989136,0.9035738050937653,1,2,146689,574x574
xception_df40,C:\deepfake_eval\leakfree_eval\sessions\validation\validation_real_only_01.mp4,371,0.513192355632782,0.8715640962123871,1,1,141376,564x564
xception_df40,C:\deepfake_eval\leakfree_eval\sessions\validation\validation_real_only_01.mp4,372,0.1640395224094391,0.8446864287058512,1,1,142884,567x567
xception_df40,C:\deepfake_eval\leakfree_eval\sessions\validation\validation_real_only_01.mp4,373,0.8103432655334473,0.834848407904307,1,1,134689,550x550
xception_df40,C:\deepfake_eval\leakfree_eval\sessions\validation\validation_real_only_01.mp4,374,0.34799739718437195,0.8099587420622508,1,1,36864,503x503
xception_df40,C:\deepfake_eval\leakfree_eval\sessions\validation\validation_real_only_01.mp4,375,0.018613651394844055,0.7445342729489008,1,3,39204,503x503
xception_df40,C:\deepfake_eval\leakfree_eval\sessions\validation\validation_real_only_01.mp4,376,0.04092524200677872,0.6809084509809812,1,2,37249,503x503
xception_df40,C:\deepfake_eval\leakfree_eval\sessions\validation\validation_real_only_01.mp4,377,0.013441375456750393,0.6172710348541538,1,3,39601,503x503
xception_df40,C:\deepfake_eval\leakfree_eval\sessions\validation\validation_real_only_01.mp4,378,0.4075336754322052,0.5779267459486922,1,2,32400,503x503
xception_df40,C:\deepfake_eval\leakfree_eval\sessions\validation\validation_real_only_01.mp4,379,0.01539561990648508,0.512359123925368,1,2,37249,503x503
xception_df40,C:\deepfake_eval\leakfree_eval\sessions\validation\validation_real_only_01.mp4,380,0.043735671788454056,0.4876404789586862,1,2,35344,503x503
xception_df40,C:\deepfake_eval\leakfree_eval\sessions\validation\validation_real_only_01.mp4,381,0.2478027492761612,0.4377443311115106,1,3,35344,503x503
xception_df40,C:\deepfake_eval\leakfree_eval\sessions\validation\validation_real_only_01.mp4,382,0.07773373275995255,0.37814598307013514,1,2,36100,503x503
xception_df40,C:\deepfake_eval\leakfree_eval\sessions\validation\validation_real_only_01.mp4,383,0.19771379232406616,0.32514212355017663,1,2,220900,705x705
xception_df40,C:\deepfake_eval\leakfree_eval\sessions\validation\validation_real_only_01.mp4,384,1.0,0.32656376585364344,1,3,48841,503x503
xception_df40,C:\deepfake_eval\leakfree_eval\sessions\validation\validation_real_only_01.mp4,385,0.13007330894470215,0.26856942400336264,1,2,36864,503x503
xception_df40,C:\deepfake_eval\leakfree_eval\sessions\validation\validation_real_only_01.mp4,386,0.011250266805291176,0.23510661808152994,1,4,38025,503x503
xception_df40,C:\deepfake_eval\leakfree_eval\sessions\validation\validation_real_only_01.mp4,387,0.2090994417667389,0.23811061270534992,1,1,36100,503x503
xception_df40,C:\deepfake_eval\leakfree_eval\sessions\validation\validation_real_only_01.mp4,388,0.019546540454030037,0.18539083103338877,1,2,38809,503x503
xception_df40,C:\deepfake_eval\leakfree_eval\sessions\validation\validation_real_only_01.mp4,389,0.026857750490307808,0.16398152125378448,1,1,39204,503x503
xception_df40,C:\deepfake_eval\leakfree_eval\sessions\validation\validation_real_only_01.mp4,390,0.9998879432678223,0.2293998073786497,1,4,39601,503x503
xception_df40,C:\deepfake_eval\leakfree_eval\sessions\validation\validation_real_only_01.mp4,391,0.44367650151252747,0.25624989134569964,1,1,108900,503x503
xception_df40,C:\deepfake_eval\leakfree_eval\sessions\validation\validation_real_only_01.mp4,392,0.3405603766441345,0.2780578247581919,1,1,90000,503x503
xception_df40,C:\deepfake_eval\leakfree_eval\sessions\validation\validation_real_only_01.mp4,393,0.06444329023361206,0.25518513241161905,0,0,,720x720
xception_df40,C:\deepfake_eval\leakfree_eval\sessions\validation\validation_real_only_01.mp4,394,0.07874388247728348,0.25940834991633893,0,0,,720x720
xception_df40,C:\deepfake_eval\leakfree_eval\sessions\validation\validation_real_only_01.mp4,395,0.18005818128585815,0.26849651721616585,0,0,,720x720
xception_df40,C:\deepfake_eval\leakfree_eval\sessions\validation\validation_real_only_01.mp4,396,0.564633309841156,0.2896185545871655,0,0,,720x720
xception_df40,C:\deepfake_eval\leakfree_eval\sessions\validation\validation_real_only_01.mp4,397,0.002749592997133732,0.2846196119363109,1,1,38416,503x503
xception_df40,C:\deepfake_eval\leakfree_eval\sessions\validation\validation_real_only_01.mp4,398,0.002826553536579013,0.27162712935047845,1,1,57121,503x503
xception_df40,C:\deepfake_eval\leakfree_eval\sessions\validation\validation_real_only_01.mp4,399,0.21274223923683167,0.2191432786329339,0,0,,720x720
xception_df40,C:\deepfake_eval\leakfree_eval\sessions\validation\validation_real_only_01.mp4,400,0.5720378756523132,0.24860758308010797,0,0,,720x720
xception_df40,C:\deepfake_eval\leakfree_eval\sessions\validation\validation_real_only_01.mp4,401,0.3094877004623413,0.26849007865724467,0,0,,720x720
xception_df40,C:\deepfake_eval\leakfree_eval\sessions\validation\validation_real_only_01.mp4,402,0.1265430897474289,0.26298632185595733,0,0,,720x720
xception_df40,C:\deepfake_eval\leakfree_eval\sessions\validation\validation_real_only_01.mp4,403,0.7146292328834534,0.3093251680179189,0,0,,720x720
xception_df40,C:\deepfake_eval\leakfree_eval\sessions\validation\validation_real_only_01.mp4,404,0.0545695498585701,0.31117262130913637,0,1,10000,720x720
xception_df40,C:\deepfake_eval\leakfree_eval\sessions\validation\validation_real_only_01.mp4,405,0.19495777785778046,0.2575106102818002,0,0,,720x720
xception_df40,C:\deepfake_eval\leakfree_eval\sessions\validation\validation_real_only_01.mp4,406,0.04812702536582947,0.23114064520535368,0,0,,720x720
xception_df40,C:\deepfake_eval\leakfree_eval\sessions\validation\validation_real_only_01.mp4,407,0.14300014078617096,0.21796996281482278,0,0,,720x720
xception_df40,C:\deepfake_eval\leakfree_eval\sessions\validation\validation_real_only_01.mp4,408,0.13079530000686646,0.22239343013303975,0,0,,720x720
xception_df40,C:\deepfake_eval\leakfree_eval\sessions\validation\validation_real_only_01.mp4,409,0.9997772574424744,0.28379565513071914,1,2,114244,507x507
xception_df40,C:\deepfake_eval\leakfree_eval\sessions\validation\validation_real_only_01.mp4,410,0.9999853372573853,0.33845746552882094,1,1,131769,544x544
xception_df40,C:\deepfake_eval\leakfree_eval\sessions\validation\validation_real_only_01.mp4,411,0.9996994733810425,0.36746187643148004,0,0,,720x720
xception_df40,C:\deepfake_eval\leakfree_eval\sessions\validation\validation_real_only_01.mp4,412,0.9559510350227356,0.43100863923318683,1,1,123904,528x528
xception_df40,C:\deepfake_eval\leakfree_eval\sessions\validation\validation_real_only_01.mp4,413,0.9688730835914612,0.49541174123684567,1,1,116281,511x511
xception_df40,C:\deepfake_eval\leakfree_eval\sessions\validation\validation_real_only_01.mp4,414,0.4464419186115265,0.5109917198618253,1,1,114244,507x507
xception_df40,C:\deepfake_eval\leakfree_eval\sessions\validation\validation_real_only_01.mp4,415,0.9997225403785706,0.5395040308435758,1,1,125316,531x531
xception_df40,C:\deepfake_eval\leakfree_eval\sessions\validation\validation_real_only_01.mp4,416,0.6980600357055664,0.5654088531931242,1,1,112896,504x504
xception_df40,C:\deepfake_eval\leakfree_eval\sessions\validation\validation_real_only_01.mp4,417,0.9999756813049316,0.623637692630291,1,1,128164,537x537
xception_df40,C:\deepfake_eval\leakfree_eval\sessions\validation\validation_real_only_01.mp4,418,0.908869743347168,0.6365870599945386,1,1,111556,503x503
xception_df40,C:\deepfake_eval\leakfree_eval\sessions\validation\validation_real_only_01.mp4,419,0.4093059301376343,0.6602361520131429,1,1,114921,508x508
xception_df40,C:\deepfake_eval\leakfree_eval\sessions\validation\validation_real_only_01.mp4,420,0.9890601634979248,0.7131763110558192,1,1,117649,514x514
xception_df40,C:\deepfake_eval\leakfree_eval\sessions\validation\validation_real_only_01.mp4,421,0.9938854575157166,0.776226873199145,1,1,119025,517x517
xception_df40,C:\deepfake_eval\leakfree_eval\sessions\validation\validation_real_only_01.mp4,422,0.9909692406654358,0.8327581465244294,1,1,118336,516x516
xception_df40,C:\deepfake_eval\leakfree_eval\sessions\validation\validation_real_only_01.mp4,423,0.8424183130264282,0.8801996807257334,0,1,16129,720x720
xception_df40,C:\deepfake_eval\leakfree_eval\sessions\validation\validation_real_only_01.mp4,424,0.21795594692230225,0.8280782600243887,0,1,17689,720x720
xception_df40,C:\deepfake_eval\leakfree_eval\sessions\validation\validation_real_only_01.mp4,425,0.7265976667404175,0.8098524153232575,0,1,17161,720x720
xception_df40,C:\deepfake_eval\leakfree_eval\sessions\validation\validation_real_only_01.mp4,426,0.3481220006942749,0.7664139171441396,0,1,25281,720x720
xception_df40,C:\deepfake_eval\leakfree_eval\sessions\validation\validation_real_only_01.mp4,427,0.18269753456115723,0.7148636837800344,0,1,22201,720x720
xception_df40,C:\deepfake_eval\leakfree_eval\sessions\validation\validation_real_only_01.mp4,428,0.6118192076683044,0.691060092051824,0,1,20736,720x720
xception_df40,C:\deepfake_eval\leakfree_eval\sessions\validation\validation_real_only_01.mp4,429,0.21666598320007324,0.6757416963577271,0,1,19044,720x720
xception_df40,C:\deepfake_eval\leakfree_eval\sessions\validation\validation_real_only_01.mp4,430,0.2843348979949951,0.6280491868654887,0,1,16641,720x720
xception_df40,C:\deepfake_eval\leakfree_eval\sessions\validation\validation_real_only_01.mp4,431,0.5847283601760864,0.62049374183019,0,1,15625,720x720
xception_df40,C:\deepfake_eval\leakfree_eval\sessions\validation\validation_real_only_01.mp4,432,0.5142083168029785,0.5881092508633932,0,1,16129,720x720
xception_df40,C:\deepfake_eval\leakfree_eval\sessions\validation\validation_real_only_01.mp4,433,0.48307502269744873,0.5597229361534118,0,1,15876,720x720
xception_df40,C:\deepfake_eval\leakfree_eval\sessions\validation\validation_real_only_01.mp4,434,0.15736155211925507,0.54292664428552,0,1,17161,720x720
xception_df40,C:\deepfake_eval\leakfree_eval\sessions\validation\validation_real_only_01.mp4,435,0.43048521876335144,0.5056883146365484,0,1,15876,720x720
xception_df40,C:\deepfake_eval\leakfree_eval\sessions\validation\validation_real_only_01.mp4,436,0.24005965888500214,0.45543326139450074,0,1,16384,720x720
xception_df40,C:\deepfake_eval\leakfree_eval\sessions\validation\validation_real_only_01.mp4,437,0.1891118586063385,0.40197610259056094,0,2,25921,720x720
xception_df40,C:\deepfake_eval\leakfree_eval\sessions\validation\validation_real_only_01.mp4,438,0.14322830736637115,0.3553634355465571,0,1,16641,720x720
xception_df40,C:\deepfake_eval\leakfree_eval\sessions\validation\validation_real_only_01.mp4,439,0.3293994069099426,0.36279299954573313,0,2,15376,720x720
xception_df40,C:\deepfake_eval\leakfree_eval\sessions\validation\validation_real_only_01.mp4,440,0.5231090188026428,0.3492270896832148,0,2,15376,720x720
xception_df40,C:\deepfake_eval\leakfree_eval\sessions\validation\validation_real_only_01.mp4,441,0.3597390949726105,0.35000156263510385,0,1,16641,720x720
xception_df40,C:\deepfake_eval\leakfree_eval\sessions\validation\validation_real_only_01.mp4,442,0.6326718926429749,0.3799998531738917,0,1,17424,720x720
xception_df40,C:\deepfake_eval\leakfree_eval\sessions\validation\validation_real_only_01.mp4,443,0.34403544664382935,0.3621476024389267,0,1,16900,720x720
xception_df40,C:\deepfake_eval\leakfree_eval\sessions\validation\validation_real_only_01.mp4,444,0.49563369154930115,0.3807454496622086,0,0,,720x720
xception_df40,C:\deepfake_eval\leakfree_eval\sessions\validation\validation_real_only_01.mp4,445,0.9582467675209045,0.4256729076306025,1,1,107584,503x503
xception_df40,C:\deepfake_eval\leakfree_eval\sessions\validation\validation_real_only_01.mp4,446,0.868511974811554,0.44459181527296704,1,1,110889,503x503
xception_df40,C:\deepfake_eval\leakfree_eval\sessions\validation\validation_real_only_01.mp4,447,0.7306054830551147,0.4590182930231094,1,1,115600,510x510
xception_df40,C:\deepfake_eval\leakfree_eval\sessions\validation\validation_real_only_01.mp4,448,0.9987860321998596,0.4933990269899368,1,1,116964,513x513
xception_df40,C:\deepfake_eval\leakfree_eval\sessions\validation\validation_real_only_01.mp4,449,0.9646692872047424,0.5472195426623027,1,1,121104,522x522
xception_df40,C:\deepfake_eval\leakfree_eval\sessions\validation\validation_real_only_01.mp4,450,0.7985778450965881,0.5717590510845184,1,1,120409,520x520
xception_df40,C:\deepfake_eval\leakfree_eval\sessions\validation\validation_real_only_01.mp4,451,0.900886595249176,0.6158141801754634,1,1,133225,547x547
xception_df40,C:\deepfake_eval\leakfree_eval\sessions\validation\validation_real_only_01.mp4,452,0.34284424781799316,0.626063006122907,1,1,128881,538x538
xception_df40,C:\deepfake_eval\leakfree_eval\sessions\validation\validation_real_only_01.mp4,453,0.9728708267211914,0.6813725074132283,1,1,126736,534x534
xception_df40,C:\deepfake_eval\leakfree_eval\sessions\validation\validation_real_only_01.mp4,454,0.9994581341743469,0.7260430892308553,1,1,118336,516x516
xception_df40,C:\deepfake_eval\leakfree_eval\sessions\validation\validation_real_only_01.mp4,455,0.8516008257865906,0.7479425430297851,1,1,130321,541x541
xception_df40,C:\deepfake_eval\leakfree_eval\sessions\validation\validation_real_only_01.mp4,456,0.5449690222740173,0.760291204849879,1,1,105625,503x503
xception_df40,C:\deepfake_eval\leakfree_eval\sessions\validation\validation_real_only_01.mp4,457,0.9921523928642273,0.7842565715312958,1,1,107584,503x503
xception_df40,C:\deepfake_eval\leakfree_eval\sessions\validation\validation_real_only_01.mp4,458,0.5751733183860779,0.799665762980779,1,1,100489,503x503
xception_df40,C:\deepfake_eval\leakfree_eval\sessions\validation\validation_real_only_01.mp4,459,0.196980282664299,0.7797555357217789,1,1,116964,513x513
xception_df40,C:\deepfake_eval\leakfree_eval\sessions\validation\validation_real_only_01.mp4,460,0.13752688467502594,0.725040876865387,1,1,75076,503x503
xception_df40,C:\deepfake_eval\leakfree_eval\sessions\validation\validation_real_only_01.mp4,461,0.7315095663070679,0.7159073829650879,1,1,84100,503x503
xception_df40,C:\deepfake_eval\leakfree_eval\sessions\validation\validation_real_only_01.mp4,462,0.005326495040208101,0.6675554504307608,1,1,76176,503x503
xception_df40,C:\deepfake_eval\leakfree_eval\sessions\validation\validation_real_only_01.mp4,463,0.08543194085359573,0.6066651776743431,1,1,79524,503x503
xception_df40,C:\deepfake_eval\leakfree_eval\sessions\validation\validation_real_only_01.mp4,464,0.0446661151945591,0.5453316328736643,1,1,78961,503x503
xception_df40,C:\deepfake_eval\leakfree_eval\sessions\validation\validation_real_only_01.mp4,465,0.7285041213035583,0.5406600512874623,1,1,81225,503x503
xception_df40,C:\deepfake_eval\leakfree_eval\sessions\validation\validation_real_only_01.mp4,466,0.44295817613601685,0.5101314900132518,1,1,78961,503x503
xception_df40,C:\deepfake_eval\leakfree_eval\sessions\validation\validation_real_only_01.mp4,467,0.3022714853286743,0.5074266391806305,1,1,75625,503x503
xception_df40,C:\deepfake_eval\leakfree_eval\sessions\validation\validation_real_only_01.mp4,468,0.9344464540481567,0.5048650143357615,1,1,71289,503x503
xception_df40,C:\deepfake_eval\leakfree_eval\sessions\validation\validation_real_only_01.mp4,469,0.6847670674324036,0.4838856098862986,1,1,76176,503x503
xception_df40,C:\deepfake_eval\leakfree_eval\sessions\validation\validation_real_only_01.mp4,470,0.07305391877889633,0.43198248275245227,1,1,153664,588x588
xception_df40,C:\deepfake_eval\leakfree_eval\sessions\validation\validation_real_only_01.mp4,471,0.11389384418725967,0.40324413754666844,1,1,146689,574x574
xception_df40,C:\deepfake_eval\leakfree_eval\sessions\validation\validation_real_only_01.mp4,472,0.022059446200728416,0.3385712744357685,1,2,144400,570x570
xception_df40,C:\deepfake_eval\leakfree_eval\sessions\validation\validation_real_only_01.mp4,473,0.2617904245853424,0.3176790815157195,1,1,147456,576x576
xception_df40,C:\deepfake_eval\leakfree_eval\sessions\validation\validation_real_only_01.mp4,474,0.0015056568663567305,0.3046474397958567,1,1,143641,568x568
xception_df40,C:\deepfake_eval\leakfree_eval\sessions\validation\validation_real_only_01.mp4,475,0.0047561973333358765,0.295796060639744,1,2,150544,582x582
xception_df40,C:\deepfake_eval\leakfree_eval\sessions\validation\validation_real_only_01.mp4,476,0.03284217044711113,0.2492182342490802,1,2,147456,576x576
xception_df40,C:\deepfake_eval\leakfree_eval\sessions\validation\validation_real_only_01.mp4,477,0.010789120569825172,0.24958240928438802,1,2,142884,567x567
xception_df40,C:\deepfake_eval\leakfree_eval\sessions\validation\validation_real_only_01.mp4,478,0.0005077570676803589,0.24392079703199368,1,3,146689,574x574
xception_df40,C:\deepfake_eval\leakfree_eval\sessions\validation\validation_real_only_01.mp4,479,0.03523940593004227,0.24329234974769254,1,2,152881,586x586
xception_df40,C:\deepfake_eval\leakfree_eval\sessions\validation\validation_real_only_01.mp4,480,0.020104551687836647,0.19606571177331109,1,2,144400,570x570
xception_df40,C:\deepfake_eval\leakfree_eval\sessions\validation\validation_real_only_01.mp4,481,0.014260951429605484,0.16748589679288367,1,2,152881,586x586
xception_df40,C:\deepfake_eval\leakfree_eval\sessions\validation\validation_real_only_01.mp4,482,0.08528674393892288,0.15302024736690026,1,2,134689,550x550
xception_df40,C:\deepfake_eval\leakfree_eval\sessions\validation\validation_real_only_01.mp4,483,0.0014518442330881953,0.09082060671256234,1,1,152881,586x586
xception_df40,C:\deepfake_eval\leakfree_eval\sessions\validation\validation_real_only_01.mp4,484,0.011182913556694984,0.04591499645418177,1,2,151321,583x583
xception_df40,C:\deepfake_eval\leakfree_eval\sessions\validation\validation_real_only_01.mp4,485,4.409371831570752e-05,0.041047674783476394,1,2,150544,582x582
xception_df40,C:\deepfake_eval\leakfree_eval\sessions\validation\validation_real_only_01.mp4,486,0.028339656069874763,0.035344062242317405,1,2,149769,580x580
xception_df40,C:\deepfake_eval\leakfree_eval\sessions\validation\validation_real_only_01.mp4,487,0.06724715232849121,0.03835657598416826,1,1,145161,571x571
xception_df40,C:\deepfake_eval\leakfree_eval\sessions\validation\validation_real_only_01.mp4,488,0.003903081873431802,0.02116408647004088,1,1,148225,577x577
xception_df40,C:\deepfake_eval\leakfree_eval\sessions\validation\validation_real_only_01.mp4,489,0.00036510516656562686,0.021088049690054806,1,1,153664,588x588
xception_df40,C:\deepfake_eval\leakfree_eval\sessions\validation\validation_real_only_01.mp4,490,5.9868285461561754e-05,0.020774961086863185,1,1,152881,586x586
xception_df40,C:\deepfake_eval\leakfree_eval\sessions\validation\validation_real_only_01.mp4,491,0.11184162646532059,0.02604159148807715,1,2,156025,592x592
xception_df40,C:\deepfake_eval\leakfree_eval\sessions\validation\validation_real_only_01.mp4,492,0.0016603233525529504,0.02543300500692567,1,2,162409,604x604
xception_df40,C:\deepfake_eval\leakfree_eval\sessions\validation\validation_real_only_01.mp4,493,0.01550538744777441,0.026432847032265273,1,1,155236,591x591
xception_df40,C:\deepfake_eval\leakfree_eval\sessions\validation\validation_real_only_01.mp4,494,0.7271279692649841,0.07255875125459472,1,1,77841,503x503
xception_df40,C:\deepfake_eval\leakfree_eval\sessions\validation\validation_real_only_01.mp4,495,0.49328872561454773,0.1041043628497088,1,1,85849,503x503
xception_df40,C:\deepfake_eval\leakfree_eval\sessions\validation\validation_real_only_01.mp4,496,0.009800192900002003,0.10380697894773523,1,1,87025,503x503
xception_df40,C:\deepfake_eval\leakfree_eval\sessions\validation\validation_real_only_01.mp4,497,0.06571675837039948,0.10250231324316701,1,1,76729,503x503
xception_df40,C:\deepfake_eval\leakfree_eval\sessions\validation\validation_real_only_01.mp4,498,0.05342409014701843,0.10596712963742902,1,1,80656,503x503
xception_df40,C:\deepfake_eval\leakfree_eval\sessions\validation\validation_real_only_01.mp4,499,0.5080691576004028,0.1390928792403429,1,1,84100,503x503
xception_df40,C:\deepfake_eval\leakfree_eval\sessions\validation\validation_real_only_01.mp4,500,0.06643115729093552,0.14351868347851754,1,2,105625,503x503
xception_df40,C:\deepfake_eval\leakfree_eval\sessions\validation\validation_real_only_01.mp4,501,0.9214761853218079,0.20306111876197974,1,2,85849,503x503
xception_df40,C:\deepfake_eval\leakfree_eval\sessions\validation\validation_real_only_01.mp4,502,0.7144568562507629,0.24620843235679785,1,1,82944,503x503
xception_df40,C:\deepfake_eval\leakfree_eval\sessions\validation\validation_real_only_01.mp4,503,0.31052365899086,0.2666498041646264,1,1,82944,503x503
xception_df40,C:\deepfake_eval\leakfree_eval\sessions\validation\validation_real_only_01.mp4,504,0.8306323885917664,0.3220009563929731,1,2,80656,503x503
xception_df40,C:\deepfake_eval\leakfree_eval\sessions\validation\validation_real_only_01.mp4,505,0.29611098766326904,0.3417376976848269,1,1,80089,503x503
xception_df40,C:\deepfake_eval\leakfree_eval\sessions\validation\validation_real_only_01.mp4,506,0.06740762293338776,0.3387754307826981,1,1,80656,503x503
xception_df40,C:\deepfake_eval\leakfree_eval\sessions\validation\validation_real_only_01.mp4,507,0.061155445873737335,0.3427417722841104,1,1,81796,503x503
xception_df40,C:\deepfake_eval\leakfree_eval\sessions\validation\validation_real_only_01.mp4,508,0.9999961853027344,0.4083744921411077,1,1,53361,503x503
xception_df40,C:\deepfake_eval\leakfree_eval\sessions\validation\validation_real_only_01.mp4,509,0.9990542531013489,0.42650291106353205,1,1,36864,503x503
xception_df40,C:\deepfake_eval\leakfree_eval\sessions\validation\validation_real_only_01.mp4,510,0.9995583891868591,0.4602542219683528,1,1,33489,503x503
xception_df40,C:\deepfake_eval\leakfree_eval\sessions\validation\validation_real_only_01.mp4,511,0.9734439253807068,0.5244971374670665,1,1,33124,503x503
xception_df40,C:\deepfake_eval\leakfree_eval\sessions\validation\validation_real_only_01.mp4,512,0.9997666478157043,0.5867671300967534,1,1,38025,503x503
xception_df40,C:\deepfake_eval\leakfree_eval\sessions\validation\validation_real_only_01.mp4,513,0.9996166229248047,0.6498466322819392,1,1,29929,503x503
xception_df40,C:\deepfake_eval\leakfree_eval\sessions\validation\validation_real_only_01.mp4,514,0.9999284744262695,0.6826372534036637,1,1,36864,503x503
xception_df40,C:\deepfake_eval\leakfree_eval\sessions\validation\validation_real_only_01.mp4,515,0.9883249998092651,0.7440968429048856,1,1,37249,503x503
xception_df40,C:\deepfake_eval\leakfree_eval\sessions\validation\validation_real_only_01.mp4,516,0.9999910593032837,0.749331167836984,1,1,53824,503x503
xception_df40,C:\deepfake_eval\leakfree_eval\sessions\validation\validation_real_only_01.mp4,517,0.9826716780662537,0.7672121559580167,1,1,33489,503x503
xception_df40,C:\deepfake_eval\leakfree_eval\sessions\validation\validation_real_only_01.mp4,518,0.9992265701293945,0.8131256833672523,1,1,35721,503x503
xception_df40,C:\deepfake_eval\leakfree_eval\sessions\validation\validation_real_only_01.mp4,519,0.9995476603507996,0.8243867014845212,1,1,34596,503x503
xception_df40,C:\deepfake_eval\leakfree_eval\sessions\validation\validation_real_only_01.mp4,520,0.9994383454322815,0.8712751920024554,1,1,35721,503x503
xception_df40,C:\deepfake_eval\leakfree_eval\sessions\validation\validation_real_only_01.mp4,521,0.9983305335044861,0.933336719373862,1,1,30276,503x503
xception_df40,C:\deepfake_eval\leakfree_eval\sessions\validation\validation_real_only_01.mp4,522,0.9987298846244812,0.9958416819572449,1,1,37249,503x503
xception_df40,C:\deepfake_eval\leakfree_eval\sessions\validation\validation_real_only_01.mp4,523,0.9998477697372437,0.9958317875862122,1,1,79524,503x503
xception_df40,C:\deepfake_eval\leakfree_eval\sessions\validation\validation_real_only_01.mp4,524,0.9993889331817627,0.9958540995915731,1,1,81225,503x503
xception_df40,C:\deepfake_eval\leakfree_eval\sessions\validation\validation_real_only_01.mp4,525,0.0962301567196846,0.9356322174270948,1,1,77284,503x503
xception_df40,C:\deepfake_eval\leakfree_eval\sessions\validation\validation_real_only_01.mp4,526,0.598629355430603,0.9106445794304212,1,1,75076,503x503
xception_df40,C:\deepfake_eval\leakfree_eval\sessions\validation\validation_real_only_01.mp4,527,0.030813738703727722,0.846047718822956,1,1,78961,503x503
xception_df40,C:\deepfake_eval\leakfree_eval\sessions\validation\validation_real_only_01.mp4,528,0.6262182593345642,0.8211544945836067,1,1,75625,503x503
xception_df40,C:\deepfake_eval\leakfree_eval\sessions\validation\validation_real_only_01.mp4,529,0.9966140389442444,0.8209335322181384,1,2,72361,503x503
xception_df40,C:\deepfake_eval\leakfree_eval\sessions\validation\validation_real_only_01.mp4,530,0.5723201632499695,0.7931998764475187,1,2,77841,503x503
xception_df40,C:\deepfake_eval\leakfree_eval\sessions\validation\validation_real_only_01.mp4,531,0.4816405177116394,0.7586431736747424,1,1,77841,503x503
xception_df40,C:\deepfake_eval\leakfree_eval\sessions\validation\validation_real_only_01.mp4,532,0.07400371879339218,0.6980653097232182,1,1,80656,503x503
xception_df40,C:\deepfake_eval\leakfree_eval\sessions\validation\validation_real_only_01.mp4,533,0.9868321418762207,0.6972390145063401,1,1,84100,503x503
xception_df40,C:\deepfake_eval\leakfree_eval\sessions\validation\validation_real_only_01.mp4,534,0.9698081612586975,0.6952563812335332,1,1,76729,503x503
xception_df40,C:\deepfake_eval\leakfree_eval\sessions\validation\validation_real_only_01.mp4,535,0.9957713484764099,0.6950119147698085,1,1,76729,503x503
xception_df40,C:\deepfake_eval\leakfree_eval\sessions\validation\validation_real_only_01.mp4,536,0.9071328639984131,0.6889320701360703,1,1,51076,503x503
xception_df40,C:\deepfake_eval\leakfree_eval\sessions\validation\validation_real_only_01.mp4,537,0.9190921187400818,0.6836228857437769,1,1,50176,503x503
xception_df40,C:\deepfake_eval\leakfree_eval\sessions\validation\validation_real_only_01.mp4,538,0.22972023487091064,0.6322810500860214,1,1,53361,503x503
xception_df40,C:\deepfake_eval\leakfree_eval\sessions\validation\validation_real_only_01.mp4,539,0.9551039338111877,0.6293287167946497,1,1,55696,503x503
xception_df40,C:\deepfake_eval\leakfree_eval\sessions\validation\validation_real_only_01.mp4,540,0.6181953549385071,0.6641263966759046,1,1,54289,503x503
xception_df40,C:\deepfake_eval\leakfree_eval\sessions\validation\validation_real_only_01.mp4,541,0.7536552548408508,0.6744614566365877,1,1,53824,503x503
xception_df40,C:\deepfake_eval\leakfree_eval\sessions\validation\validation_real_only_01.mp4,542,0.9349157214164734,0.7347349221507709,1,1,53361,503x503
xception_df40,C:\deepfake_eval\leakfree_eval\sessions\validation\validation_real_only_01.mp4,543,0.8702922463417053,0.7510065212845802,1,2,55696,503x503
xception_df40,C:\deepfake_eval\leakfree_eval\sessions\validation\validation_real_only_01.mp4,544,0.8134966492652893,0.7387986953059832,1,1,51076,503x503
xception_df40,C:\deepfake_eval\leakfree_eval\sessions\validation\validation_real_only_01.mp4,545,0.9041071534156799,0.7609178279836972,1,1,57600,503x503
xception_df40,C:\deepfake_eval\leakfree_eval\sessions\validation\validation_real_only_01.mp4,546,0.7309067845344543,0.7775355791052182,1,1,30276,503x503
xception_df40,C:\deepfake_eval\leakfree_eval\sessions\validation\validation_real_only_01.mp4,547,0.1006060466170311,0.7793090676267942,1,2,32041,503x503
xception_df40,C:\deepfake_eval\leakfree_eval\sessions\validation\validation_real_only_01.mp4,548,0.13965477049350739,0.72283057620128,1,1,36864,503x503
xception_df40,C:\deepfake_eval\leakfree_eval\sessions\validation\validation_real_only_01.mp4,549,0.04566631838679314,0.6612211200098197,1,1,31329,503x503
xception_df40,C:\deepfake_eval\leakfree_eval\sessions\validation\validation_real_only_01.mp4,550,0.048521704971790314,0.5980711437761783,1,1,32761,503x503
xception_df40,C:\deepfake_eval\leakfree_eval\sessions\validation\validation_real_only_01.mp4,551,0.013190408237278461,0.5384749800587694,1,1,32761,503x503
xception_df40,C:\deepfake_eval\leakfree_eval\sessions\validation\validation_real_only_01.mp4,552,0.021774092689156532,0.47865377832204103,1,1,33124,503x503
xception_df40,C:\deepfake_eval\leakfree_eval\sessions\validation\validation_real_only_01.mp4,553,0.006635955534875393,0.463781493032972,1,1,35344,503x503
xception_df40,C:\deepfake_eval\leakfree_eval\sessions\validation\validation_real_only_01.mp4,554,0.03529166430234909,0.4024606750657161,1,2,28900,503x503
xception_df40,C:\deepfake_eval\leakfree_eval\sessions\validation\validation_real_only_01.mp4,555,0.03937466815114021,0.36387262927989167,1,2,32761,503x503
xception_df40,C:\deepfake_eval\leakfree_eval\sessions\validation\validation_real_only_01.mp4,556,0.010567756369709969,0.31433346271514895,1,1,33124,503x503
xception_df40,C:\deepfake_eval\leakfree_eval\sessions\validation\validation_real_only_01.mp4,557,0.04989302158355713,0.2553319493929545,1,1,33856,503x503
xception_df40,C:\deepfake_eval\leakfree_eval\sessions\validation\validation_real_only_01.mp4,558,0.028666960075497627,0.19922359697520733,1,2,33124,503x503
xception_df40,C:\deepfake_eval\leakfree_eval\sessions\validation\validation_real_only_01.mp4,559,0.09611081331968307,0.15139787457883358,1,1,33489,503x503
xception_df40,C:\deepfake_eval\leakfree_eval\sessions\validation\validation_real_only_01.mp4,560,0.028034986928105354,0.09299306347966194,1,2,35721,503x503
xception_df40,C:\deepfake_eval\leakfree_eval\sessions\validation\validation_real_only_01.mp4,561,0.020935775712132454,0.04566166289150715,1,2,32761,503x503
xception_df40,C:\deepfake_eval\leakfree_eval\sessions\validation\validation_real_only_01.mp4,562,0.06696754693984985,0.043419096246361734,1,1,33489,503x503
xception_df40,C:\deepfake_eval\leakfree_eval\sessions\validation\validation_real_only_01.mp4,563,0.05341049283742905,0.03766947773595651,1,1,34969,503x503
xception_df40,C:\deepfake_eval\leakfree_eval\sessions\validation\validation_real_only_01.mp4,564,0.015087827108800411,0.035630911650757,1,1,33489,503x503
xception_df40,C:\deepfake_eval\leakfree_eval\sessions\validation\validation_real_only_01.mp4,565,0.02276447042822838,0.0339137626811862,1,2,33124,503x503
xception_df40,C:\deepfake_eval\leakfree_eval\sessions\validation\validation_real_only_01.mp4,566,0.09135550260543823,0.03912476897239685,1,1,34596,503x503
xception_df40,C:\deepfake_eval\leakfree_eval\sessions\validation\validation_real_only_01.mp4,567,0.0798310935497284,0.04299523569643497,1,2,33856,503x503
xception_df40,C:\deepfake_eval\leakfree_eval\sessions\validation\validation_real_only_01.mp4,568,0.056628093123435974,0.04632804486900568,1,2,33124,503x503
xception_df40,C:\deepfake_eval\leakfree_eval\sessions\validation\validation_real_only_01.mp4,569,0.054794393479824066,0.04762822681417068,1,1,31684,503x503
xception_df40,C:\deepfake_eval\leakfree_eval\sessions\validation\validation_real_only_01.mp4,570,0.016985692083835602,0.0461356284096837,1,1,32041,503x503
xception_df40,C:\deepfake_eval\leakfree_eval\sessions\validation\validation_real_only_01.mp4,571,0.066062331199646,0.04983526673167944,1,3,33489,503x503
xception_df40,C:\deepfake_eval\leakfree_eval\sessions\validation\validation_real_only_01.mp4,572,0.013955737464129925,0.047439447790384295,1,2,34596,503x503
xception_df40,C:\deepfake_eval\leakfree_eval\sessions\validation\validation_real_only_01.mp4,573,0.06386201828718185,0.049785785004496576,1,1,34225,503x503
xception_df40,C:\deepfake_eval\leakfree_eval\sessions\validation\validation_real_only_01.mp4,574,0.43711063265800476,0.07251910629371802,1,2,36100,503x503
xception_df40,C:\deepfake_eval\leakfree_eval\sessions\validation\validation_real_only_01.mp4,575,0.966906726360321,0.13511055558919907,1,1,148225,577x577
xception_df40,C:\deepfake_eval\leakfree_eval\sessions\validation\validation_real_only_01.mp4,576,0.9999014139175415,0.20037493146955968,1,1,119716,519x519
xception_df40,C:\deepfake_eval\leakfree_eval\sessions\validation\validation_real_only_01.mp4,577,0.9965357780456543,0.2623461468766133,1,1,123201,526x526
xception_df40,C:\deepfake_eval\leakfree_eval\sessions\validation\validation_real_only_01.mp4,578,0.8291512131690979,0.31406219489872456,1,1,122500,525x525
xception_df40,C:\deepfake_eval\leakfree_eval\sessions\validation\validation_real_only_01.mp4,579,0.9985513091087341,0.37962642703205346,1,2,109561,503x503
xception_df40,C:\deepfake_eval\leakfree_eval\sessions\validation\validation_real_only_01.mp4,580,0.9997312426567078,0.4447575451806188,1,1,119025,517x517
xception_df40,C:\deepfake_eval\leakfree_eval\sessions\validation\validation_real_only_01.mp4,581,0.9993140697479248,0.5052881163234512,1,1,116964,513x513
xception_df40,C:\deepfake_eval\leakfree_eval\sessions\validation\validation_real_only_01.mp4,582,0.9897406101226807,0.565948750761648,1,1,129600,540x540
xception_df40,C:\deepfake_eval\leakfree_eval\sessions\validation\validation_real_only_01.mp4,583,0.6841590404510498,0.6077841472501556,1,1,127449,535x535
xception_df40,C:\deepfake_eval\leakfree_eval\sessions\validation\validation_real_only_01.mp4,584,0.9741905927658081,0.6690772272025546,1,1,128881,538x538
xception_df40,C:\deepfake_eval\leakfree_eval\sessions\validation\validation_real_only_01.mp4,585,0.9929270148277283,0.7341399820521474,1,3,110889,503x503
xception_df40,C:\deepfake_eval\leakfree_eval\sessions\validation\validation_real_only_01.mp4,586,0.9991472959518433,0.7963456463689605,1,2,140625,562x562
xception_df40,C:\deepfake_eval\leakfree_eval\sessions\validation\validation_real_only_01.mp4,587,0.9877410531044006,0.8612646674116452,1,1,131769,544x544
xception_df40,C:\deepfake_eval\leakfree_eval\sessions\validation\validation_real_only_01.mp4,588,0.9996397495269775,0.9236498494942983,1,1,124609,529x529
xception_df40,C:\deepfake_eval\leakfree_eval\sessions\validation\validation_real_only_01.mp4,589,0.9999409914016724,0.9611718734105428,1,2,152100,585x585
xception_df40,C:\deepfake_eval\leakfree_eval\sessions\validation\validation_real_only_01.mp4,590,0.9991672039031982,0.9633225719134013,1,1,162409,604x604
xception_df40,C:\deepfake_eval\leakfree_eval\sessions\validation\validation_real_only_01.mp4,591,0.10774954408407211,0.90384578059117,1,1,42849,503x503
xception_df40,C:\deepfake_eval\leakfree_eval\sessions\validation\validation_real_only_01.mp4,592,0.014905601739883423,0.8384037688374519,1,1,43264,503x503
xception_df40,C:\deepfake_eval\leakfree_eval\sessions\validation\validation_real_only_01.mp4,593,0.004910789895802736,0.7834544072858989,1,1,42025,503x503
xception_df40,C:\deepfake_eval\leakfree_eval\sessions\validation\validation_real_only_01.mp4,594,0.021715261042118073,0.7183320040814578,1,1,44100,503x503
xception_df40,C:\deepfake_eval\leakfree_eval\sessions\validation\validation_real_only_01.mp4,595,0.009145908057689667,0.6522929817748566,1,1,38809,503x503
xception_df40,C:\deepfake_eval\leakfree_eval\sessions\validation\validation_real_only_01.mp4,596,0.00532203633338213,0.5860268462138871,1,1,44944,503x503
xception_df40,C:\deepfake_eval\leakfree_eval\sessions\validation\validation_real_only_01.mp4,597,0.004357755184173584,0.5203346558846533,1,1,43264,503x503
xception_df40,C:\deepfake_eval\leakfree_eval\sessions\validation\validation_real_only_01.mp4,598,0.016179099678993225,0.4758026598331829,1,2,42436,503x503
xception_df40,C:\deepfake_eval\leakfree_eval\sessions\validation\validation_real_only_01.mp4,599,0.002729002619162202,0.4110385538234065,1,1,42436,503x503
xception_df40,C:\deepfake_eval\leakfree_eval\sessions\validation\validation_fake_only_01.mp4,0,0.9999474287033081,0.9999474287033081,1,1,40804,503x503
xception_df40,C:\deepfake_eval\leakfree_eval\sessions\validation\validation_fake_only_01.mp4,1,0.9296201467514038,0.964783787727356,1,1,40804,503x503
xception_df40,C:\deepfake_eval\leakfree_eval\sessions\validation\validation_fake_only_01.mp4,2,0.9218412637710571,0.9504696130752563,1,1,43264,503x503
xception_df40,C:\deepfake_eval\leakfree_eval\sessions\validation\validation_fake_only_01.mp4,3,0.9822673201560974,0.9584190398454666,1,1,40804,503x503
xception_df40,C:\deepfake_eval\leakfree_eval\sessions\validation\validation_fake_only_01.mp4,4,0.9985461235046387,0.966444456577301,1,2,40000,503x503
xception_df40,C:\deepfake_eval\leakfree_eval\sessions\validation\validation_fake_only_01.mp4,5,0.9961560368537903,0.9713963866233826,1,1,40000,503x503
xception_df40,C:\deepfake_eval\leakfree_eval\sessions\validation\validation_fake_only_01.mp4,6,0.9996492862701416,0.9754325151443481,1,1,39601,503x503
xception_df40,C:\deepfake_eval\leakfree_eval\sessions\validation\validation_fake_only_01.mp4,7,0.9984738230705261,0.9783126786351204,1,1,42025,503x503
xception_df40,C:\deepfake_eval\leakfree_eval\sessions\validation\validation_fake_only_01.mp4,8,0.99125075340271,0.9797502424981859,1,1,40000,503x503
xception_df40,C:\deepfake_eval\leakfree_eval\sessions\validation\validation_fake_only_01.mp4,9,0.9910466074943542,0.9808798789978027,1,1,40401,503x503
xception_df40,C:\deepfake_eval\leakfree_eval\sessions\validation\validation_fake_only_01.mp4,10,0.951604425907135,0.9782184741713784,1,1,41209,503x503
xception_df40,C:\deepfake_eval\leakfree_eval\sessions\validation\validation_fake_only_01.mp4,11,0.9269124865531921,0.9739429752031962,1,1,40401,503x503
xception_df40,C:\deepfake_eval\leakfree_eval\sessions\validation\validation_fake_only_01.mp4,12,0.996299684047699,0.9756627220373887,1,1,41209,503x503
xception_df40,C:\deepfake_eval\leakfree_eval\sessions\validation\validation_fake_only_01.mp4,13,0.9869464039802551,0.976468699319022,1,1,39204,503x503
xception_df40,C:\deepfake_eval\leakfree_eval\sessions\validation\validation_fake_only_01.mp4,14,0.9999819993972778,0.9780362526575724,1,1,202500,675x675
xception_df40,C:\deepfake_eval\leakfree_eval\sessions\validation\validation_fake_only_01.mp4,15,0.9999983310699463,0.9780396461486817,1,2,198025,667x667
xception_df40,C:\deepfake_eval\leakfree_eval\sessions\validation\validation_fake_only_01.mp4,16,0.9999998807907104,0.9827316284179688,1,1,173056,624x624
xception_df40,C:\deepfake_eval\leakfree_eval\sessions\validation\validation_fake_only_01.mp4,17,0.999971866607666,0.9879403352737427,1,1,194481,661x661
xception_df40,C:\deepfake_eval\leakfree_eval\sessions\validation\validation_fake_only_01.mp4,18,0.9999810457229614,0.9891212503115336,1,1,227529,715x715
xception_df40,C:\deepfake_eval\leakfree_eval\sessions\validation\validation_fake_only_01.mp4,19,0.9999908208847046,0.9892175634702046,1,1,207025,682x682
xception_df40,C:\deepfake_eval\leakfree_eval\sessions\validation\validation_fake_only_01.mp4,20,0.9999855756759644,0.9894728660583496,1,1,207025,682x682
xception_df40,C:\deepfake_eval\leakfree_eval\sessions\validation\validation_fake_only_01.mp4,21,0.9999986886978149,0.9894961595535279,1,1,191844,657x657
xception_df40,C:\deepfake_eval\leakfree_eval\sessions\validation\validation_fake_only_01.mp4,22,0.9999943971633911,0.9895975311597188,1,1,211600,690x690
xception_df40,C:\deepfake_eval\leakfree_eval\sessions\validation\validation_fake_only_01.mp4,23,0.9999915361404419,0.990180250008901,1,2,192721,658x658
xception_df40,C:\deepfake_eval\leakfree_eval\sessions\validation\validation_fake_only_01.mp4,24,0.9999961853027344,0.9907768885294597,1,1,190969,655x655
xception_df40,C:\deepfake_eval\leakfree_eval\sessions\validation\validation_fake_only_01.mp4,25,0.9995666146278381,0.9939743677775065,1,1,194481,661x661
xception_df40,C:\deepfake_eval\leakfree_eval\sessions\validation\validation_fake_only_01.mp4,26,0.9989983439445496,0.998780091603597,1,1,206116,681x681
xception_df40,C:\deepfake_eval\leakfree_eval\sessions\validation\validation_fake_only_01.mp4,27,0.9999430179595947,0.9990229805310568,1,1,214369,694x694
xception_df40,C:\deepfake_eval\leakfree_eval\sessions\validation\validation_fake_only_01.mp4,28,0.9999963045120239,0.9998929738998413,1,1,215296,696x696
xception_df40,C:\deepfake_eval\leakfree_eval\sessions\validation\validation_fake_only_01.mp4,29,0.999946117401123,0.9998905817667644,1,2,198025,667x667
xception_df40,C:\deepfake_eval\leakfree_eval\sessions\validation\validation_fake_only_01.mp4,30,0.9999899864196777,0.9998900254567464,1,1,187489,649x649
xception_df40,C:\deepfake_eval\leakfree_eval\sessions\validation\validation_fake_only_01.mp4,31,0.9909602403640747,0.9992873827616374,1,1,186624,648x648
xception_df40,C:\deepfake_eval\leakfree_eval\sessions\validation\validation_fake_only_01.mp4,32,0.9999984502792358,0.9992891550064087,1,2,201601,673x673
xception_df40,C:\deepfake_eval\leakfree_eval\sessions\validation\validation_fake_only_01.mp4,33,0.012860478833317757,0.9334811172137658,0,1,20736,720x720
xception_df40,C:\deepfake_eval\leakfree_eval\sessions\validation\validation_fake_only_01.mp4,34,0.01814715377986431,0.8680248727401098,0,1,18769,720x720
xception_df40,C:\deepfake_eval\leakfree_eval\sessions\validation\validation_fake_only_01.mp4,35,0.014194287359714508,0.8023054535190265,0,2,19321,720x720
xception_df40,C:\deepfake_eval\leakfree_eval\sessions\validation\validation_fake_only_01.mp4,36,0.012613861821591854,0.736479798393945,0,2,17956,720x720
xception_df40,C:\deepfake_eval\leakfree_eval\sessions\validation\validation_fake_only_01.mp4,37,0.010662384331226349,0.6705243308718006,0,1,19044,720x720
xception_df40,C:\deepfake_eval\leakfree_eval\sessions\validation\validation_fake_only_01.mp4,38,0.01258147694170475,0.6046969935918848,0,1,19881,720x720
xception_df40,C:\deepfake_eval\leakfree_eval\sessions\validation\validation_fake_only_01.mp4,39,0.008524714037775993,0.5385988955075542,0,1,20449,720x720
xception_df40,C:\deepfake_eval\leakfree_eval\sessions\validation\validation_fake_only_01.mp4,40,0.011901757679879665,0.47275457171102364,0,1,20736,720x720
xception_df40,C:\deepfake_eval\leakfree_eval\sessions\validation\validation_fake_only_01.mp4,41,0.01407062541693449,0.40709272380918265,0,1,22500,720x720
xception_df40,C:\deepfake_eval\leakfree_eval\sessions\validation\validation_fake_only_01.mp4,42,0.018342070281505585,0.34165266063064337,0,2,19600,720x720
xception_df40,C:\deepfake_eval\leakfree_eval\sessions\validation\validation_fake_only_01.mp4,43,0.012119519524276257,0.27579420829812684,0,1,19321,720x720
xception_df40,C:\deepfake_eval\leakfree_eval\sessions\validation\validation_fake_only_01.mp4,44,0.0076807173900306225,0.20964318163072068,0,1,20449,720x720
xception_df40,C:\deepfake_eval\leakfree_eval\sessions\validation\validation_fake_only_01.mp4,45,0.005898129194974899,0.14337039114907385,0,1,20736,720x720
xception_df40,C:\deepfake_eval\leakfree_eval\sessions\validation\validation_fake_only_01.mp4,46,0.010954555124044418,0.07803667879973848,0,1,20164,720x720
xception_df40,C:\deepfake_eval\leakfree_eval\sessions\validation\validation_fake_only_01.mp4,47,0.012932335957884789,0.012232271178315083,0,2,18496,720x720
xception_df40,C:\deepfake_eval\leakfree_eval\sessions\validation\validation_fake_only_01.mp4,48,0.014805939979851246,0.012361968588083982,0,1,19881,720x720
xception_df40,C:\deepfake_eval\leakfree_eval\sessions\validation\validation_fake_only_01.mp4,49,0.013797628693282604,0.012072000248978535,0,1,18225,720x720
xception_df40,C:\deepfake_eval\leakfree_eval\sessions\validation\validation_fake_only_01.mp4,50,0.9341572523117065,0.07340286457911134,1,1,126736,534x534
xception_df40,C:\deepfake_eval\leakfree_eval\sessions\validation\validation_fake_only_01.mp4,51,0.793718159198761,0.12547648440425593,1,1,136161,553x553
xception_df40,C:\deepfake_eval\leakfree_eval\sessions\validation\validation_fake_only_01.mp4,52,0.9021622538566589,0.18490980903928478,1,1,133956,549x549
xception_df40,C:\deepfake_eval\leakfree_eval\sessions\validation\validation_fake_only_01.mp4,53,0.9656352996826172,0.2484467305553456,1,1,139876,561x561
xception_df40,C:\deepfake_eval\leakfree_eval\sessions\validation\validation_fake_only_01.mp4,54,0.9670880436897278,0.3123509525321424,1,1,133956,549x549
xception_df40,C:\deepfake_eval\leakfree_eval\sessions\validation\validation_fake_only_01.mp4,55,0.7116437554359436,0.3590004190492133,1,1,136161,553x553
xception_df40,C:\deepfake_eval\leakfree_eval\sessions\validation\validation_fake_only_01.mp4,56,0.9722611308097839,0.4228797860754033,1,1,139876,561x561
xception_df40,C:\deepfake_eval\leakfree_eval\sessions\validation\validation_fake_only_01.mp4,57,0.9954013824462891,0.4880170735530555,1,1,137641,556x556
xception_df40,C:\deepfake_eval\leakfree_eval\sessions\validation\validation_fake_only_01.mp4,58,0.7462233901023865,0.5369573315915962,1,1,161604,603x603
xception_df40,C:\deepfake_eval\leakfree_eval\sessions\validation\validation_fake_only_01.mp4,59,0.41638287901878357,0.5642041423668464,1,1,151321,583x583
xception_df40,C:\deepfake_eval\leakfree_eval\sessions\validation\validation_fake_only_01.mp4,60,0.992953360080719,0.630007824425896,0,1,6241,720x720
xception_df40,C:\deepfake_eval\leakfree_eval\sessions\validation\validation_fake_only_01.mp4,61,0.9908676147460938,0.6953353617340327,0,1,11449,720x720
xception_df40,C:\deepfake_eval\leakfree_eval\sessions\validation\validation_fake_only_01.mp4,62,0.9744657874107361,0.7594375918308894,0,1,19044,720x720
xception_df40,C:\deepfake_eval\leakfree_eval\sessions\validation\validation_fake_only_01.mp4,63,0.9636879563331604,0.82269639292111,0,1,20164,720x720
xception_df40,C:\deepfake_eval\leakfree_eval\sessions\validation\validation_fake_only_01.mp4,64,0.9640076160430908,0.8860437254110972,0,1,19600,720x720
xception_df40,C:\deepfake_eval\leakfree_eval\sessions\validation\validation_fake_only_01.mp4,65,0.9856818318367004,0.8894786973794301,0,1,21025,720x720
xception_df40,C:\deepfake_eval\leakfree_eval\sessions\validation\validation_fake_only_01.mp4,66,0.9605833292007446,0.9006030420462291,0,1,21609,720x720
xception_df40,C:\deepfake_eval\leakfree_eval\sessions\validation\validation_fake_only_01.mp4,67,0.9930927753448486,0.9066650768121084,0,1,20449,720x720
xception_df40,C:\deepfake_eval\leakfree_eval\sessions\validation\validation_fake_only_01.mp4,68,0.996536374092102,0.9087251484394073,0,1,20736,720x720
xception_df40,C:\deepfake_eval\leakfree_eval\sessions\validation\validation_fake_only_01.mp4,69,0.994346559047699,0.9105423827966054,0,1,20449,720x720
xception_df40,C:\deepfake_eval\leakfree_eval\sessions\validation\validation_fake_only_01.mp4,70,0.9907417893409729,0.929148918390274,0,1,20736,720x720
xception_df40,C:\deepfake_eval\leakfree_eval\sessions\validation\validation_fake_only_01.mp4,71,0.9692214727401733,0.9289462745189667,0,1,22801,720x720
xception_df40,C:\deepfake_eval\leakfree_eval\sessions\validation\validation_fake_only_01.mp4,72,0.9945823550224304,0.9288916726907094,1,1,28900,503x503
xception_df40,C:\deepfake_eval\leakfree_eval\sessions\validation\validation_fake_only_01.mp4,73,0.9277158379554749,0.9409911692142486,1,2,30625,503x503
xception_df40,C:\deepfake_eval\leakfree_eval\sessions\validation\validation_fake_only_01.mp4,74,0.5488238334655762,0.9498205661773682,0,2,18225,720x720
xception_df40,C:\deepfake_eval\leakfree_eval\sessions\validation\validation_fake_only_01.mp4,75,0.26215940713882446,0.9011009693145752,1,3,30976,503x503
xception_df40,C:\deepfake_eval\leakfree_eval\sessions\validation\validation_fake_only_01.mp4,76,0.48893097043037415,0.8676385263601939,0,3,18769,720x720
xception_df40,C:\deepfake_eval\leakfree_eval\sessions\validation\validation_fake_only_01.mp4,77,0.32671263813972473,0.8244549830754598,1,3,33856,503x503
xception_df40,C:\deepfake_eval\leakfree_eval\sessions\validation\validation_fake_only_01.mp4,78,0.4248059093952179,0.788529513279597,1,3,32761,503x503
xception_df40,C:\deepfake_eval\leakfree_eval\sessions\validation\validation_fake_only_01.mp4,79,0.6876345872879028,0.7701046446959178,0,3,20736,720x720
xception_df40,C:\deepfake_eval\leakfree_eval\sessions\validation\validation_fake_only_01.mp4,80,0.48254844546318054,0.7365624189376831,0,2,26244,720x720
xception_df40,C:\deepfake_eval\leakfree_eval\sessions\validation\validation_fake_only_01.mp4,81,0.8190433979034424,0.7271264235178629,0,2,22500,720x720
xception_df40,C:\deepfake_eval\leakfree_eval\sessions\validation\validation_fake_only_01.mp4,82,0.7671836018562317,0.7120658119519552,0,1,20736,720x720
xception_df40,C:\deepfake_eval\leakfree_eval\sessions\validation\validation_fake_only_01.mp4,83,0.7507290244102478,0.6956786553064982,1,2,31684,503x503
xception_df40,C:\deepfake_eval\leakfree_eval\sessions\validation\validation_fake_only_01.mp4,84,0.9601513147354126,0.6933989723523458,1,2,32761,503x503
xception_df40,C:\deepfake_eval\leakfree_eval\sessions\validation\validation_fake_only_01.mp4,85,0.9689146280288696,0.6919438282648722,1,2,29241,503x503
xception_df40,C:\deepfake_eval\leakfree_eval\sessions\validation\validation_fake_only_01.mp4,86,0.3654957115650177,0.6516954441865285,1,1,41209,503x503
xception_df40,C:\deepfake_eval\leakfree_eval\sessions\validation\validation_fake_only_01.mp4,87,0.7341089844703674,0.634330552816391,1,1,37636,503x503
xception_df40,C:\deepfake_eval\leakfree_eval\sessions\validation\validation_fake_only_01.mp4,88,0.5916447639465332,0.6119258145491282,1,2,39601,503x503
xception_df40,C:\deepfake_eval\leakfree_eval\sessions\validation\validation_fake_only_01.mp4,89,0.7369899749755859,0.6244702239831289,1,1,37249,503x503
xception_df40,C:\deepfake_eval\leakfree_eval\sessions\validation\validation_fake_only_01.mp4,90,0.4528607428073883,0.6371836463610331,1,1,39601,503x503
xception_df40,C:\deepfake_eval\leakfree_eval\sessions\validation\validation_fake_only_01.mp4,91,0.45638227462768555,0.6350137333075205,1,1,36864,503x503
xception_df40,C:\deepfake_eval\leakfree_eval\sessions\validation\validation_fake_only_01.mp4,92,0.38278836011886597,0.6387521147727966,1,1,39204,503x503
xception_df40,C:\deepfake_eval\leakfree_eval\sessions\validation\validation_fake_only_01.mp4,93,0.948103666305542,0.6736386319001516,1,1,38809,503x503
xception_df40,C:\deepfake_eval\leakfree_eval\sessions\validation\validation_fake_only_01.mp4,94,0.6894682049751282,0.6737608730792999,1,1,37249,503x503
xception_df40,C:\deepfake_eval\leakfree_eval\sessions\validation\validation_fake_only_01.mp4,95,0.6741507649421692,0.6865343610445659,1,2,38025,503x503
xception_df40,C:\deepfake_eval\leakfree_eval\sessions\validation\validation_fake_only_01.mp4,96,0.2807254195213318,0.6506464958190918,1,1,38416,503x503
xception_df40,C:\deepfake_eval\leakfree_eval\sessions\validation\validation_fake_only_01.mp4,97,0.17466583847999573,0.6111453115940094,1,1,39601,503x503
xception_df40,C:\deepfake_eval\leakfree_eval\sessions\validation\validation_fake_only_01.mp4,98,0.6494570374488831,0.6043938457965851,1,1,94249,503x503
xception_df40,C:\deepfake_eval\leakfree_eval\sessions\validation\validation_fake_only_01.mp4,99,0.9216118454933167,0.601824547847112,1,1,82369,503x503
xception_df40,C:\deepfake_eval\leakfree_eval\sessions\validation\validation_fake_only_01.mp4,100,0.706184446811676,0.5843092024326324,1,2,86436,503x503
xception_df40,C:\deepfake_eval\leakfree_eval\sessions\validation\validation_fake_only_01.mp4,101,0.9036356806755066,0.6201852003733317,1,1,90601,503x503
xception_df40,C:\deepfake_eval\leakfree_eval\sessions\validation\validation_fake_only_01.mp4,102,0.7849305868148804,0.6235733071962992,1,1,82369,503x503
xception_df40,C:\deepfake_eval\leakfree_eval\sessions\validation\validation_fake_only_01.mp4,103,0.8459927439689636,0.6405298391977946,1,1,81796,503x503
xception_df40,C:\deepfake_eval\leakfree_eval\sessions\validation\validation_fake_only_01.mp4,104,0.28743791580200195,0.6105597019195557,1,1,85264,503x503
xception_df40,C:\deepfake_eval\leakfree_eval\sessions\validation\validation_fake_only_01.mp4,105,0.12870240211486816,0.5889491458733876,1,1,91809,503x503
xception_df40,C:\deepfake_eval\leakfree_eval\sessions\validation\validation_fake_only_01.mp4,106,0.9806532859802246,0.6239005466302235,1,1,86436,503x503
xception_df40,C:\deepfake_eval\leakfree_eval\sessions\validation\validation_fake_only_01.mp4,107,0.17416423559188843,0.6099922716617584,1,1,85849,503x503
xception_df40,C:\deepfake_eval\leakfree_eval\sessions\validation\validation_fake_only_01.mp4,108,0.994732141494751,0.6131008366743723,1,1,82369,503x503
xception_df40,C:\deepfake_eval\leakfree_eval\sessions\validation\validation_fake_only_01.mp4,109,0.9922010898590088,0.6332830289999644,1,1,78400,503x503
xception_df40,C:\deepfake_eval\leakfree_eval\sessions\validation\validation_fake_only_01.mp4,110,0.9116418957710266,0.6491157710552216,1,1,78961,503x503
xception_df40,C:\deepfake_eval\leakfree_eval\sessions\validation\validation_fake_only_01.mp4,111,0.9967619180679321,0.696851537624995,1,1,77284,503x503
xception_df40,C:\deepfake_eval\leakfree_eval\sessions\validation\validation_fake_only_01.mp4,112,0.9869891405105591,0.7510064244270325,1,1,73984,503x503
xception_df40,C:\deepfake_eval\leakfree_eval\sessions\validation\validation_fake_only_01.mp4,113,0.9993908405303955,0.7743353446324667,1,1,81796,503x503
xception_df40,C:\deepfake_eval\leakfree_eval\sessions\validation\validation_fake_only_01.mp4,114,0.962433934211731,0.7770568172136942,1,1,77284,503x503
xception_df40,C:\deepfake_eval\leakfree_eval\sessions\validation\validation_fake_only_01.mp4,115,0.9955617189407349,0.7963486353556315,1,1,78961,503x503
xception_df40,C:\deepfake_eval\leakfree_eval\sessions\validation\validation_fake_only_01.mp4,116,0.9724938273429871,0.8009391784667969,1,1,74529,503x503
xception_df40,C:\deepfake_eval\leakfree_eval\sessions\validation\validation_fake_only_01.mp4,117,0.7706101536750793,0.7999844829241435,1,1,69696,503x503
xception_df40,C:\deepfake_eval\leakfree_eval\sessions\validation\validation_fake_only_01.mp4,118,0.0831570252776146,0.7491287683447202,0,1,13924,720x720
xception_df40,C:\deepfake_eval\leakfree_eval\sessions\validation\validation_fake_only_01.mp4,119,0.2609199583530426,0.7473609045147895,0,1,15376,720x720
xception_df40,C:\deepfake_eval\leakfree_eval\sessions\validation\validation_fake_only_01.mp4,120,0.07916710525751114,0.7440585513909658,0,1,16641,720x720
xception_df40,C:\deepfake_eval\leakfree_eval\sessions\validation\validation_fake_only_01.mp4,121,0.1416715532541275,0.6881264358758926,0,1,15876,720x720
xception_df40,C:\deepfake_eval\leakfree_eval\sessions\validation\validation_fake_only_01.mp4,122,0.06314276158809662,0.6807250042756399,0,1,12769,720x720
xception_df40,C:\deepfake_eval\leakfree_eval\sessions\validation\validation_fake_only_01.mp4,123,0.11061138659715652,0.6217836206158002,0,1,14641,720x720
xception_df40,C:\deepfake_eval\leakfree_eval\sessions\validation\validation_fake_only_01.mp4,124,0.11733461171388626,0.5634591887394588,0,1,14641,720x720
xception_df40,C:\deepfake_eval\leakfree_eval\sessions\validation\validation_fake_only_01.mp4,125,0.0960930809378624,0.509089267750581,0,1,17956,720x720
xception_df40,C:\deepfake_eval\leakfree_eval\sessions\validation\validation_fake_only_01.mp4,126,0.1006140485405922,0.44934607644875846,0,1,15625,720x720
xception_df40,C:\deepfake_eval\leakfree_eval\sessions\validation\validation_fake_only_01.mp4,127,0.10157939791679382,0.3903187602758408,0,1,16129,720x720
xception_df40,C:\deepfake_eval\leakfree_eval\sessions\validation\validation_fake_only_01.mp4,128,0.15025705099105835,0.33370984097321826,0,1,19321,720x720
xception_df40,C:\deepfake_eval\leakfree_eval\sessions\validation\validation_fake_only_01.mp4,129,0.08082297444343567,0.2749357769886653,0,1,17956,720x720
xception_df40,C:\deepfake_eval\leakfree_eval\sessions\validation\validation_fake_only_01.mp4,130,0.07843632996082306,0.21379408439000447,0,1,15876,720x720
xception_df40,C:\deepfake_eval\leakfree_eval\sessions\validation\validation_fake_only_01.mp4,131,0.17102067172527313,0.16036254068215688,0,1,14161,720x720
xception_df40,C:\deepfake_eval\leakfree_eval\sessions\validation\validation_fake_only_01.mp4,132,0.14021442830562592,0.11833615899085999,0,0,,720x720
xception_df40,C:\deepfake_eval\leakfree_eval\sessions\validation\validation_fake_only_01.mp4,133,0.23173947632312775,0.12824165572722754,0,1,18225,720x720
xception_df40,C:\deepfake_eval\leakfree_eval\sessions\validation\validation_fake_only_01.mp4,134,0.29996469616889954,0.13084463824828466,0,1,12544,720x720
xception_df40,C:\deepfake_eval\leakfree_eval\sessions\validation\validation_fake_only_01.mp4,135,0.29706934094429016,0.14537145396073659,0,0,,720x720
xception_df40,C:\deepfake_eval\leakfree_eval\sessions\validation\validation_fake_only_01.mp4,136,0.13167428970336914,0.14470496972401936,0,1,14641,720x720
xception_df40,C:\deepfake_eval\leakfree_eval\sessions\validation\validation_fake_only_01.mp4,137,0.20033864676952362,0.15385136206944783,0,1,14400,720x720
xception_df40,C:\deepfake_eval\leakfree_eval\sessions\validation\validation_fake_only_01.mp4,138,0.2557455897331238,0.16352697561184565,0,1,15876,720x720
xception_df40,C:\deepfake_eval\leakfree_eval\sessions\validation\validation_fake_only_01.mp4,139,0.46828073263168335,0.18692338367303213,0,0,,720x720
xception_df40,C:\deepfake_eval\leakfree_eval\sessions\validation\validation_fake_only_01.mp4,140,0.22204507887363434,0.1953201835354169,0,1,17424,720x720
xception_df40,C:\deepfake_eval\leakfree_eval\sessions\validation\validation_fake_only_01.mp4,141,0.1829664707183838,0.20081034501393635,0,1,13924,720x720
xception_df40,C:\deepfake_eval\leakfree_eval\sessions\validation\validation_fake_only_01.mp4,142,0.16359984874725342,0.204945041735967,0,1,15625,720x720
xception_df40,C:\deepfake_eval\leakfree_eval\sessions\validation\validation_fake_only_01.mp4,143,0.9475309252738953,0.2580966333548228,1,1,51076,503x503
xception_df40,C:\deepfake_eval\leakfree_eval\sessions\validation\validation_fake_only_01.mp4,144,0.08679186552762985,0.2584945594271024,1,1,49729,503x503
xception_df40,C:\deepfake_eval\leakfree_eval\sessions\validation\validation_fake_only_01.mp4,145,0.13345548510551453,0.26216250310341516,1,1,50625,503x503
xception_df40,C:\deepfake_eval\leakfree_eval\sessions\validation\validation_fake_only_01.mp4,146,0.07569745182991028,0.2558076217770576,1,1,48400,503x503
xception_df40,C:\deepfake_eval\leakfree_eval\sessions\validation\validation_fake_only_01.mp4,147,0.21026255190372467,0.26047749668359754,1,2,47089,503x503
xception_df40,C:\deepfake_eval\leakfree_eval\sessions\validation\validation_fake_only_01.mp4,148,0.21351516246795654,0.25926254242658614,1,1,48841,503x503
xception_df40,C:\deepfake_eval\leakfree_eval\sessions\validation\validation_fake_only_01.mp4,149,0.04966941848397255,0.24257619058092436,1,1,47089,503x503
xception_df40,C:\deepfake_eval\leakfree_eval\sessions\validation\validation_fake_only_01.mp4,150,0.064739890396595,0.22708756054441134,1,1,45796,503x503
xception_df40,C:\deepfake_eval\leakfree_eval\sessions\validation\validation_fake_only_01.mp4,151,0.29548728466033936,0.23800842687487603,1,1,46656,503x503
xception_df40,C:\deepfake_eval\leakfree_eval\sessions\validation\validation_fake_only_01.mp4,152,0.5678340792655945,0.2625081223746141,1,1,49729,503x503
xception_df40,C:\deepfake_eval\leakfree_eval\sessions\validation\validation_fake_only_01.mp4,153,0.14354155957698822,0.2550278536975384,1,1,46656,503x503
xception_df40,C:\deepfake_eval\leakfree_eval\sessions\validation\validation_fake_only_01.mp4,154,0.41100677847862244,0.2512095900873343,1,1,44100,503x503
xception_df40,C:\deepfake_eval\leakfree_eval\sessions\validation\validation_fake_only_01.mp4,155,0.3048091232776642,0.256727193047603,1,1,43264,503x503
xception_df40,C:\deepfake_eval\leakfree_eval\sessions\validation\validation_fake_only_01.mp4,156,0.027855370193719864,0.24638645301262538,0,3,13225,720x720
xception_df40,C:\deepfake_eval\leakfree_eval\sessions\validation\validation_fake_only_01.mp4,157,0.09615396708250046,0.24189006090164183,0,2,14400,720x720
xception_df40,C:\deepfake_eval\leakfree_eval\sessions\validation\validation_fake_only_01.mp4,158,0.11185060441493988,0.1861780395110448,0,1,13456,720x720
xception_df40,C:\deepfake_eval\leakfree_eval\sessions\validation\validation_fake_only_01.mp4,159,0.11127538979053497,0.18781027446190515,0,1,12321,720x720
xception_df40,C:\deepfake_eval\leakfree_eval\sessions\validation\validation_fake_only_01.mp4,160,0.4695732593536377,0.2102181260784467,0,1,17161,720x720
xception_df40,C:\deepfake_eval\leakfree_eval\sessions\validation\validation_fake_only_01.mp4,161,0.7465924024581909,0.25494445612033206,0,1,20449,720x720
xception_df40,C:\deepfake_eval\leakfree_eval\sessions\validation\validation_fake_only_01.mp4,162,0.18855875730514526,0.2534975364804268,0,0,,720x720
xception_df40,C:\deepfake_eval\leakfree_eval\sessions\validation\validation_fake_only_01.mp4,163,0.0665220096707344,0.24369799296061198,0,0,,720x720
xception_df40,C:\deepfake_eval\leakfree_eval\sessions\validation\validation_fake_only_01.mp4,164,0.03050519898533821,0.24242037832736968,0,1,14641,720x720
xception_df40,C:\deepfake_eval\leakfree_eval\sessions\validation\validation_fake_only_01.mp4,165,0.03936730697751045,0.2407288727660974,0,1,14161,720x720
xception_df40,C:\deepfake_eval\leakfree_eval\sessions\validation\validation_fake_only_01.mp4,166,0.999992847442627,0.28769591028491653,1,2,193600,660x660
xception_df40,C:\deepfake_eval\leakfree_eval\sessions\validation\validation_fake_only_01.mp4,167,0.9999992847442627,0.31650692398349445,1,2,186624,648x648
xception_df40,C:\deepfake_eval\leakfree_eval\sessions\validation\validation_fake_only_01.mp4,168,0.9999797344207764,0.37360280230641363,1,2,182329,640x640
xception_df40,C:\deepfake_eval\leakfree_eval\sessions\validation\validation_fake_only_01.mp4,169,0.9335896372795105,0.4084416595598062,1,1,50625,503x503
xception_df40,C:\deepfake_eval\leakfree_eval\sessions\validation\validation_fake_only_01.mp4,170,0.9889326095581055,0.45404989197850226,1,1,40401,503x503
xception_df40,C:\deepfake_eval\leakfree_eval\sessions\validation\validation_fake_only_01.mp4,171,0.5386631488800049,0.48810374389092126,1,1,33489,503x503
xception_df40,C:\deepfake_eval\leakfree_eval\sessions\validation\validation_fake_only_01.mp4,172,0.9992305040359497,0.5483088463544845,1,1,51529,503x503
xception_df40,C:\deepfake_eval\leakfree_eval\sessions\validation\validation_fake_only_01.mp4,173,0.9939331412315369,0.6071143488089243,1,2,47089,503x503
xception_df40,C:\deepfake_eval\leakfree_eval\sessions\validation\validation_fake_only_01.mp4,174,0.6816697120666504,0.6451406369606654,1,2,36481,503x503
xception_df40,C:\deepfake_eval\leakfree_eval\sessions\validation\validation_fake_only_01.mp4,175,0.9999769926071167,0.6805008858442306,1,3,193600,660x660
xception_df40,C:\deepfake_eval\leakfree_eval\sessions\validation\validation_fake_only_01.mp4,176,0.9335249662399292,0.6929630567630132,1,2,40401,503x503
xception_df40,C:\deepfake_eval\leakfree_eval\sessions\validation\validation_fake_only_01.mp4,177,0.9999698400497437,0.7470571289459864,1,2,193600,660x660
xception_df40,C:\deepfake_eval\leakfree_eval\sessions\validation\validation_fake_only_01.mp4,178,0.9862226843833923,0.8083705072601636,1,1,49284,503x503
xception_df40,C:\deepfake_eval\leakfree_eval\sessions\validation\validation_fake_only_01.mp4,179,0.9999949932098389,0.8730031602084637,1,3,193600,660x660
xception_df40,C:\deepfake_eval\leakfree_eval\sessions\validation\validation_fake_only_01.mp4,180,0.9913257956504822,0.9364670594533284,1,1,51529,503x503
xception_df40,C:\deepfake_eval\leakfree_eval\sessions\validation\validation_fake_only_01.mp4,181,0.8294012546539307,0.9250942866007487,1,2,43681,503x503
xception_df40,C:\deepfake_eval\leakfree_eval\sessions\validation\validation_fake_only_01.mp4,182,0.9551888704299927,0.922106925646464,1,1,41616,503x503
xception_df40,C:\deepfake_eval\leakfree_eval\sessions\validation\validation_fake_only_01.mp4,183,0.9254693984985352,0.9171395699183146,1,1,42025,503x503
xception_df40,C:\deepfake_eval\leakfree_eval\sessions\validation\validation_fake_only_01.mp4,184,0.91065514087677,0.9156106034914653,1,2,40401,503x503
xception_df40,C:\deepfake_eval\leakfree_eval\sessions\validation\validation_fake_only_01.mp4,185,0.86716228723526,0.9074925820032755,1,1,48400,503x503
xception_df40,C:\deepfake_eval\leakfree_eval\sessions\validation\validation_fake_only_01.mp4,186,0.838645339012146,0.9274913946787516,1,1,43264,503x503
xception_df40,C:\deepfake_eval\leakfree_eval\sessions\validation\validation_fake_only_01.mp4,187,0.9967684745788574,0.9273272593816121,1,1,54289,503x503
xception_df40,C:\deepfake_eval\leakfree_eval\sessions\validation\validation_fake_only_01.mp4,188,0.9997594952583313,0.9277156829833985,1,2,40000,503x503
xception_df40,C:\deepfake_eval\leakfree_eval\sessions\validation\validation_fake_only_01.mp4,189,0.9987843632698059,0.9488566597302754,1,1,40000,503x503
xception_df40,C:\deepfake_eval\leakfree_eval\sessions\validation\validation_fake_only_01.mp4,190,0.9990955591201782,0.948797897497813,1,2,40000,503x503
xception_df40,C:\deepfake_eval\leakfree_eval\sessions\validation\validation_fake_only_01.mp4,191,0.9997296929359436,0.9532115459442139,1,1,40401,503x503
xception_df40,C:\deepfake_eval\leakfree_eval\sessions\validation\validation_fake_only_01.mp4,192,0.998630166053772,0.9531222343444824,1,2,41209,503x503
xception_df40,C:\deepfake_eval\leakfree_eval\sessions\validation\validation_fake_only_01.mp4,193,0.9985600113868713,0.953944722811381,1,2,43264,503x503
xception_df40,C:\deepfake_eval\leakfree_eval\sessions\validation\validation_fake_only_01.mp4,194,0.9990524649620056,0.9538818875948588,1,3,43681,503x503
xception_df40,C:\deepfake_eval\leakfree_eval\sessions\validation\validation_fake_only_01.mp4,195,0.9986292123794556,0.954368782043457,1,3,41616,503x503
xception_df40,C:\deepfake_eval\leakfree_eval\sessions\validation\validation_fake_only_01.mp4,196,0.9993664622306824,0.9656997958819071,1,3,42849,503x503
xception_df40,C:\deepfake_eval\leakfree_eval\sessions\validation\validation_fake_only_01.mp4,197,0.9984221458435059,0.968582014242808,1,3,42436,503x503
xception_df40,C:\deepfake_eval\leakfree_eval\sessions\validation\validation_fake_only_01.mp4,198,0.9968468546867371,0.9733405113220215,1,2,43264,503x503
xception_df40,C:\deepfake_eval\leakfree_eval\sessions\validation\validation_fake_only_01.mp4,199,0.9981235861778259,0.9791717410087586,1,2,43681,503x503
xception_df40,C:\deepfake_eval\leakfree_eval\sessions\validation\validation_fake_only_01.mp4,200,0.999998927116394,0.9880275170008341,1,1,68644,503x503
xception_df40,C:\deepfake_eval\leakfree_eval\sessions\validation\validation_fake_only_01.mp4,201,0.9996623992919922,0.9987619876861572,1,2,62500,503x503
xception_df40,C:\deepfake_eval\leakfree_eval\sessions\validation\validation_fake_only_01.mp4,202,0.9999884366989136,0.9989766518274943,1,2,62001,503x503
xception_df40,C:\deepfake_eval\leakfree_eval\sessions\validation\validation_fake_only_01.mp4,203,0.9999920129776001,0.9989921530087789,1,1,60516,503x503
xception_df40,C:\deepfake_eval\leakfree_eval\sessions\validation\validation_fake_only_01.mp4,204,0.9999532699584961,0.9990700801213582,1,1,55225,503x503
xception_df40,C:\deepfake_eval\leakfree_eval\sessions\validation\validation_fake_only_01.mp4,205,0.9997125267982483,0.9991112112998962,1,1,53824,503x503
xception_df40,C:\deepfake_eval\leakfree_eval\sessions\validation\validation_fake_only_01.mp4,206,0.9999678134918213,0.9991270860036214,1,1,62500,503x503
xception_df40,C:\deepfake_eval\leakfree_eval\sessions\validation\validation_fake_only_01.mp4,207,0.9999017715454102,0.9992118597030639,1,3,64516,503x503
xception_df40,C:\deepfake_eval\leakfree_eval\sessions\validation\validation_fake_only_01.mp4,208,0.9929707646369934,0.998839243253072,1,1,60516,503x503
xception_df40,C:\deepfake_eval\leakfree_eval\sessions\validation\validation_fake_only_01.mp4,209,0.9998564720153809,0.9988928437232971,1,2,55225,503x503
xception_df40,C:\deepfake_eval\leakfree_eval\sessions\validation\validation_fake_only_01.mp4,210,0.8982061743736267,0.9921979745229085,0,0,,720x720
xception_df40,C:\deepfake_eval\leakfree_eval\sessions\validation\validation_fake_only_01.mp4,211,0.9977669715881348,0.9920913418134053,1,2,72900,503x503
xception_df40,C:\deepfake_eval\leakfree_eval\sessions\validation\validation_fake_only_01.mp4,212,0.9970767498016357,0.9920016487439474,1,1,63001,503x503
xception_df40,C:\deepfake_eval\leakfree_eval\sessions\validation\validation_fake_only_01.mp4,213,0.9999614953994751,0.9922092914581299,1,1,61009,503x503
xception_df40,C:\deepfake_eval\leakfree_eval\sessions\validation\validation_fake_only_01.mp4,214,0.9872453808784485,0.9914840777715047,1,3,44944,503x503
xception_df40,C:\deepfake_eval\leakfree_eval\sessions\validation\validation_fake_only_01.mp4,215,0.9179113507270813,0.9860115726788838,1,3,49729,503x503
xception_df40,C:\deepfake_eval\leakfree_eval\sessions\validation\validation_fake_only_01.mp4,216,0.9603149890899658,0.9833884119987488,1,3,51984,503x503
xception_df40,C:\deepfake_eval\leakfree_eval\sessions\validation\validation_fake_only_01.mp4,217,0.17434021830558777,0.9283451974391937,1,3,45796,503x503
xception_df40,C:\deepfake_eval\leakfree_eval\sessions\validation\validation_fake_only_01.mp4,218,0.8758836388587952,0.9200713058312734,1,3,49284,503x503
xception_df40,C:\deepfake_eval\leakfree_eval\sessions\validation\validation_fake_only_01.mp4,219,0.9299741983413696,0.9154060343901317,1,3,52441,503x503
xception_df40,C:\deepfake_eval\leakfree_eval\sessions\validation\validation_fake_only_01.mp4,220,0.24488475918769836,0.8650841832160949,1,4,44100,503x503
xception_df40,C:\deepfake_eval\leakfree_eval\sessions\validation\validation_fake_only_01.mp4,221,0.9848443865776062,0.8640759547551473,1,3,47089,503x503
xception_df40,C:\deepfake_eval\leakfree_eval\sessions\validation\validation_fake_only_01.mp4,222,0.7769747376441956,0.8492141524950664,1,3,50625,503x503
xception_df40,C:\deepfake_eval\leakfree_eval\sessions\validation\validation_fake_only_01.mp4,223,0.05745244026184082,0.7868462642033894,1,4,44521,503x503
xception_df40,C:\deepfake_eval\leakfree_eval\sessions\validation\validation_fake_only_01.mp4,224,0.968658983707428,0.784766431649526,1,3,47961,503x503
xception_df40,C:\deepfake_eval\leakfree_eval\sessions\validation\validation_fake_only_01.mp4,225,0.2888583242893219,0.7441432416439057,1,3,54289,503x503
xception_df40,C:\deepfake_eval\leakfree_eval\sessions\validation\validation_fake_only_01.mp4,226,0.9064476490020752,0.738055286804835,1,3,50176,503x503
xception_df40,C:\deepfake_eval\leakfree_eval\sessions\validation\validation_fake_only_01.mp4,227,0.9005540609359741,0.7316204408804575,1,3,49284,503x503
xception_df40,C:\deepfake_eval\leakfree_eval\sessions\validation\validation_fake_only_01.mp4,228,0.7940903306007385,0.7178956965605418,1,3,49729,503x503
xception_df40,C:\deepfake_eval\leakfree_eval\sessions\validation\validation_fake_only_01.mp4,229,0.8674980401992798,0.7099125405152639,1,3,51529,503x503
xception_df40,C:\deepfake_eval\leakfree_eval\sessions\validation\validation_fake_only_01.mp4,230,0.9370576739311218,0.7111889620622,1,3,47961,503x503
xception_df40,C:\deepfake_eval\leakfree_eval\sessions\validation\validation_fake_only_01.mp4,231,0.4564436376094818,0.6775975386301677,1,3,38416,503x503
xception_df40,C:\deepfake_eval\leakfree_eval\sessions\validation\validation_fake_only_01.mp4,232,0.025981903076171875,0.66770698428154,1,2,54289,503x503
xception_df40,C:\deepfake_eval\leakfree_eval\sessions\validation\validation_fake_only_01.mp4,233,0.004466937389224768,0.6096125375169019,1,3,51076,503x503
xception_df40,C:\deepfake_eval\leakfree_eval\sessions\validation\validation_fake_only_01.mp4,234,0.21411317586898804,0.5618884693520765,1,1,69169,503x503
xception_df40,C:\deepfake_eval\leakfree_eval\sessions\validation\validation_fake_only_01.mp4,235,0.3037830591201782,0.5658150226809084,1,1,66564,503x503
xception_df40,C:\deepfake_eval\leakfree_eval\sessions\validation\validation_fake_only_01.mp4,236,0.007438033353537321,0.5006545991326372,1,3,60516,503x503
xception_df40,C:\deepfake_eval\leakfree_eval\sessions\validation\validation_fake_only_01.mp4,237,0.03405703976750374,0.4511267526075244,1,1,49729,503x503
xception_df40,C:\deepfake_eval\leakfree_eval\sessions\validation\validation_fake_only_01.mp4,238,0.0036835558712482452,0.44754216031481825,1,1,53824,503x503
xception_df40,C:\deepfake_eval\leakfree_eval\sessions\validation\validation_fake_only_01.mp4,239,0.09631852805614471,0.389386129938066,1,1,76176,503x503
xception_df40,C:\deepfake_eval\leakfree_eval\sessions\validation\validation_fake_only_01.mp4,240,0.2105061262845993,0.3841626500710845,1,1,51076,503x503
xception_df40,C:\deepfake_eval\leakfree_eval\sessions\validation\validation_fake_only_01.mp4,241,0.011105731129646301,0.32447318887958926,1,1,53361,503x503
xception_df40,C:\deepfake_eval\leakfree_eval\sessions\validation\validation_fake_only_01.mp4,242,0.010854738764464855,0.26515990073482193,1,1,56169,503x503
xception_df40,C:\deepfake_eval\leakfree_eval\sessions\validation\validation_fake_only_01.mp4,243,0.43916022777557373,0.24149789387981097,1,1,34969,503x503
xception_df40,C:\deepfake_eval\leakfree_eval\sessions\validation\validation_fake_only_01.mp4,244,0.6878585815429688,0.22952192996939022,1,1,34596,503x503
xception_df40,C:\deepfake_eval\leakfree_eval\sessions\validation\validation_fake_only_01.mp4,245,0.3039599657058716,0.18731541608770688,1,1,32400,503x503
xception_df40,C:\deepfake_eval\leakfree_eval\sessions\validation\validation_fake_only_01.mp4,246,0.8804413080215454,0.21558192744851112,1,2,36100,503x503
xception_df40,C:\deepfake_eval\leakfree_eval\sessions\validation\validation_fake_only_01.mp4,247,0.6055388450622559,0.25421905691425006,1,1,34225,503x503
xception_df40,C:\deepfake_eval\leakfree_eval\sessions\validation\validation_fake_only_01.mp4,248,0.45213082432746887,0.28406331604346635,1,2,32400,503x503
xception_df40,C:\deepfake_eval\leakfree_eval\sessions\validation\validation_fake_only_01.mp4,249,0.5534232258796692,0.3066839860441784,1,2,33489,503x503
xception_df40,C:\deepfake_eval\leakfree_eval\sessions\validation\validation_fake_only_01.mp4,250,0.08924944698810577,0.2923817452353736,1,1,32400,503x503
xception_df40,C:\deepfake_eval\leakfree_eval\sessions\validation\validation_fake_only_01.mp4,251,0.7990413904190063,0.3451553023730715,1,1,34225,503x503
xception_df40,C:\deepfake_eval\leakfree_eval\sessions\validation\validation_fake_only_01.mp4,252,0.3357148766517639,0.3652658248320222,1,2,30625,503x503
xception_df40,C:\deepfake_eval\leakfree_eval\sessions\validation\validation_fake_only_01.mp4,253,0.9144194722175598,0.42598155258844295,1,2,30276,503x503
xception_df40,C:\deepfake_eval\leakfree_eval\sessions\validation\validation_fake_only_01.mp4,254,0.10692408680915833,0.4266885898386439,1,2,34969,503x503
xception_df40,C:\deepfake_eval\leakfree_eval\sessions\validation\validation_fake_only_01.mp4,255,0.1529330164194107,0.42285038251429796,1,2,32400,503x503
xception_df40,C:\deepfake_eval\leakfree_eval\sessions\validation\validation_fake_only_01.mp4,256,0.09166595339775085,0.42822106399883825,1,2,33489,503x503
xception_df40,C:\deepfake_eval\leakfree_eval\sessions\validation\validation_fake_only_01.mp4,257,0.5736536383628845,0.4657409906387329,1,2,29241,503x503
xception_df40,C:\deepfake_eval\leakfree_eval\sessions\validation\validation_fake_only_01.mp4,258,0.48688316345214844,0.4689225196838379,1,1,32761,503x503
xception_df40,C:\deepfake_eval\leakfree_eval\sessions\validation\validation_fake_only_01.mp4,259,0.0658622682094574,0.4274560987949371,1,1,32761,503x503
xception_df40,C:\deepfake_eval\leakfree_eval\sessions\validation\validation_fake_only_01.mp4,260,0.4032791554927826,0.43407737811406455,1,2,34969,503x503
xception_df40,C:\deepfake_eval\leakfree_eval\sessions\validation\validation_fake_only_01.mp4,261,0.05018794164061546,0.3787271536886692,1,2,33856,503x503
xception_df40,C:\deepfake_eval\leakfree_eval\sessions\validation\validation_fake_only_01.mp4,262,0.10971897840499878,0.3456724959115187,1,2,32761,503x503
xception_df40,C:\deepfake_eval\leakfree_eval\sessions\validation\validation_fake_only_01.mp4,263,0.9171256422996521,0.3766721504429976,1,2,35721,503x503
xception_df40,C:\deepfake_eval\leakfree_eval\sessions\validation\validation_fake_only_01.mp4,264,0.15083469450473785,0.3498329150180022,1,2,36481,503x503
xception_df40,C:\deepfake_eval\leakfree_eval\sessions\validation\validation_fake_only_01.mp4,265,0.1471640020608902,0.35369388535618784,1,1,32761,503x503
xception_df40,C:\deepfake_eval\leakfree_eval\sessions\validation\validation_fake_only_01.mp4,266,0.23591384291648865,0.31615204885602,1,1,34969,503x503
xception_df40,C:\deepfake_eval\leakfree_eval\sessions\validation\validation_fake_only_01.mp4,267,0.5426228046417236,0.3299459107220173,1,2,34596,503x503
xception_df40,C:\deepfake_eval\leakfree_eval\sessions\validation\validation_fake_only_01.mp4,268,0.9489243626594543,0.3322462367514769,1,2,33489,503x503
xception_df40,C:\deepfake_eval\leakfree_eval\sessions\validation\validation_fake_only_01.mp4,269,0.8163314461708069,0.37954006070892016,1,2,36100,503x503
xception_df40,C:\deepfake_eval\leakfree_eval\sessions\validation\validation_fake_only_01.mp4,270,0.20616184175014496,0.38308864906430246,1,2,38025,503x503
xception_df40,C:\deepfake_eval\leakfree_eval\sessions\validation\validation_fake_only_01.mp4,271,0.030817590653896332,0.37903209154804546,1,2,35721,503x503
xception_df40,C:\deepfake_eval\leakfree_eval\sessions\validation\validation_fake_only_01.mp4,272,0.4739536941051483,0.3723854285975297,1,1,178929,634x634
xception_df40,C:\deepfake_eval\leakfree_eval\sessions\validation\validation_fake_only_01.mp4,273,0.0027444097213447094,0.3401095116821428,1,1,184900,645x645
xception_df40,C:\deepfake_eval\leakfree_eval\sessions\validation\validation_fake_only_01.mp4,274,0.0008207224309444427,0.33577340863024197,1,1,183184,642x642
xception_df40,C:\deepfake_eval\leakfree_eval\sessions\validation\validation_fake_only_01.mp4,275,0.0025234855711460114,0.3090563639687995,1,1,178084,633x633
xception_df40,C:\deepfake_eval\leakfree_eval\sessions\validation\validation_fake_only_01.mp4,276,0.0010118260979652405,0.30577795626595616,1,1,186624,648x648
xception_df40,C:\deepfake_eval\leakfree_eval\sessions\validation\validation_fake_only_01.mp4,277,0.001987235154956579,0.2985958400492867,1,1,183184,642x642
xception_df40,C:\deepfake_eval\leakfree_eval\sessions\validation\validation_fake_only_01.mp4,278,0.015704290941357613,0.23850108329206704,1,1,183184,642x642
xception_df40,C:\deepfake_eval\leakfree_eval\sessions\validation\validation_fake_only_01.mp4,279,0.003528174478560686,0.22868064862365525,1,1,186624,648x648
xception_df40,C:\deepfake_eval\leakfree_eval\sessions\validation\validation_fake_only_01.mp4,280,0.10061077028512955,0.22557709983860452,1,1,183184,642x642
xception_df40,C:\deepfake_eval\leakfree_eval\sessions\validation\validation_fake_only_01.mp4,281,0.002085825428366661,0.2099885653393964,1,1,176400,630x630
xception_df40,C:\deepfake_eval\leakfree_eval\sessions\validation\validation_fake_only_01.mp4,282,0.6757305860519409,0.2188624174334109,1,1,51529,503x503
xception_df40,C:\deepfake_eval\leakfree_eval\sessions\validation\validation_fake_only_01.mp4,283,0.8016717433929443,0.20904557614897687,1,1,48400,503x503
xception_df40,C:\deepfake_eval\leakfree_eval\sessions\validation\validation_fake_only_01.mp4,284,0.3378594219684601,0.17714744120215375,1,1,48400,503x503
xception_df40,C:\deepfake_eval\leakfree_eval\sessions\validation\validation_fake_only_01.mp4,285,0.9697285890579224,0.22805189102267226,1,1,48841,503x503
xception_df40,C:\deepfake_eval\leakfree_eval\sessions\validation\validation_fake_only_01.mp4,286,0.9039746522903442,0.28626236179843545,1,1,51529,503x503
xception_df40,C:\deepfake_eval\leakfree_eval\sessions\validation\validation_fake_only_01.mp4,287,0.9526430368423462,0.318174984647582,1,2,46225,503x503
xception_df40,C:\deepfake_eval\leakfree_eval\sessions\validation\validation_fake_only_01.mp4,288,0.5833168029785156,0.3568798108647267,1,1,51076,503x503
xception_df40,C:\deepfake_eval\leakfree_eval\sessions\validation\validation_fake_only_01.mp4,289,0.798689603805542,0.4100710696230332,1,1,48841,503x503
xception_df40,C:\deepfake_eval\leakfree_eval\sessions\validation\validation_fake_only_01.mp4,290,0.9299100637435913,0.4718968415011962,1,1,48400,503x503
xception_df40,C:\deepfake_eval\leakfree_eval\sessions\validation\validation_fake_only_01.mp4,291,0.7196017503738403,0.5198028364529212,1,1,48841,503x503
xception_df40,C:\deepfake_eval\leakfree_eval\sessions\validation\validation_fake_only_01.mp4,292,0.9540525078773499,0.5832738546344142,1,1,44100,503x503
xception_df40,C:\deepfake_eval\leakfree_eval\sessions\validation\validation_fake_only_01.mp4,293,0.6362593173980713,0.6246441897315284,1,2,47089,503x503
xception_df40,C:\deepfake_eval\leakfree_eval\sessions\validation\validation_fake_only_01.mp4,294,0.2441452145576477,0.6406853257368008,1,1,38025,503x503
xception_df40,C:\deepfake_eval\leakfree_eval\sessions\validation\validation_fake_only_01.mp4,295,0.20946402847766876,0.6479422096163034,1,1,41616,503x503
xception_df40,C:\deepfake_eval\leakfree_eval\sessions\validation\validation_fake_only_01.mp4,296,0.06584584712982178,0.6521928777297338,1,2,40000,503x503
xception_df40,C:\deepfake_eval\leakfree_eval\sessions\validation\validation_fake_only_01.mp4,297,0.34398579597473145,0.6300765583912532,1,1,44944,503x503
xception_df40,C:\deepfake_eval\leakfree_eval\sessions\validation\validation_fake_only_01.mp4,298,0.15981559455394745,0.5872861484686533,1,1,40000,503x503
xception_df40,C:\deepfake_eval\leakfree_eval\sessions\validation\validation_fake_only_01.mp4,299,0.013543928973376751,0.5656651156023145,1,1,44944,503x503
xception_df40,C:\deepfake_eval\leakfree_eval\sessions\validation\validation_fake_only_01.mp4,300,0.5058823227882385,0.5347420311843355,1,1,47524,503x503
xception_df40,C:\deepfake_eval\leakfree_eval\sessions\validation\validation_fake_only_01.mp4,301,0.0997263565659523,0.48112547813604273,1,1,38809,503x503
xception_df40,C:\deepfake_eval\leakfree_eval\sessions\validation\validation_fake_only_01.mp4,302,0.03828306868672371,0.4201681469256679,1,1,44944,503x503
xception_df40,C:\deepfake_eval\leakfree_eval\sessions\validation\validation_fake_only_01.mp4,303,0.2300594002008438,0.3966176534071565,1,1,43681,503x503
xception_df40,C:\deepfake_eval\leakfree_eval\sessions\validation\validation_fake_only_01.mp4,304,0.05109354481101036,0.34677791614085435,1,1,43681,503x503
xception_df40,C:\deepfake_eval\leakfree_eval\sessions\validation\validation_fake_only_01.mp4,305,0.09243258833885193,0.29094608444720504,1,1,43681,503x503
xception_df40,C:\deepfake_eval\leakfree_eval\sessions\validation\validation_fake_only_01.mp4,306,0.5291597843170166,0.2782499533767501,1,1,44521,503x503
xception_df40,C:\deepfake_eval\leakfree_eval\sessions\validation\validation_fake_only_01.mp4,307,0.8609499335289001,0.2720431150868535,1,1,46225,503x503
xception_df40,C:\deepfake_eval\leakfree_eval\sessions\validation\validation_fake_only_01.mp4,308,0.3806571066379547,0.25500296770284575,1,1,44100,503x503
xception_df40,C:\deepfake_eval\leakfree_eval\sessions\validation\validation_fake_only_01.mp4,309,0.07922394573688507,0.24400821644812823,1,1,46225,503x503
xception_df40,C:\deepfake_eval\leakfree_eval\sessions\validation\validation_fake_only_01.mp4,310,0.7289268970489502,0.2786390743528803,1,1,45369,503x503
xception_df40,C:\deepfake_eval\leakfree_eval\sessions\validation\validation_fake_only_01.mp4,311,0.2522023618221283,0.2910628419990341,1,1,41616,503x503
xception_df40,C:\deepfake_eval\leakfree_eval\sessions\validation\validation_fake_only_01.mp4,312,0.33894139528274536,0.29072654861956837,1,1,43264,503x503
xception_df40,C:\deepfake_eval\leakfree_eval\sessions\validation\validation_fake_only_01.mp4,313,0.24510134756565094,0.29641226548701527,1,1,44944,503x503
xception_df40,C:\deepfake_eval\leakfree_eval\sessions\validation\validation_fake_only_01.mp4,314,0.39977583289146423,0.3221610590815544,1,1,40804,503x503
xception_df40,C:\deepfake_eval\leakfree_eval\sessions\validation\validation_fake_only_01.mp4,315,0.17566388845443726,0.30014649679263433,1,1,45796,503x503
xception_df40,C:\deepfake_eval\leakfree_eval\sessions\validation\validation_fake_only_01.mp4,316,0.8399039506912231,0.34949166973431905,1,1,43681,503x503
xception_df40,C:\deepfake_eval\leakfree_eval\sessions\validation\validation_fake_only_01.mp4,317,0.10047734528779984,0.3536379548410575,1,1,42436,503x503
xception_df40,C:\deepfake_eval\leakfree_eval\sessions\validation\validation_fake_only_01.mp4,318,0.20618149638175964,0.35204609458645186,1,1,42849,503x503
xception_df40,C:\deepfake_eval\leakfree_eval\sessions\validation\validation_fake_only_01.mp4,319,0.6258603930473328,0.3903638844688733,1,1,39204,503x503
xception_df40,C:\deepfake_eval\leakfree_eval\sessions\validation\validation_fake_only_01.mp4,320,0.2586476504802704,0.4014448886116346,1,1,38416,503x503
xception_df40,C:\deepfake_eval\leakfree_eval\sessions\validation\validation_fake_only_01.mp4,321,0.10375550389289856,0.3730846032500267,1,1,42849,503x503
xception_df40,C:\deepfake_eval\leakfree_eval\sessions\validation\validation_fake_only_01.mp4,322,0.27888479828834534,0.3342802609006564,1,1,40804,503x503
xception_df40,C:\deepfake_eval\leakfree_eval\sessions\validation\validation_fake_only_01.mp4,323,0.16770195960998535,0.32008325109879177,1,1,42436,503x503
xception_df40,C:\deepfake_eval\leakfree_eval\sessions\validation\validation_fake_only_01.mp4,324,0.015592259354889393,0.31584113867332536,1,1,43681,503x503
xception_df40,C:\deepfake_eval\leakfree_eval\sessions\validation\validation_fake_only_01.mp4,325,0.8272273540496826,0.3223945024733742,0,1,5329,720x720
xception_df40,C:\deepfake_eval\leakfree_eval\sessions\validation\validation_fake_only_01.mp4,326,0.7550405859947205,0.355917050751547,0,1,7056,720x720
xception_df40,C:\deepfake_eval\leakfree_eval\sessions\validation\validation_fake_only_01.mp4,327,0.5236654877662659,0.3682319902504484,0,2,7056,720x720
xception_df40,C:\deepfake_eval\leakfree_eval\sessions\validation\validation_fake_only_01.mp4,328,0.8151605725288391,0.4062359385813276,0,1,8836,720x720
xception_df40,C:\deepfake_eval\leakfree_eval\sessions\validation\validation_fake_only_01.mp4,329,0.703011691570282,0.4264516624932488,0,1,7056,720x720
xception_df40,C:\deepfake_eval\leakfree_eval\sessions\validation\validation_fake_only_01.mp4,330,0.5807846188545227,0.4534597111865878,0,1,6889,720x720
xception_df40,C:\deepfake_eval\leakfree_eval\sessions\validation\validation_fake_only_01.mp4,331,0.7160612940788269,0.44520353407909474,0,1,8649,720x720
xception_df40,C:\deepfake_eval\leakfree_eval\sessions\validation\validation_fake_only_01.mp4,332,0.7393718361854553,0.48779650013893844,0,2,7056,720x720
xception_df40,C:\deepfake_eval\leakfree_eval\sessions\validation\validation_fake_only_01.mp4,333,0.9130883812904358,0.5349236257995168,0,1,7396,720x720
xception_df40,C:\deepfake_eval\leakfree_eval\sessions\validation\validation_fake_only_01.mp4,334,0.6101720333099365,0.5338777351503571,0,1,8281,720x720
xception_df40,C:\deepfake_eval\leakfree_eval\sessions\validation\validation_fake_only_01.mp4,335,0.6697899103164673,0.5612872191394369,0,1,8100,720x720
xception_df40,C:\deepfake_eval\leakfree_eval\sessions\validation\validation_fake_only_01.mp4,336,0.8305017352104187,0.6097369678939383,0,2,7744,720x720
xception_df40,C:\deepfake_eval\leakfree_eval\sessions\validation\validation_fake_only_01.mp4,337,0.9275552034378052,0.6529816615705689,0,2,7921,720x720
xception_df40,C:\deepfake_eval\leakfree_eval\sessions\validation\validation_fake_only_01.mp4,338,0.8359878659248352,0.6975340553248922,0,2,7921,720x720
xception_df40,C:\deepfake_eval\leakfree_eval\sessions\validation\validation_fake_only_01.mp4,339,0.869075357913971,0.7544329285621643,0,2,7744,720x720
xception_df40,C:\deepfake_eval\leakfree_eval\sessions\validation\validation_fake_only_01.mp4,340,0.9053840041160583,0.7596433718999227,0,1,8281,720x720
xception_df40,C:\deepfake_eval\leakfree_eval\sessions\validation\validation_fake_only_01.mp4,341,0.8278568387031555,0.7644977887471517,0,2,14400,720x720
xception_df40,C:\deepfake_eval\leakfree_eval\sessions\validation\validation_fake_only_01.mp4,342,0.8544868230819702,0.7865525444348653,1,6,67600,503x503
xception_df40,C:\deepfake_eval\leakfree_eval\sessions\validation\validation_fake_only_01.mp4,343,0.9896590113639832,0.7981857736905416,1,4,69696,503x503
xception_df40,C:\deepfake_eval\leakfree_eval\sessions\validation\validation_fake_only_01.mp4,344,0.9841204285621643,0.8169263561566671,1,4,68121,503x503
xception_df40,C:\deepfake_eval\leakfree_eval\sessions\validation\validation_fake_only_01.mp4,345,0.9850163459777832,0.8438751379648844,1,5,71289,503x503
xception_df40,C:\deepfake_eval\leakfree_eval\sessions\validation\validation_fake_only_01.mp4,346,0.8558960556983948,0.853197455406189,1,6,73984,503x503
xception_df40,C:\deepfake_eval\leakfree_eval\sessions\validation\validation_fake_only_01.mp4,347,0.9698891639709473,0.8685652772585551,1,7,68644,503x503
xception_df40,C:\deepfake_eval\leakfree_eval\sessions\validation\validation_fake_only_01.mp4,348,0.9926896691322327,0.8738720297813416,1,5,73441,503x503
xception_df40,C:\deepfake_eval\leakfree_eval\sessions\validation\validation_fake_only_01.mp4,349,0.9944164752960205,0.8994883259137472,1,6,79524,503x503
xception_df40,C:\deepfake_eval\leakfree_eval\sessions\validation\validation_fake_only_01.mp4,350,0.9558036923408508,0.9185559113820394,1,7,78961,503x503
xception_df40,C:\deepfake_eval\leakfree_eval\sessions\validation\validation_fake_only_01.mp4,351,0.9886858463287354,0.9291015187899272,1,6,74529,503x503
xception_df40,C:\deepfake_eval\leakfree_eval\sessions\validation\validation_fake_only_01.mp4,352,0.9717342853546143,0.9320467909177145,1,6,62001,503x503
xception_df40,C:\deepfake_eval\leakfree_eval\sessions\validation\validation_fake_only_01.mp4,353,0.9897236824035645,0.9422958453496297,1,5,69169,503x503
xception_df40,C:\deepfake_eval\leakfree_eval\sessions\validation\validation_fake_only_01.mp4,354,0.9922540187835693,0.9505077560742696,1,5,62001,503x503
xception_df40,C:\deepfake_eval\leakfree_eval\sessions\validation\validation_fake_only_01.mp4,355,0.9800140857696533,0.955483094851176,1,5,63504,503x503
xception_df40,C:\deepfake_eval\leakfree_eval\sessions\validation\validation_fake_only_01.mp4,356,0.9213271141052246,0.9617144465446472,1,6,69169,503x503
xception_df40,C:\deepfake_eval\leakfree_eval\sessions\validation\validation_fake_only_01.mp4,357,0.9980388283729553,0.9712845802307128,1,8,73984,503x503
xception_df40,C:\deepfake_eval\leakfree_eval\sessions\validation\validation_fake_only_01.mp4,358,0.9978049397468567,0.9718276421229045,1,1,104329,503x503
xception_df40,C:\deepfake_eval\leakfree_eval\sessions\validation\validation_fake_only_01.mp4,359,0.9697978496551514,0.9708728035291035,1,1,92416,503x503
xception_df40,C:\deepfake_eval\leakfree_eval\sessions\validation\validation_fake_only_01.mp4,360,0.849738359451294,0.9618542710940043,1,1,99856,503x503
xception_df40,C:\deepfake_eval\leakfree_eval\sessions\validation\validation_fake_only_01.mp4,361,0.9999411106109619,0.9714572747548421,1,1,106276,503x503
xception_df40,C:\deepfake_eval\leakfree_eval\sessions\validation\validation_fake_only_01.mp4,362,0.9997043013572693,0.9734449505805969,1,1,112225,503x503
xception_df40,C:\deepfake_eval\leakfree_eval\sessions\validation\validation_fake_only_01.mp4,363,0.015593056567013264,0.9083051764095823,1,1,110224,503x503
xception_df40,C:\deepfake_eval\leakfree_eval\sessions\validation\validation_fake_only_01.mp4,364,0.16365382075309753,0.8529209994400541,1,1,107584,503x503
xception_df40,C:\deepfake_eval\leakfree_eval\sessions\validation\validation_fake_only_01.mp4,365,0.9859501719474792,0.8549307647471627,1,1,110889,503x503
xception_df40,C:\deepfake_eval\leakfree_eval\sessions\validation\validation_fake_only_01.mp4,366,0.9999697208404541,0.8556830230479439,1,1,108900,503x503
xception_df40,C:\deepfake_eval\leakfree_eval\sessions\validation\validation_fake_only_01.mp4,367,0.7474431991577148,0.8407302839681506,1,1,108241,503x503
xception_df40,C:\deepfake_eval\leakfree_eval\sessions\validation\validation_fake_only_01.mp4,368,0.9986010193824768,0.8413221064334114,1,1,108900,503x503
xception_df40,C:\deepfake_eval\leakfree_eval\sessions\validation\validation_fake_only_01.mp4,369,0.99888676404953,0.8417642894511421,1,1,103041,503x503
xception_df40,C:\deepfake_eval\leakfree_eval\sessions\validation\validation_fake_only_01.mp4,370,0.9419406652450562,0.839226061416169,1,1,103684,503x503
xception_df40,C:\deepfake_eval\leakfree_eval\sessions\validation\validation_fake_only_01.mp4,371,0.9942018389701843,0.8440843764071663,1,1,100489,503x503
xception_df40,C:\deepfake_eval\leakfree_eval\sessions\validation\validation_fake_only_01.mp4,372,0.9845545887947083,0.8431854271019499,1,1,113569,505x505
xception_df40,C:\deepfake_eval\leakfree_eval\sessions\validation\validation_fake_only_01.mp4,373,0.9243054389953613,0.8382854603851835,1,1,113569,505x505
xception_df40,C:\deepfake_eval\leakfree_eval\sessions\validation\validation_fake_only_01.mp4,374,0.9915627241134644,0.8397364520157377,1,1,104976,503x503
xception_df40,C:\deepfake_eval\leakfree_eval\sessions\validation\validation_fake_only_01.mp4,375,0.9918776750564575,0.8492124063894153,1,1,103041,503x503
xception_df40,C:\deepfake_eval\leakfree_eval\sessions\validation\validation_fake_only_01.mp4,376,0.9980502128601074,0.8490863465393583,1,1,106276,503x503
xception_df40,C:\deepfake_eval\leakfree_eval\sessions\validation\validation_fake_only_01.mp4,377,0.9991957545280457,0.84905244341741,1,1,101761,503x503
xception_df40,C:\deepfake_eval\leakfree_eval\sessions\validation\validation_fake_only_01.mp4,378,0.9992535710334778,0.9146298110485077,1,1,100489,503x503
xception_df40,C:\deepfake_eval\leakfree_eval\sessions\validation\validation_fake_only_01.mp4,379,0.9970712661743164,0.9701909740765889,1,1,102400,503x503
xception_df40,C:\deepfake_eval\leakfree_eval\sessions\validation\validation_fake_only_01.mp4,380,0.9987051486968994,0.9710413058598836,1,1,103684,503x503
xception_df40,C:\deepfake_eval\leakfree_eval\sessions\validation\validation_fake_only_01.mp4,381,0.9973207116127014,0.9708647052447001,1,1,101124,503x503
xception_df40,C:\deepfake_eval\leakfree_eval\sessions\validation\validation_fake_only_01.mp4,382,0.9989733695983887,0.9876333832740783,1,1,100489,503x503
xception_df40,C:\deepfake_eval\leakfree_eval\sessions\validation\validation_fake_only_01.mp4,383,0.9661248326301575,0.9854683041572571,1,1,108241,503x503
xception_df40,C:\deepfake_eval\leakfree_eval\sessions\validation\validation_fake_only_01.mp4,384,0.11571332067251205,0.9265900745987892,1,1,95481,503x503
xception_df40,C:\deepfake_eval\leakfree_eval\sessions\validation\validation_fake_only_01.mp4,385,0.0850210040807724,0.869462097187837,1,1,99225,503x503
xception_df40,C:\deepfake_eval\leakfree_eval\sessions\validation\validation_fake_only_01.mp4,386,0.1525566428899765,0.8133524174491564,1,1,97344,503x503
xception_df40,C:\deepfake_eval\leakfree_eval\sessions\validation\validation_fake_only_01.mp4,387,0.9928217530250549,0.8139035617311795,1,1,94864,503x503
xception_df40,C:\deepfake_eval\leakfree_eval\sessions\validation\validation_fake_only_01.mp4,388,0.9994995594024658,0.8189165030916532,1,1,104976,503x503
xception_df40,C:\deepfake_eval\leakfree_eval\sessions\validation\validation_fake_only_01.mp4,389,0.6397606134414673,0.7954630290468534,1,1,101761,503x503
xception_df40,C:\deepfake_eval\leakfree_eval\sessions\validation\validation_fake_only_01.mp4,390,0.8996195793151855,0.7893124893307686,1,1,96721,503x503
xception_df40,C:\deepfake_eval\leakfree_eval\sessions\validation\validation_fake_only_01.mp4,391,0.9969077706336975,0.7892363265156745,1,1,96721,503x503
xception_df40,C:\deepfake_eval\leakfree_eval\sessions\validation\validation_fake_only_01.mp4,392,0.9857276082038879,0.7883384500940641,1,1,99225,503x503
xception_df40,C:\deepfake_eval\leakfree_eval\sessions\validation\validation_fake_only_01.mp4,393,0.9974594712257385,0.7882188434402148,1,1,94864,503x503
xception_df40,C:\deepfake_eval\leakfree_eval\sessions\validation\validation_fake_only_01.mp4,394,0.9978125095367432,0.7882682596643765,1,1,100489,503x503
xception_df40,C:\deepfake_eval\leakfree_eval\sessions\validation\validation_fake_only_01.mp4,395,0.9979851245880127,0.7882202580571175,1,1,103041,503x503
xception_df40,C:\deepfake_eval\leakfree_eval\sessions\validation\validation_fake_only_01.mp4,396,0.998967170715332,0.7883300219972929,1,1,130321,541x541
xception_df40,C:\deepfake_eval\leakfree_eval\sessions\validation\validation_fake_only_01.mp4,397,0.9999849796295166,0.7883974626660347,1,1,144400,570x570
xception_df40,C:\deepfake_eval\leakfree_eval\sessions\validation\validation_fake_only_01.mp4,398,0.924203634262085,0.7856027161081632,1,1,137641,556x556
xception_df40,C:\deepfake_eval\leakfree_eval\sessions\validation\validation_fake_only_01.mp4,399,0.987709641456604,0.843735804160436,1,1,173056,624x624
xception_df40,C:\deepfake_eval\leakfree_eval\sessions\validation\validation_fake_only_01.mp4,400,0.9857935309410095,0.9037873059511184,1,1,190096,654x654
xception_df40,C:\deepfake_eval\leakfree_eval\sessions\validation\validation_fake_only_01.mp4,401,0.9998704195022583,0.960274891058604,1,1,146689,574x574
xception_df40,C:\deepfake_eval\leakfree_eval\sessions\validation\validation_fake_only_01.mp4,402,0.9230647087097168,0.9556244214375814,1,1,129600,540x540
xception_df40,C:\deepfake_eval\leakfree_eval\sessions\validation\validation_fake_only_01.mp4,403,0.5869945287704468,0.9281240860621135,1,1,133956,549x549
xception_df40,C:\deepfake_eval\leakfree_eval\sessions\validation\validation_fake_only_01.mp4,404,0.7416203618049622,0.9349147359530131,1,1,122500,525x525
xception_df40,C:\deepfake_eval\leakfree_eval\sessions\validation\validation_fake_only_01.mp4,405,0.22394230961799622,0.8898695846398671,1,1,112225,503x503
xception_df40,C:\deepfake_eval\leakfree_eval\sessions\validation\validation_fake_only_01.mp4,406,0.2462424486875534,0.8398252298434575,1,1,119716,519x519
xception_df40,C:\deepfake_eval\leakfree_eval\sessions\validation\validation_fake_only_01.mp4,407,0.9817267656326294,0.8395585070053736,1,1,119025,517x517
xception_df40,C:\deepfake_eval\leakfree_eval\sessions\validation\validation_fake_only_01.mp4,408,0.9987092018127441,0.8396418223778407,1,1,96721,503x503
xception_df40,C:\deepfake_eval\leakfree_eval\sessions\validation\validation_fake_only_01.mp4,409,0.6645892858505249,0.8174269407987594,1,1,123904,528x528
xception_df40,C:\deepfake_eval\leakfree_eval\sessions\validation\validation_fake_only_01.mp4,410,0.8841613531112671,0.8098386893669764,1,1,114244,507x507
xception_df40,C:\deepfake_eval\leakfree_eval\sessions\validation\validation_fake_only_01.mp4,411,0.6812337040901184,0.7886564582586288,1,1,126025,532x532
xception_df40,C:\deepfake_eval\leakfree_eval\sessions\validation\validation_fake_only_01.mp4,412,0.9999256134033203,0.7886525005102157,1,1,97969,503x503
xception_df40,C:\deepfake_eval\leakfree_eval\sessions\validation\validation_fake_only_01.mp4,413,0.9999754428863525,0.7937039544185003,1,1,109561,503x503
xception_df40,C:\deepfake_eval\leakfree_eval\sessions\validation\validation_fake_only_01.mp4,414,0.9290826320648193,0.7897954871257146,1,1,99856,503x503
xception_df40,C:\deepfake_eval\leakfree_eval\sessions\validation\validation_fake_only_01.mp4,415,0.09421474486589432,0.7303569013873736,1,2,56169,503x503
xception_df40,C:\deepfake_eval\leakfree_eval\sessions\validation\validation_fake_only_01.mp4,416,0.3085259199142456,0.6842672680815061,1,1,53824,503x503
xception_df40,C:\deepfake_eval\leakfree_eval\sessions\validation\validation_fake_only_01.mp4,417,0.43461892008781433,0.6517042155067126,1,3,51984,503x503
xception_df40,C:\deepfake_eval\leakfree_eval\sessions\validation\validation_fake_only_01.mp4,418,0.33032774925231934,0.6345930968721708,1,2,52441,503x503
xception_df40,C:\deepfake_eval\leakfree_eval\sessions\validation\validation_fake_only_01.mp4,419,0.49190884828567505,0.6179456626375516,1,1,53361,503x503
xception_df40,C:\deepfake_eval\leakfree_eval\sessions\validation\validation_fake_only_01.mp4,420,0.40753334760665894,0.6301850651701292,1,1,51529,503x503
xception_df40,C:\deepfake_eval\leakfree_eval\sessions\validation\validation_fake_only_01.mp4,421,0.5302982926368713,0.649122121433417,1,2,50625,503x503
xception_df40,C:\deepfake_eval\leakfree_eval\sessions\validation\validation_fake_only_01.mp4,422,0.33806759119033813,0.6062115098039309,1,1,56644,503x503
xception_df40,C:\deepfake_eval\leakfree_eval\sessions\validation\validation_fake_only_01.mp4,423,0.37527379393577576,0.5646491492787997,1,4,51529,503x503
xception_df40,C:\deepfake_eval\leakfree_eval\sessions\validation\validation_fake_only_01.mp4,424,0.2421565055847168,0.5364869639277459,1,1,54756,503x503
xception_df40,C:\deepfake_eval\leakfree_eval\sessions\validation\validation_fake_only_01.mp4,425,0.7928342819213867,0.5303984925150871,1,2,54756,503x503
xception_df40,C:\deepfake_eval\leakfree_eval\sessions\validation\validation_fake_only_01.mp4,426,0.3651725649833679,0.5093277499079705,1,2,79524,503x503
xception_df40,C:\deepfake_eval\leakfree_eval\sessions\validation\validation_fake_only_01.mp4,427,0.008684721775352955,0.44324502379943925,1,1,51076,503x503
xception_df40,C:\deepfake_eval\leakfree_eval\sessions\validation\validation_fake_only_01.mp4,428,0.6898025870323181,0.4225668334091703,1,2,51529,503x503
xception_df40,C:\deepfake_eval\leakfree_eval\sessions\validation\validation_fake_only_01.mp4,429,0.3314664363861084,0.38272575369725625,1,2,53361,503x503
xception_df40,C:\deepfake_eval\leakfree_eval\sessions\validation\validation_fake_only_01.mp4,430,0.05852082744240761,0.38034615920235715,1,3,52441,503x503
xception_df40,C:\deepfake_eval\leakfree_eval\sessions\validation\validation_fake_only_01.mp4,431,0.6932975053787231,0.4059975982333223,1,3,52900,503x503
xception_df40,C:\deepfake_eval\leakfree_eval\sessions\validation\validation_fake_only_01.mp4,432,0.32072514295578003,0.3984046797578534,1,2,53824,503x503
xception_df40,C:\deepfake_eval\leakfree_eval\sessions\validation\validation_fake_only_01.mp4,433,0.7869285345077515,0.4288447321082155,1,2,52900,503x503
xception_df40,C:\deepfake_eval\leakfree_eval\sessions\validation\validation_fake_only_01.mp4,434,0.20807334780693054,0.4099223654096325,1,2,54289,503x503
xception_df40,C:\deepfake_eval\leakfree_eval\sessions\validation\validation_fake_only_01.mp4,435,0.2754943370819092,0.40111976470798255,1,1,51984,503x503
xception_df40,C:\deepfake_eval\leakfree_eval\sessions\validation\validation_fake_only_01.mp4,436,0.023506125435233116,0.3673336202278733,1,3,51076,503x503
xception_df40,C:\deepfake_eval\leakfree_eval\sessions\validation\validation_fake_only_01.mp4,437,0.6155498027801514,0.3858324343338609,1,3,52441,503x503
xception_df40,C:\deepfake_eval\leakfree_eval\sessions\validation\validation_fake_only_01.mp4,438,0.29381921887397766,0.380402129329741,1,5,88804,503x503
xception_df40,C:\deepfake_eval\leakfree_eval\sessions\validation\validation_fake_only_01.mp4,439,0.24917572736740112,0.38087007744858664,1,5,78961,503x503
xception_df40,C:\deepfake_eval\leakfree_eval\sessions\validation\validation_fake_only_01.mp4,440,0.5548597574234009,0.3650051091487209,1,5,86436,503x503
xception_df40,C:\deepfake_eval\leakfree_eval\sessions\validation\validation_fake_only_01.mp4,441,0.11794330924749374,0.3485231587663293,1,5,82369,503x503
xception_df40,C:\deepfake_eval\leakfree_eval\sessions\validation\validation_fake_only_01.mp4,442,0.1437637060880661,0.35752842438717686,1,5,90601,503x503
xception_df40,C:\deepfake_eval\leakfree_eval\sessions\validation\validation_fake_only_01.mp4,443,0.05464634299278259,0.31518467478454115,1,5,93025,503x503
xception_df40,C:\deepfake_eval\leakfree_eval\sessions\validation\validation_fake_only_01.mp4,444,0.03145619481801987,0.29518399201333523,1,5,89401,503x503
xception_df40,C:\deepfake_eval\leakfree_eval\sessions\validation\validation_fake_only_01.mp4,445,0.7032350897789001,0.3381649428357681,1,5,97344,503x503
xception_df40,C:\deepfake_eval\leakfree_eval\sessions\validation\validation_fake_only_01.mp4,446,0.7876228094100952,0.34445329643785955,1,4,94864,503x503
xception_df40,C:\deepfake_eval\leakfree_eval\sessions\validation\validation_fake_only_01.mp4,447,0.03262751176953316,0.32524678769210974,1,4,67081,503x503
xception_df40,C:\deepfake_eval\leakfree_eval\sessions\validation\validation_fake_only_01.mp4,448,0.0012135423021391034,0.27286578821173557,1,4,72361,503x503
xception_df40,C:\deepfake_eval\leakfree_eval\sessions\validation\validation_fake_only_01.mp4,449,0.02782241627573967,0.26084905944298953,1,4,84681,503x503
xception_df40,C:\deepfake_eval\leakfree_eval\sessions\validation\validation_fake_only_01.mp4,450,0.9990110397338867,0.3090835062864547,1,4,95481,503x503
xception_df40,C:\deepfake_eval\leakfree_eval\sessions\validation\validation_fake_only_01.mp4,451,0.2721330523490906,0.32565863474737855,1,2,40804,503x503
xception_df40,C:\deepfake_eval\leakfree_eval\sessions\validation\validation_fake_only_01.mp4,452,0.8510043621063232,0.3413556053691233,1,3,37636,503x503
xception_df40,C:\deepfake_eval\leakfree_eval\sessions\validation\validation_fake_only_01.mp4,453,0.5387390851974487,0.3576835964573547,1,1,36100,503x503
xception_df40,C:\deepfake_eval\leakfree_eval\sessions\validation\validation_fake_only_01.mp4,454,0.23422200977802277,0.3566866819513962,1,2,38025,503x503
xception_df40,C:\deepfake_eval\leakfree_eval\sessions\validation\validation_fake_only_01.mp4,455,0.14806707203388214,0.3295671695920949,1,5,40401,503x503
xception_df40,C:\deepfake_eval\leakfree_eval\sessions\validation\validation_fake_only_01.mp4,456,0.039461079984903336,0.3243350209745889,1,1,36481,503x503
xception_df40,C:\deepfake_eval\leakfree_eval\sessions\validation\validation_fake_only_01.mp4,457,0.7287074327468872,0.3633312694185103,1,2,41209,503x503
xception_df40,C:\deepfake_eval\leakfree_eval\sessions\validation\validation_fake_only_01.mp4,458,0.22873757779598236,0.3749373517387236,1,2,40401,503x503
xception_df40,C:\deepfake_eval\leakfree_eval\sessions\validation\validation_fake_only_01.mp4,459,0.08867637068033218,0.37875203012954445,1,2,40401,503x503
xception_df40,C:\deepfake_eval\leakfree_eval\sessions\validation\validation_fake_only_01.mp4,460,0.10600432753562927,0.33893664597999307,1,4,36864,503x503
xception_df40,C:\deepfake_eval\leakfree_eval\sessions\validation\validation_fake_only_01.mp4,461,0.06498058885335922,0.29076049794287734,1,3,42849,503x503
xception_df40,C:\deepfake_eval\leakfree_eval\sessions\validation\validation_fake_only_01.mp4,462,0.09044700860977173,0.29461513106555987,1,3,40000,503x503
xception_df40,C:\deepfake_eval\leakfree_eval\sessions\validation\validation_fake_only_01.mp4,463,0.02338624745607376,0.2960933114091555,1,3,38809,503x503
xception_df40,C:\deepfake_eval\leakfree_eval\sessions\validation\validation_fake_only_01.mp4,464,0.07690032571554184,0.2993651720384757,1,2,36481,503x503
xception_df40,C:\deepfake_eval\leakfree_eval\sessions\validation\validation_fake_only_01.mp4,465,0.6856483817100525,0.27847432817022005,1,4,39601,503x503
xception_df40,C:\deepfake_eval\leakfree_eval\sessions\validation\validation_fake_only_01.mp4,466,0.013381047174334526,0.261224194491903,1,3,37636,503x503
xception_df40,C:\deepfake_eval\leakfree_eval\sessions\validation\validation_fake_only_01.mp4,467,0.8956369161605835,0.26419969809552035,0,1,25600,720x720
xception_df40,C:\deepfake_eval\leakfree_eval\sessions\validation\validation_fake_only_01.mp4,468,0.8451496362686157,0.28462706816693145,0,1,24964,720x720
xception_df40,C:\deepfake_eval\leakfree_eval\sessions\validation\validation_fake_only_01.mp4,469,0.6654607653617859,0.31337631853918235,0,1,24964,720x720
xception_df40,C:\deepfake_eval\leakfree_eval\sessions\validation\validation_fake_only_01.mp4,470,0.5400757789611816,0.33951023233433564,0,1,24649,720x720
xception_df40,C:\deepfake_eval\leakfree_eval\sessions\validation\validation_fake_only_01.mp4,471,0.5302346348762512,0.3722284693270922,0,1,25600,720x720
xception_df40,C:\deepfake_eval\leakfree_eval\sessions\validation\validation_fake_only_01.mp4,472,0.38140732049942017,0.34907512851059436,0,1,24649,720x720
xception_df40,C:\deepfake_eval\leakfree_eval\sessions\validation\validation_fake_only_01.mp4,473,0.28225526213645935,0.3526429741332928,0,1,24649,720x720
xception_df40,C:\deepfake_eval\leakfree_eval\sessions\validation\validation_fake_only_01.mp4,474,0.9999821186065674,0.41339669066170853,1,2,164836,609x609
xception_df40,C:\deepfake_eval\leakfree_eval\sessions\validation\validation_fake_only_01.mp4,475,0.594445526599884,0.4459594372659922,0,1,24964,720x720
xception_df40,C:\deepfake_eval\leakfree_eval\sessions\validation\validation_fake_only_01.mp4,476,0.46889325976371765,0.47288694866001607,0,1,24964,720x720
xception_df40,C:\deepfake_eval\leakfree_eval\sessions\validation\validation_fake_only_01.mp4,477,0.653469443321228,0.5104217776407798,0,1,24336,720x720
xception_df40,C:\deepfake_eval\leakfree_eval\sessions\validation\validation_fake_only_01.mp4,478,0.5664872527122498,0.5466285113245248,0,1,24025,720x720
xception_df40,C:\deepfake_eval\leakfree_eval\sessions\validation\validation_fake_only_01.mp4,479,0.5588029623031616,0.5787553537636996,0,1,26244,720x720
xception_df40,C:\deepfake_eval\leakfree_eval\sessions\validation\validation_fake_only_01.mp4,480,0.5339531302452087,0.5686423369993766,0,1,24964,720x720
xception_df40,C:\deepfake_eval\leakfree_eval\sessions\validation\validation_fake_only_01.mp4,481,0.6468836069107056,0.6108758409818014,0,1,24964,720x720
xception_df40,C:\deepfake_eval\leakfree_eval\sessions\validation\validation_fake_only_01.mp4,482,0.7285110950469971,0.599734119574229,0,1,24649,720x720
xception_df40,C:\deepfake_eval\leakfree_eval\sessions\validation\validation_fake_only_01.mp4,483,0.6496105194091797,0.5866981784502665,0,1,24025,720x720
xception_df40,C:\deepfake_eval\leakfree_eval\sessions\validation\validation_fake_only_01.mp4,484,0.6384203433990479,0.5848954836527507,0,1,23716,720x720
xception_df40,C:\deepfake_eval\leakfree_eval\sessions\validation\validation_fake_only_01.mp4,485,0.48979049921035767,0.5815431316693623,0,1,25921,720x720
xception_df40,C:\deepfake_eval\leakfree_eval\sessions\validation\validation_fake_only_01.mp4,486,0.43967345356941223,0.5755057195822398,0,1,22500,720x720
xception_df40,C:\deepfake_eval\leakfree_eval\sessions\validation\validation_fake_only_01.mp4,487,0.7260266542434692,0.5984803418318431,0,1,23716,720x720
xception_df40,C:\deepfake_eval\leakfree_eval\sessions\validation\validation_fake_only_01.mp4,488,0.5070512890815735,0.613466743628184,0,1,24649,720x720
xception_df40,C:\deepfake_eval\leakfree_eval\sessions\validation\validation_fake_only_01.mp4,489,0.742814838886261,0.596322258313497,0,1,24649,720x720
xception_df40,C:\deepfake_eval\leakfree_eval\sessions\validation\validation_fake_only_01.mp4,490,0.9999338388442993,0.6233548124631246,1,2,155236,591x591
xception_df40,C:\deepfake_eval\leakfree_eval\sessions\validation\validation_fake_only_01.mp4,491,1.0,0.6587619284788767,0,1,2401,720x720
xception_df40,C:\deepfake_eval\leakfree_eval\sessions\validation\validation_fake_only_01.mp4,492,1.0,0.6818639655907949,1,2,217156,699x699
xception_df40,C:\deepfake_eval\leakfree_eval\sessions\validation\validation_fake_only_01.mp4,493,0.9999992847442627,0.7107647677262624,1,3,193600,660x660
xception_df40,C:\deepfake_eval\leakfree_eval\sessions\validation\validation_fake_only_01.mp4,494,0.9999990463256836,0.7401778399944305,1,2,196249,664x664
xception_df40,C:\deepfake_eval\leakfree_eval\sessions\validation\validation_fake_only_01.mp4,495,0.9999923706054688,0.7712471226851145,1,3,190096,654x654
xception_df40,C:\deepfake_eval\leakfree_eval\sessions\validation\validation_fake_only_01.mp4,496,0.9999988079071045,0.7947881360848744,1,3,191844,657x657
xception_df40,C:\deepfake_eval\leakfree_eval\sessions\validation\validation_fake_only_01.mp4,497,0.9999998807907104,0.8128873884677887,1,3,196249,664x664
xception_df40,C:\deepfake_eval\leakfree_eval\sessions\validation\validation_fake_only_01.mp4,498,0.9999499320983887,0.836243349313736,1,2,213444,693x693
xception_df40,C:\deepfake_eval\leakfree_eval\sessions\validation\validation_fake_only_01.mp4,499,0.9999232292175293,0.8603435417016347,1,2,192721,658x658
xception_df40,C:\deepfake_eval\leakfree_eval\sessions\validation\validation_fake_only_01.mp4,500,1.0,0.8943575084209442,0,2,4489,720x720
xception_df40,C:\deepfake_eval\leakfree_eval\sessions\validation\validation_fake_only_01.mp4,501,0.19745509326457977,0.8782096177339553,0,1,24025,720x720
xception_df40,C:\deepfake_eval\leakfree_eval\sessions\validation\validation_fake_only_01.mp4,502,0.1454133689403534,0.8395020653804143,0,2,24336,720x720
xception_df40,C:\deepfake_eval\leakfree_eval\sessions\validation\validation_fake_only_01.mp4,503,0.14068683981895447,0.8150777687629064,0,2,22500,720x720
xception_df40,C:\deepfake_eval\leakfree_eval\sessions\validation\validation_fake_only_01.mp4,504,0.18629497289657593,0.777976444363594,0,2,21609,720x720
xception_df40,C:\deepfake_eval\leakfree_eval\sessions\validation\validation_fake_only_01.mp4,505,0.10785745829343796,0.7185046856602033,0,3,21609,720x720
xception_df40,C:\deepfake_eval\leakfree_eval\sessions\validation\validation_fake_only_01.mp4,506,0.2239753156900406,0.6667697067062061,0,3,21316,720x720
xception_df40,C:\deepfake_eval\leakfree_eval\sessions\validation\validation_fake_only_01.mp4,507,0.1288309395313263,0.6086917693416277,0,1,21904,720x720
xception_df40,C:\deepfake_eval\leakfree_eval\sessions\validation\validation_fake_only_01.mp4,508,0.1550837904214859,0.5523640697201093,0,1,20164,720x720
xception_df40,C:\deepfake_eval\leakfree_eval\sessions\validation\validation_fake_only_01.mp4,509,0.1886005699634552,0.4982708379626274,0,1,21904,720x720
xception_df40,C:\deepfake_eval\leakfree_eval\sessions\validation\validation_fake_only_01.mp4,510,0.9999971389770508,0.49827115585406623,1,3,28900,503x503
xception_df40,C:\deepfake_eval\leakfree_eval\sessions\validation\validation_fake_only_01.mp4,511,0.9998642206192017,0.49826218336820605,1,2,28561,503x503
xception_df40,C:\deepfake_eval\leakfree_eval\sessions\validation\validation_fake_only_01.mp4,512,0.2692088484764099,0.44954278121391933,0,2,22500,720x720
xception_df40,C:\deepfake_eval\leakfree_eval\sessions\validation\validation_fake_only_01.mp4,513,0.20599497854709625,0.3966124509771665,0,1,22801,720x720
xception_df40,C:\deepfake_eval\leakfree_eval\sessions\validation\validation_fake_only_01.mp4,514,0.18226611614227295,0.34210197677214943,0,3,23104,720x720
xception_df40,C:\deepfake_eval\leakfree_eval\sessions\validation\validation_fake_only_01.mp4,515,0.2992238998413086,0.2953835700949033,0,2,21609,720x720
xception_df40,C:\deepfake_eval\leakfree_eval\sessions\validation\validation_fake_only_01.mp4,516,0.21677154302597046,0.2966713334123294,0,1,23716,720x720
xception_df40,C:\deepfake_eval\leakfree_eval\sessions\validation\validation_fake_only_01.mp4,517,0.13945196568965912,0.29627390652894975,0,1,23104,720x720
xception_df40,C:\deepfake_eval\leakfree_eval\sessions\validation\validation_fake_only_01.mp4,518,0.1718239039182663,0.2983497108022372,0,2,24025,720x720
xception_df40,C:\deepfake_eval\leakfree_eval\sessions\validation\validation_fake_only_01.mp4,519,0.09827162325382233,0.2924814874927203,0,1,21904,720x720
xception_df40,C:\deepfake_eval\leakfree_eval\sessions\validation\validation_fake_only_01.mp4,520,0.1928156018257141,0.2981453637282054,0,2,21904,720x720
xception_df40,C:\deepfake_eval\leakfree_eval\sessions\validation\validation_fake_only_01.mp4,521,0.1600591540336609,0.29388428628444674,0,1,22500,720x720
xception_df40,C:\deepfake_eval\leakfree_eval\sessions\validation\validation_fake_only_01.mp4,522,0.13006438314914703,0.2939665158589681,0,2,21609,720x720
xception_df40,C:\deepfake_eval\leakfree_eval\sessions\validation\validation_fake_only_01.mp4,523,0.23595671355724335,0.2993580440680186,0,1,20736,720x720
xception_df40,C:\deepfake_eval\leakfree_eval\sessions\validation\validation_fake_only_01.mp4,524,0.2319680005311966,0.30224920610586803,0,2,22801,720x720
xception_df40,C:\deepfake_eval\leakfree_eval\sessions\validation\validation_fake_only_01.mp4,525,0.19271628558635712,0.24843048254648845,0,2,21609,720x720
xception_df40,C:\deepfake_eval\leakfree_eval\sessions\validation\validation_fake_only_01.mp4,526,0.2356007993221283,0.19747958779335023,0,2,25600,720x720
xception_df40,C:\deepfake_eval\leakfree_eval\sessions\validation\validation_fake_only_01.mp4,527,0.2518380284309387,0.19632153312365214,0,1,23104,720x720
xception_df40,C:\deepfake_eval\leakfree_eval\sessions\validation\validation_fake_only_01.mp4,528,0.9999674558639526,0.24925303161144258,1,2,28900,503x503
xception_df40,C:\deepfake_eval\leakfree_eval\sessions\validation\validation_fake_only_01.mp4,529,0.3518489599227905,0.26055855453014376,0,1,22500,720x720
xception_df40,C:\deepfake_eval\leakfree_eval\sessions\validation\validation_fake_only_01.mp4,530,0.23593349754810333,0.2563391943772634,0,1,22500,720x720
xception_df40,C:\deepfake_eval\leakfree_eval\sessions\validation\validation_fake_only_01.mp4,531,0.18843041360378265,0.25444978574911753,0,1,23104,720x720
xception_df40,C:\deepfake_eval\leakfree_eval\sessions\validation\validation_fake_only_01.mp4,532,0.06668028980493546,0.24959834069013595,1,1,30276,503x503
xception_df40,C:\deepfake_eval\leakfree_eval\sessions\validation\validation_fake_only_01.mp4,533,0.17338381707668304,0.24970233490069707,1,1,28900,503x503
xception_df40,C:\deepfake_eval\leakfree_eval\sessions\validation\validation_fake_only_01.mp4,534,0.06229645013809204,0.24730399002631506,1,1,31329,503x503
xception_df40,C:\deepfake_eval\leakfree_eval\sessions\validation\validation_fake_only_01.mp4,535,0.15990431606769562,0.2451099043091138,1,1,28900,503x503
xception_df40,C:\deepfake_eval\leakfree_eval\sessions\validation\validation_fake_only_01.mp4,536,0.39327162504196167,0.2606574023763339,1,1,32041,503x503
xception_df40,C:\deepfake_eval\leakfree_eval\sessions\validation\validation_fake_only_01.mp4,537,0.402921199798584,0.27884785681962965,1,1,28224,503x503
xception_df40,C:\deepfake_eval\leakfree_eval\sessions\validation\validation_fake_only_01.mp4,538,0.5894179344177246,0.3024119382103284,1,2,27889,503x503
xception_df40,C:\deepfake_eval\leakfree_eval\sessions\validation\validation_fake_only_01.mp4,539,0.15330445766448975,0.2971677020192146,1,1,30625,503x503
xception_df40,C:\deepfake_eval\leakfree_eval\sessions\validation\validation_fake_only_01.mp4,540,0.09317748248577118,0.2905317818125089,1,1,32400,503x503
xception_df40,C:\deepfake_eval\leakfree_eval\sessions\validation\validation_fake_only_01.mp4,541,0.30844414234161377,0.2953880046804746,0,3,27225,720x720
xception_df40,C:\deepfake_eval\leakfree_eval\sessions\validation\validation_fake_only_01.mp4,542,0.26201581954956055,0.29606652408838274,1,1,28224,503x503
xception_df40,C:\deepfake_eval\leakfree_eval\sessions\validation\validation_fake_only_01.mp4,543,0.3315701186656952,0.2515067016084989,1,1,30625,503x503
xception_df40,C:\deepfake_eval\leakfree_eval\sessions\validation\validation_fake_only_01.mp4,544,0.2849676012992859,0.24704794436693192,1,1,31684,503x503
xception_df40,C:\deepfake_eval\leakfree_eval\sessions\validation\validation_fake_only_01.mp4,545,0.2857039272785187,0.2503659730156263,0,1,27225,720x720
xception_df40,C:\deepfake_eval\leakfree_eval\sessions\validation\validation_fake_only_01.mp4,546,0.18239712715148926,0.2499637539188067,1,1,30625,503x503
xception_df40,C:\deepfake_eval\leakfree_eval\sessions\validation\validation_fake_only_01.mp4,547,0.4278170168399811,0.2740395357211431,1,1,32041,503x503
xception_df40,C:\deepfake_eval\leakfree_eval\sessions\validation\validation_fake_only_01.mp4,548,0.9966490864753723,0.328923887014389,1,1,67600,503x503
xception_df40,C:\deepfake_eval\leakfree_eval\sessions\validation\validation_fake_only_01.mp4,549,0.8597161173820496,0.38208519816398623,1,1,66049,503x503
xception_df40,C:\deepfake_eval\leakfree_eval\sessions\validation\validation_fake_only_01.mp4,550,0.9988189339637756,0.4380128393570582,1,1,63001,503x503
xception_df40,C:\deepfake_eval\leakfree_eval\sessions\validation\validation_fake_only_01.mp4,551,0.9760806560516357,0.47686677475770317,1,1,68644,503x503
xception_df40,C:\deepfake_eval\leakfree_eval\sessions\validation\validation_fake_only_01.mp4,552,0.9966598749160767,0.5164493530988693,1,1,77284,503x503
xception_df40,C:\deepfake_eval\leakfree_eval\sessions\validation\validation_fake_only_01.mp4,553,0.9743701815605164,0.5421128362417221,1,1,72361,503x503
xception_df40,C:\deepfake_eval\leakfree_eval\sessions\validation\validation_fake_only_01.mp4,554,0.9802180528640747,0.5972404092550277,1,1,76729,503x503
xception_df40,C:\deepfake_eval\leakfree_eval\sessions\validation\validation_fake_only_01.mp4,555,0.9117482304573059,0.65181179245313,1,1,75076,503x503
xception_df40,C:\deepfake_eval\leakfree_eval\sessions\validation\validation_fake_only_01.mp4,556,0.9994738698005676,0.6978804409503937,1,1,67081,503x503
xception_df40,C:\deepfake_eval\leakfree_eval\sessions\validation\validation_fake_only_01.mp4,557,0.9300019145011902,0.7424128472805023,1,1,62500,503x503
xception_df40,C:\deepfake_eval\leakfree_eval\sessions\validation\validation_fake_only_01.mp4,558,0.9831379652023315,0.7858507037162781,1,2,64516,503x503
xception_df40,C:\deepfake_eval\leakfree_eval\sessions\validation\validation_fake_only_01.mp4,559,0.9314414262771606,0.828948958714803,1,1,64516,503x503
xception_df40,C:\deepfake_eval\leakfree_eval\sessions\validation\validation_fake_only_01.mp4,560,0.9866939783096313,0.8756816287835439,1,1,69169,503x503
xception_df40,C:\deepfake_eval\leakfree_eval\sessions\validation\validation_fake_only_01.mp4,561,0.7641440629959106,0.9144647578398387,1,1,69169,503x503
xception_df40,C:\deepfake_eval\leakfree_eval\sessions\validation\validation_fake_only_01.mp4,562,0.9841496348381042,0.9515535990397136,1,1,65536,503x503
xception_df40,C:\deepfake_eval\leakfree_eval\sessions\validation\validation_fake_only_01.mp4,563,0.973280668258667,0.9499957044919332,1,1,72900,503x503
xception_df40,C:\deepfake_eval\leakfree_eval\sessions\validation\validation_fake_only_01.mp4,564,0.854534387588501,0.94965025583903,0,0,,720x720
xception_df40,C:\deepfake_eval\leakfree_eval\sessions\validation\validation_fake_only_01.mp4,565,0.34861046075820923,0.9063030242919922,1,2,33856,503x503
xception_df40,C:\deepfake_eval\leakfree_eval\sessions\validation\validation_fake_only_01.mp4,566,0.8212907910346985,0.8959836999575297,1,2,53361,503x503
xception_df40,C:\deepfake_eval\leakfree_eval\sessions\validation\validation_fake_only_01.mp4,567,0.8260824084281921,0.8846118688583374,1,1,33124,503x503
xception_df40,C:\deepfake_eval\leakfree_eval\sessions\validation\validation_fake_only_01.mp4,568,0.8871093392372131,0.8787944793701172,1,1,32761,503x503
xception_df40,C:\deepfake_eval\leakfree_eval\sessions\validation\validation_fake_only_01.mp4,569,0.16536790132522583,0.824471135934194,1,3,31684,503x503
xception_df40,C:\deepfake_eval\leakfree_eval\sessions\validation\validation_fake_only_01.mp4,570,0.7271481156349182,0.8121644616127014,1,1,30976,503x503
xception_df40,C:\deepfake_eval\leakfree_eval\sessions\validation\validation_fake_only_01.mp4,571,0.4416515827178955,0.7749763091405233,1,2,34596,503x503
xception_df40,C:\deepfake_eval\leakfree_eval\sessions\validation\validation_fake_only_01.mp4,572,0.17480646073818207,0.7246299455563228,1,3,34596,503x503
xception_df40,C:\deepfake_eval\leakfree_eval\sessions\validation\validation_fake_only_01.mp4,573,0.1319287270307541,0.6678826630115509,1,2,30976,503x503
xception_df40,C:\deepfake_eval\leakfree_eval\sessions\validation\validation_fake_only_01.mp4,574,0.08171665668487549,0.6112343450387319,1,2,34225,503x503
xception_df40,C:\deepfake_eval\leakfree_eval\sessions\validation\validation_fake_only_01.mp4,575,0.3489227294921875,0.5687162617842356,1,2,31329,503x503
xception_df40,C:\deepfake_eval\leakfree_eval\sessions\validation\validation_fake_only_01.mp4,576,0.10106444358825684,0.5245109538237254,1,2,30625,503x503
xception_df40,C:\deepfake_eval\leakfree_eval\sessions\validation\validation_fake_only_01.mp4,577,0.604705810546875,0.49921469887097675,1,2,28900,503x503
xception_df40,C:\deepfake_eval\leakfree_eval\sessions\validation\validation_fake_only_01.mp4,578,0.14641301333904266,0.4440901885430018,1,2,29584,503x503
xception_df40,C:\deepfake_eval\leakfree_eval\sessions\validation\validation_fake_only_01.mp4,579,0.9693553447723389,0.4517449190219243,1,2,32041,503x503
xception_df40,C:\deepfake_eval\leakfree_eval\sessions\validation\validation_fake_only_01.mp4,580,0.9422491788864136,0.4913208335638046,1,2,29929,503x503
xception_df40,C:\deepfake_eval\leakfree_eval\sessions\validation\validation_fake_only_01.mp4,581,0.8365734219551086,0.4923396756251653,1,3,32400,503x503
xception_df40,C:\deepfake_eval\leakfree_eval\sessions\validation\validation_fake_only_01.mp4,582,0.0355415903031826,0.4396369544168313,1,2,32400,503x503
xception_df40,C:\deepfake_eval\leakfree_eval\sessions\validation\validation_fake_only_01.mp4,583,0.06870138645172119,0.38507642423113186,1,1,34225,503x503
xception_df40,C:\deepfake_eval\leakfree_eval\sessions\validation\validation_fake_only_01.mp4,584,0.020950308069586754,0.3754485846807559,1,2,40804,503x503
xception_df40,C:\deepfake_eval\leakfree_eval\sessions\validation\validation_fake_only_01.mp4,585,0.1222412958741188,0.3351214633633693,1,1,39204,503x503
xception_df40,C:\deepfake_eval\leakfree_eval\sessions\validation\validation_fake_only_01.mp4,586,0.11067900061607361,0.3130566245565812,1,1,36864,503x503
xception_df40,C:\deepfake_eval\leakfree_eval\sessions\validation\validation_fake_only_01.mp4,587,0.39973753690719604,0.32805202963451546,1,1,30976,503x503
xception_df40,C:\deepfake_eval\leakfree_eval\sessions\validation\validation_fake_only_01.mp4,588,0.9160666465759277,0.380327890937527,0,0,,720x720
xception_df40,C:\deepfake_eval\leakfree_eval\sessions\validation\validation_fake_only_01.mp4,589,0.6770049333572388,0.4200137760490179,0,1,25600,720x720
xception_df40,C:\deepfake_eval\leakfree_eval\sessions\validation\validation_fake_only_01.mp4,590,0.181410551071167,0.40884629748761653,1,1,30625,503x503
xception_df40,C:\deepfake_eval\leakfree_eval\sessions\validation\validation_fake_only_01.mp4,591,0.12730002403259277,0.4105953361839056,1,1,31329,503x503
xception_df40,C:\deepfake_eval\leakfree_eval\sessions\validation\validation_fake_only_01.mp4,592,0.2465813010931015,0.38672036888698735,0,1,24336,720x720
xception_df40,C:\deepfake_eval\leakfree_eval\sessions\validation\validation_fake_only_01.mp4,593,0.2502894699573517,0.39364546599487465,0,0,,720x720
xception_df40,C:\deepfake_eval\leakfree_eval\sessions\validation\validation_fake_only_01.mp4,594,0.2692055404186249,0.3469688123712937,0,2,24964,720x720
xception_df40,C:\deepfake_eval\leakfree_eval\sessions\validation\validation_fake_only_01.mp4,595,0.30396342277526855,0.3044164286305507,0,2,24964,720x720
xception_df40,C:\deepfake_eval\leakfree_eval\sessions\validation\validation_fake_only_01.mp4,596,0.16138990223407745,0.25940419398248193,0,1,23716,720x720
xception_df40,C:\deepfake_eval\leakfree_eval\sessions\validation\validation_fake_only_01.mp4,597,0.3010963499546051,0.27710784462591015,1,1,28561,503x503
xception_df40,C:\deepfake_eval\leakfree_eval\sessions\validation\validation_fake_only_01.mp4,598,0.23953229188919067,0.28849657165507475,0,3,25281,720x720
xception_df40,C:\deepfake_eval\leakfree_eval\sessions\validation\validation_fake_only_01.mp4,599,0.2760438323020935,0.30550280660390855,0,2,25281,720x720
xception_df40,C:\deepfake_eval\leakfree_eval\sessions\validation\validation_mixed_01.mp4,0,0.5658705234527588,0.5658705234527588,1,1,84681,503x503
xception_df40,C:\deepfake_eval\leakfree_eval\sessions\validation\validation_mixed_01.mp4,1,0.10098017007112503,0.3334253467619419,1,1,71289,503x503
xception_df40,C:\deepfake_eval\leakfree_eval\sessions\validation\validation_mixed_01.mp4,2,0.1606505811214447,0.2758337582151095,1,1,79524,503x503
xception_df40,C:\deepfake_eval\leakfree_eval\sessions\validation\validation_mixed_01.mp4,3,0.4034937620162964,0.3077487591654062,1,1,71824,503x503
xception_df40,C:\deepfake_eval\leakfree_eval\sessions\validation\validation_mixed_01.mp4,4,0.07920823246240616,0.26204065382480624,1,1,82944,503x503
xception_df40,C:\deepfake_eval\leakfree_eval\sessions\validation\validation_mixed_01.mp4,5,0.08119725435972214,0.2319000872472922,1,1,75076,503x503
xception_df40,C:\deepfake_eval\leakfree_eval\sessions\validation\validation_mixed_01.mp4,6,0.3481178879737854,0.2485026302082198,1,1,87025,503x503
xception_df40,C:\deepfake_eval\leakfree_eval\sessions\validation\validation_mixed_01.mp4,7,0.07452841103076935,0.2267558528110385,1,1,70225,503x503
xception_df40,C:\deepfake_eval\leakfree_eval\sessions\validation\validation_mixed_01.mp4,8,0.061642810702323914,0.20840995924340355,1,2,72900,503x503
xception_df40,C:\deepfake_eval\leakfree_eval\sessions\validation\validation_mixed_01.mp4,9,0.02503274567425251,0.19007223788648844,1,1,81225,503x503
xception_df40,C:\deepfake_eval\leakfree_eval\sessions\validation\validation_mixed_01.mp4,10,0.13267402350902557,0.18485421839762817,1,2,81225,503x503
xception_df40,C:\deepfake_eval\leakfree_eval\sessions\validation\validation_mixed_01.mp4,11,0.4867702126502991,0.21001388458535075,1,2,77841,503x503
xception_df40,C:\deepfake_eval\leakfree_eval\sessions\validation\validation_mixed_01.mp4,12,0.11217103153467178,0.20248751127376005,1,1,82944,503x503
xception_df40,C:\deepfake_eval\leakfree_eval\sessions\validation\validation_mixed_01.mp4,13,0.4262530505657196,0.2184707640803286,1,1,93636,503x503
xception_df40,C:\deepfake_eval\leakfree_eval\sessions\validation\validation_mixed_01.mp4,14,0.22074681520462036,0.21862250082194806,1,1,85264,503x503
xception_df40,C:\deepfake_eval\leakfree_eval\sessions\validation\validation_mixed_01.mp4,15,0.31242725253105164,0.20172628276050092,1,1,54289,503x503
xception_df40,C:\deepfake_eval\leakfree_eval\sessions\validation\validation_mixed_01.mp4,16,0.010196948423981667,0.19567406798402467,1,1,54756,503x503
xception_df40,C:\deepfake_eval\leakfree_eval\sessions\validation\validation_mixed_01.mp4,17,0.03997116908431053,0.18762877384821575,1,1,50176,503x503
xception_df40,C:\deepfake_eval\leakfree_eval\sessions\validation\validation_mixed_01.mp4,18,0.0011921686818823218,0.16080866762592147,1,1,48400,503x503
xception_df40,C:\deepfake_eval\leakfree_eval\sessions\validation\validation_mixed_01.mp4,19,0.000395087874494493,0.15555445798672735,1,1,47524,503x503
xception_df40,C:\deepfake_eval\leakfree_eval\sessions\validation\validation_mixed_01.mp4,20,0.0008113060612231493,0.15019539476682742,1,1,47961,503x503
xception_df40,C:\deepfake_eval\leakfree_eval\sessions\validation\validation_mixed_01.mp4,21,0.0007691218052059412,0.12703881035558878,1,1,48400,503x503
xception_df40,C:\deepfake_eval\leakfree_eval\sessions\validation\validation_mixed_01.mp4,22,0.999988317489624,0.18873613745284576,1,1,43681,503x503
xception_df40,C:\deepfake_eval\leakfree_eval\sessions\validation\validation_mixed_01.mp4,23,0.9999982118606567,0.25129316419673464,1,1,50176,503x503
xception_df40,C:\deepfake_eval\leakfree_eval\sessions\validation\validation_mixed_01.mp4,24,0.9999995231628418,0.31629094936264057,1,2,44100,503x503
xception_df40,C:\deepfake_eval\leakfree_eval\sessions\validation\validation_mixed_01.mp4,25,0.9998704195022583,0.3741040424288561,1,2,45369,503x503
xception_df40,C:\deepfake_eval\leakfree_eval\sessions\validation\validation_mixed_01.mp4,26,0.9999582767486572,0.4083165800354133,1,1,47961,503x503
xception_df40,C:\deepfake_eval\leakfree_eval\sessions\validation\validation_mixed_01.mp4,27,0.9999936819076538,0.4675047567269454,1,2,47524,503x503
xception_df40,C:\deepfake_eval\leakfree_eval\sessions\validation\validation_mixed_01.mp4,28,0.9999892711639404,0.5057538381001602,1,1,41616,503x503
xception_df40,C:\deepfake_eval\leakfree_eval\sessions\validation\validation_mixed_01.mp4,29,0.9997346997261047,0.5576863637349257,1,2,44100,503x503
xception_df40,C:\deepfake_eval\leakfree_eval\sessions\validation\validation_mixed_01.mp4,30,0.9999086856842041,0.6035184592784693,1,4,43264,503x503
xception_df40,C:\deepfake_eval\leakfree_eval\sessions\validation\validation_mixed_01.mp4,31,0.9999794960021973,0.6695039624503504,1,2,45796,503x503
xception_df40,C:\deepfake_eval\leakfree_eval\sessions\validation\validation_mixed_01.mp4,32,0.7411918640136719,0.7162520087789744,0,1,13225,720x720
xception_df40,C:\deepfake_eval\leakfree_eval\sessions\validation\validation_mixed_01.mp4,33,0.6965314149856567,0.7626079585325594,0,1,12769,720x720
xception_df40,C:\deepfake_eval\leakfree_eval\sessions\validation\validation_mixed_01.mp4,34,0.418009489774704,0.79044891865924,0,1,12321,720x720
xception_df40,C:\deepfake_eval\leakfree_eval\sessions\validation\validation_mixed_01.mp4,35,0.46603453159332275,0.82146380036138,0,1,13924,720x720
xception_df40,C:\deepfake_eval\leakfree_eval\sessions\validation\validation_mixed_01.mp4,36,0.468801349401474,0.8526659488677979,0,1,13225,720x720
xception_df40,C:\deepfake_eval\leakfree_eval\sessions\validation\validation_mixed_01.mp4,37,0.10175058990716934,0.7927834336956342,0,1,13225,720x720
xception_df40,C:\deepfake_eval\leakfree_eval\sessions\validation\validation_mixed_01.mp4,38,0.7719311714172363,0.7775789643327395,0,1,12769,720x720
xception_df40,C:\deepfake_eval\leakfree_eval\sessions\validation\validation_mixed_01.mp4,39,0.31860652565956116,0.7321527644991874,0,1,12769,720x720
xception_df40,C:\deepfake_eval\leakfree_eval\sessions\validation\validation_mixed_01.mp4,40,0.6852048635482788,0.7111750607689221,0,1,12769,720x720
xception_df40,C:\deepfake_eval\leakfree_eval\sessions\validation\validation_mixed_01.mp4,41,0.28435108065605164,0.6634679143627484,0,1,13456,720x720
xception_df40,C:\deepfake_eval\leakfree_eval\sessions\validation\validation_mixed_01.mp4,42,0.5528279542922974,0.633656865855058,0,1,13456,720x720
xception_df40,C:\deepfake_eval\leakfree_eval\sessions\validation\validation_mixed_01.mp4,43,0.7076305747032166,0.6141662860910098,0,1,13225,720x720
xception_df40,C:\deepfake_eval\leakfree_eval\sessions\validation\validation_mixed_01.mp4,44,0.42231056094169617,0.5756713435053825,0,1,13689,720x720
xception_df40,C:\deepfake_eval\leakfree_eval\sessions\validation\validation_mixed_01.mp4,45,0.31990697979927063,0.530337896446387,0,1,13689,720x720
xception_df40,C:\deepfake_eval\leakfree_eval\sessions\validation\validation_mixed_01.mp4,46,0.19235828518867493,0.47649648239215214,0,1,12769,720x720
xception_df40,C:\deepfake_eval\leakfree_eval\sessions\validation\validation_mixed_01.mp4,47,0.6649429798126221,0.4714132234454155,0,1,12996,720x720
xception_df40,C:\deepfake_eval\leakfree_eval\sessions\validation\validation_mixed_01.mp4,48,0.3782714307308197,0.4501958911617597,0,1,11236,720x720
xception_df40,C:\deepfake_eval\leakfree_eval\sessions\validation\validation_mixed_01.mp4,49,0.338466078042984,0.4448929970463117,0,1,13456,720x720
xception_df40,C:\deepfake_eval\leakfree_eval\sessions\validation\validation_mixed_01.mp4,50,0.3322945535182953,0.43597699850797655,0,1,12544,720x720
xception_df40,C:\deepfake_eval\leakfree_eval\sessions\validation\validation_mixed_01.mp4,51,0.32736438512802124,0.426547867556413,0,1,12100,720x720
xception_df40,C:\deepfake_eval\leakfree_eval\sessions\validation\validation_mixed_01.mp4,52,0.8748782873153687,0.478089714050293,0,1,13225,720x720
xception_df40,C:\deepfake_eval\leakfree_eval\sessions\validation\validation_mixed_01.mp4,53,0.14417538046836853,0.43623932798703513,0,1,12996,720x720
xception_df40,C:\deepfake_eval\leakfree_eval\sessions\validation\validation_mixed_01.mp4,54,0.5555582046508789,0.4520361065864563,0,1,13924,720x720
xception_df40,C:\deepfake_eval\leakfree_eval\sessions\validation\validation_mixed_01.mp4,55,0.6981342434883118,0.4528980652491252,0,1,12769,720x720
xception_df40,C:\deepfake_eval\leakfree_eval\sessions\validation\validation_mixed_01.mp4,56,0.44218602776527405,0.46342039505640664,0,1,12100,720x720
xception_df40,C:\deepfake_eval\leakfree_eval\sessions\validation\validation_mixed_01.mp4,57,0.9056447744369507,0.48694151639938354,0,1,11664,720x720
xception_df40,C:\deepfake_eval\leakfree_eval\sessions\validation\validation_mixed_01.mp4,58,0.2931966781616211,0.4593125899632772,0,1,11664,720x720
xception_df40,C:\deepfake_eval\leakfree_eval\sessions\validation\validation_mixed_01.mp4,59,0.3133048117160797,0.45204554001490277,0,1,13225,720x720
xception_df40,C:\deepfake_eval\leakfree_eval\sessions\validation\validation_mixed_01.mp4,60,0.17856380343437195,0.44262266159057617,0,1,12769,720x720
xception_df40,C:\deepfake_eval\leakfree_eval\sessions\validation\validation_mixed_01.mp4,61,0.25043028593063354,0.44649412830670676,0,1,13456,720x720
xception_df40,C:\deepfake_eval\leakfree_eval\sessions\validation\validation_mixed_01.mp4,62,0.35513758659362793,0.4258404354254405,0,1,13689,720x720
xception_df40,C:\deepfake_eval\leakfree_eval\sessions\validation\validation_mixed_01.mp4,63,0.16400204598903656,0.41155580977598827,0,1,12996,720x720
xception_df40,C:\deepfake_eval\leakfree_eval\sessions\validation\validation_mixed_01.mp4,64,0.8916149139404297,0.448432398835818,0,1,13689,720x720
xception_df40,C:\deepfake_eval\leakfree_eval\sessions\validation\validation_mixed_01.mp4,65,0.7030896544456482,0.47315207223097483,0,1,13689,720x720
xception_df40,C:\deepfake_eval\leakfree_eval\sessions\validation\validation_mixed_01.mp4,66,0.0015753477346152067,0.4514328030714144,1,1,161604,603x603
xception_df40,C:\deepfake_eval\leakfree_eval\sessions\validation\validation_mixed_01.mp4,67,0.06919610500335693,0.397720657583947,1,1,153664,588x588
xception_df40,C:\deepfake_eval\leakfree_eval\sessions\validation\validation_mixed_01.mp4,68,0.12303084135055542,0.39631102164275944,1,1,162409,604x604
xception_df40,C:\deepfake_eval\leakfree_eval\sessions\validation\validation_mixed_01.mp4,69,0.002407762687653303,0.35943432551187776,1,1,179776,636x636
xception_df40,C:\deepfake_eval\leakfree_eval\sessions\validation\validation_mixed_01.mp4,70,0.006781472824513912,0.3133441408009579,1,1,178084,633x633
xception_df40,C:\deepfake_eval\leakfree_eval\sessions\validation\validation_mixed_01.mp4,71,0.003923856187611818,0.2841266626957804,1,1,162409,604x604
xception_df40,C:\deepfake_eval\leakfree_eval\sessions\validation\validation_mixed_01.mp4,72,0.12541422247886658,0.23211129256524146,1,1,179776,636x636
xception_df40,C:\deepfake_eval\leakfree_eval\sessions\validation\validation_mixed_01.mp4,73,0.0035426614340394735,0.21280102478340268,1,1,165649,610x610
xception_df40,C:\deepfake_eval\leakfree_eval\sessions\validation\validation_mixed_01.mp4,74,0.01935417205095291,0.19320431547239422,1,1,156025,592x592
xception_df40,C:\deepfake_eval\leakfree_eval\sessions\validation\validation_mixed_01.mp4,75,0.000953023147303611,0.18136359678658967,1,1,164836,609x609
xception_df40,C:\deepfake_eval\leakfree_eval\sessions\validation\validation_mixed_01.mp4,76,0.024560946971178055,0.1663056408559593,1,1,165649,610x610
xception_df40,C:\deepfake_eval\leakfree_eval\sessions\validation\validation_mixed_01.mp4,77,0.010909564793109894,0.1433571060692581,1,3,47961,503x503
xception_df40,C:\deepfake_eval\leakfree_eval\sessions\validation\validation_mixed_01.mp4,78,0.002039361512288451,0.13255959377080823,1,2,47089,503x503
xception_df40,C:\deepfake_eval\leakfree_eval\sessions\validation\validation_mixed_01.mp4,79,0.006858468521386385,0.07357583074287201,1,3,47524,503x503
xception_df40,C:\deepfake_eval\leakfree_eval\sessions\validation\validation_mixed_01.mp4,80,0.04050222411751747,0.029403335387663296,1,3,47089,503x503
xception_df40,C:\deepfake_eval\leakfree_eval\sessions\validation\validation_mixed_01.mp4,81,0.004608513787388802,0.0296055464578482,1,3,46656,503x503
xception_df40,C:\deepfake_eval\leakfree_eval\sessions\validation\validation_mixed_01.mp4,82,0.07476704567670822,0.029976942502738288,1,3,45796,503x503
xception_df40,C:\deepfake_eval\leakfree_eval\sessions\validation\validation_mixed_01.mp4,83,0.03510189428925514,0.024115012698651603,1,3,47089,503x503
xception_df40,C:\deepfake_eval\leakfree_eval\sessions\validation\validation_mixed_01.mp4,84,0.003173937788233161,0.02416609103869026,1,2,44944,503x503
xception_df40,C:\deepfake_eval\leakfree_eval\sessions\validation\validation_mixed_01.mp4,85,0.016856715083122253,0.024837773855930816,1,3,49729,503x503
xception_df40,C:\deepfake_eval\leakfree_eval\sessions\validation\validation_mixed_01.mp4,86,0.040148988366127014,0.027252782667831828,1,3,46225,503x503
xception_df40,C:\deepfake_eval\leakfree_eval\sessions\validation\validation_mixed_01.mp4,87,0.03160524368286133,0.020998850748098145,1,3,44100,503x503
xception_df40,C:\deepfake_eval\leakfree_eval\sessions\validation\validation_mixed_01.mp4,88,0.0035446768160909414,0.020998985106901576,1,3,44100,503x503
xception_df40,C:\deepfake_eval\leakfree_eval\sessions\validation\validation_mixed_01.mp4,89,0.005300452001392841,0.020062070436930906,1,3,44944,503x503
xception_df40,C:\deepfake_eval\leakfree_eval\sessions\validation\validation_mixed_01.mp4,90,0.0006971838301979005,0.020045014482457192,1,3,45369,503x503
xception_df40,C:\deepfake_eval\leakfree_eval\sessions\validation\validation_mixed_01.mp4,91,0.0005664784112013876,0.018445383245125412,1,3,47961,503x503
xception_df40,C:\deepfake_eval\leakfree_eval\sessions\validation\validation_mixed_01.mp4,92,0.04421059787273407,0.020665452117100358,1,3,45796,503x503
xception_df40,C:\deepfake_eval\leakfree_eval\sessions\validation\validation_mixed_01.mp4,93,0.02655700407922268,0.022299961621562638,1,2,48400,503x503
xception_df40,C:\deepfake_eval\leakfree_eval\sessions\validation\validation_mixed_01.mp4,94,0.13849222660064697,0.031075545493513344,1,2,44100,503x503
xception_df40,C:\deepfake_eval\leakfree_eval\sessions\validation\validation_mixed_01.mp4,95,0.00467634666711092,0.02868715366348624,1,2,44100,503x503
xception_df40,C:\deepfake_eval\leakfree_eval\sessions\validation\validation_mixed_01.mp4,96,0.06496557593345642,0.03271095780655742,1,3,44944,503x503
xception_df40,C:\deepfake_eval\leakfree_eval\sessions\validation\validation_mixed_01.mp4,97,0.007792915217578411,0.028246015775948763,1,2,44100,503x503
xception_df40,C:\deepfake_eval\leakfree_eval\sessions\validation\validation_mixed_01.mp4,98,0.008951887488365173,0.026502681989222766,1,3,44521,503x503
xception_df40,C:\deepfake_eval\leakfree_eval\sessions\validation\validation_mixed_01.mp4,99,0.9722309708595276,0.09110648419397573,0,1,24025,720x720
xception_df40,C:\deepfake_eval\leakfree_eval\sessions\validation\validation_mixed_01.mp4,100,0.8007814288139343,0.14336813177602986,0,1,21316,720x720
xception_df40,C:\deepfake_eval\leakfree_eval\sessions\validation\validation_mixed_01.mp4,101,0.7910261750221252,0.19342661088642973,0,1,21904,720x720
xception_df40,C:\deepfake_eval\leakfree_eval\sessions\validation\validation_mixed_01.mp4,102,0.8664113879203796,0.24908035383559762,0,1,23409,720x720
xception_df40,C:\deepfake_eval\leakfree_eval\sessions\validation\validation_mixed_01.mp4,103,0.902180016040802,0.3089893764505784,0,1,21904,720x720
xception_df40,C:\deepfake_eval\leakfree_eval\sessions\validation\validation_mixed_01.mp4,104,0.8109747767448425,0.36270099810014167,0,2,21609,720x720
xception_df40,C:\deepfake_eval\leakfree_eval\sessions\validation\validation_mixed_01.mp4,105,0.8164839148521423,0.41708678016827133,0,2,23409,720x720
xception_df40,C:\deepfake_eval\leakfree_eval\sessions\validation\validation_mixed_01.mp4,106,0.8596043586730957,0.47435597218573095,0,1,22500,720x720
xception_df40,C:\deepfake_eval\leakfree_eval\sessions\validation\validation_mixed_01.mp4,107,0.7141326665878296,0.519017443433404,0,1,22500,720x720
xception_df40,C:\deepfake_eval\leakfree_eval\sessions\validation\validation_mixed_01.mp4,108,0.7153955101966858,0.5649400105079015,0,1,23104,720x720
xception_df40,C:\deepfake_eval\leakfree_eval\sessions\validation\validation_mixed_01.mp4,109,0.7619965076446533,0.6065069625775019,0,1,23409,720x720
xception_df40,C:\deepfake_eval\leakfree_eval\sessions\validation\validation_mixed_01.mp4,110,0.7707810997962952,0.6575806127861142,0,1,22801,720x720
xception_df40,C:\deepfake_eval\leakfree_eval\sessions\validation\validation_mixed_01.mp4,111,0.8023210167884827,0.7067376421764493,0,1,19881,720x720
xception_df40,C:\deepfake_eval\leakfree_eval\sessions\validation\validation_mixed_01.mp4,112,0.8537768125534058,0.7631365686655045,0,1,22500,720x720
xception_df40,C:\deepfake_eval\leakfree_eval\sessions\validation\validation_mixed_01.mp4,113,0.7762254476547241,0.8142881393432617,0,1,23716,720x720
xception_df40,C:\deepfake_eval\leakfree_eval\sessions\validation\validation_mixed_01.mp4,114,0.9999316930770874,0.8161348541577657,1,1,115600,510x510
xception_df40,C:\deepfake_eval\leakfree_eval\sessions\validation\validation_mixed_01.mp4,115,0.9996950626373291,0.8293957630793254,1,1,120409,520x520
xception_df40,C:\deepfake_eval\leakfree_eval\sessions\validation\validation_mixed_01.mp4,116,0.9998283386230469,0.8433159073193868,1,1,121104,522x522
xception_df40,C:\deepfake_eval\leakfree_eval\sessions\validation\validation_mixed_01.mp4,117,0.8325538635253906,0.8410587390263875,1,1,131769,544x544
xception_df40,C:\deepfake_eval\leakfree_eval\sessions\validation\validation_mixed_01.mp4,118,0.998725950717926,0.8474951346715291,1,1,131044,543x543
xception_df40,C:\deepfake_eval\leakfree_eval\sessions\validation\validation_mixed_01.mp4,119,0.9799966812133789,0.8587632616360982,1,1,135424,552x552
xception_df40,C:\deepfake_eval\leakfree_eval\sessions\validation\validation_mixed_01.mp4,120,0.9977097511291504,0.8708449840545655,1,1,114244,507x507
xception_df40,C:\deepfake_eval\leakfree_eval\sessions\validation\validation_mixed_01.mp4,121,0.9991557598114014,0.8801484107971191,1,1,133956,549x549
xception_df40,C:\deepfake_eval\leakfree_eval\sessions\validation\validation_mixed_01.mp4,122,0.9999780654907227,0.8992047707239786,1,1,133956,549x549
xception_df40,C:\deepfake_eval\leakfree_eval\sessions\validation\validation_mixed_01.mp4,123,0.9752618074417114,0.9165291905403137,1,1,135424,552x552
xception_df40,C:\deepfake_eval\leakfree_eval\sessions\validation\validation_mixed_01.mp4,124,0.3179977536201477,0.8869292736053467,1,1,132496,546x546
xception_df40,C:\deepfake_eval\leakfree_eval\sessions\validation\validation_mixed_01.mp4,125,0.9897809028625488,0.9015292604764302,1,1,128164,537x537
xception_df40,C:\deepfake_eval\leakfree_eval\sessions\validation\validation_mixed_01.mp4,126,0.9658685326576233,0.9124324282010396,1,1,141376,564x564
xception_df40,C:\deepfake_eval\leakfree_eval\sessions\validation\validation_mixed_01.mp4,127,0.8486396670341492,0.9120899518330892,1,1,133956,549x549
xception_df40,C:\deepfake_eval\leakfree_eval\sessions\validation\validation_mixed_01.mp4,128,0.9991206526756287,0.9269496321678161,1,1,133225,547x547
xception_df40,C:\deepfake_eval\leakfree_eval\sessions\validation\validation_mixed_01.mp4,129,0.9922101497650146,0.926434862613678,1,1,139876,561x561
xception_df40,C:\deepfake_eval\leakfree_eval\sessions\validation\validation_mixed_01.mp4,130,0.9991262555122375,0.9263969421386719,1,1,125316,531x531
xception_df40,C:\deepfake_eval\leakfree_eval\sessions\validation\validation_mixed_01.mp4,131,0.994486391544342,0.9260408123334248,1,1,139876,561x561
xception_df40,C:\deepfake_eval\leakfree_eval\sessions\validation\validation_mixed_01.mp4,132,0.9992558360099792,0.9371542771657307,1,1,134689,550x550
xception_df40,C:\deepfake_eval\leakfree_eval\sessions\validation\validation_mixed_01.mp4,133,0.9995104074478149,0.9372065742810567,1,1,138384,558x558
xception_df40,C:\deepfake_eval\leakfree_eval\sessions\validation\validation_mixed_01.mp4,134,0.9985970854759216,0.9384466012318929,1,1,136900,555x555
xception_df40,C:\deepfake_eval\leakfree_eval\sessions\validation\validation_mixed_01.mp4,135,0.9219159483909607,0.933393681049347,1,1,116281,511x511
xception_df40,C:\deepfake_eval\leakfree_eval\sessions\validation\validation_mixed_01.mp4,136,0.999618411064148,0.9334245244661967,1,1,127449,535x535
xception_df40,C:\deepfake_eval\leakfree_eval\sessions\validation\validation_mixed_01.mp4,137,0.9795407652854919,0.932062037785848,1,1,136161,553x553
xception_df40,C:\deepfake_eval\leakfree_eval\sessions\validation\validation_mixed_01.mp4,138,0.9867343902587891,0.9328268766403198,1,1,141376,564x564
xception_df40,C:\deepfake_eval\leakfree_eval\sessions\validation\validation_mixed_01.mp4,139,0.999994158744812,0.9782933036486308,1,1,121801,523x523
xception_df40,C:\deepfake_eval\leakfree_eval\sessions\validation\validation_mixed_01.mp4,140,0.9999676942825317,0.9789724230766297,1,1,119716,519x519
xception_df40,C:\deepfake_eval\leakfree_eval\sessions\validation\validation_mixed_01.mp4,141,0.9998879432678223,0.9812403837839763,1,1,112896,504x504
xception_df40,C:\deepfake_eval\leakfree_eval\sessions\validation\validation_mixed_01.mp4,142,0.9761812686920166,0.989743157227834,1,1,126025,532x532
xception_df40,C:\deepfake_eval\leakfree_eval\sessions\validation\validation_mixed_01.mp4,143,0.9996598958969116,0.9897791067759196,1,1,120409,520x520
xception_df40,C:\deepfake_eval\leakfree_eval\sessions\validation\validation_mixed_01.mp4,144,0.9876928925514221,0.9894779562950134,1,1,125316,531x531
xception_df40,C:\deepfake_eval\leakfree_eval\sessions\validation\validation_mixed_01.mp4,145,0.9999990463256836,0.9895361423492431,1,1,97344,503x503
xception_df40,C:\deepfake_eval\leakfree_eval\sessions\validation\validation_mixed_01.mp4,146,0.9992838501930237,0.989855972925822,1,1,85849,503x503
xception_df40,C:\deepfake_eval\leakfree_eval\sessions\validation\validation_mixed_01.mp4,147,0.9974610805511475,0.9897363225618998,1,1,108900,503x503
xception_df40,C:\deepfake_eval\leakfree_eval\sessions\validation\validation_mixed_01.mp4,148,0.9955986738204956,0.9894755403200786,1,1,108241,503x503
xception_df40,C:\deepfake_eval\leakfree_eval\sessions\validation\validation_mixed_01.mp4,149,0.9997738003730774,0.9895539879798889,1,1,93025,503x503
xception_df40,C:\deepfake_eval\leakfree_eval\sessions\validation\validation_mixed_01.mp4,150,0.9998977184295654,0.9947527726491292,1,1,94864,503x503
xception_df40,C:\deepfake_eval\leakfree_eval\sessions\validation\validation_mixed_01.mp4,151,0.9999319314956665,0.9947736740112305,1,1,102400,503x503
xception_df40,C:\deepfake_eval\leakfree_eval\sessions\validation\validation_mixed_01.mp4,152,0.999836802482605,0.9961267431577047,1,1,113569,505x505
xception_df40,C:\deepfake_eval\leakfree_eval\sessions\validation\validation_mixed_01.mp4,153,0.999974250793457,0.9970094005266825,1,1,94864,503x503
xception_df40,C:\deepfake_eval\leakfree_eval\sessions\validation\validation_mixed_01.mp4,154,0.9712821245193481,0.9950952649116516,1,1,107584,503x503
xception_df40,C:\deepfake_eval\leakfree_eval\sessions\validation\validation_mixed_01.mp4,155,0.9468479752540588,0.9915539503097535,1,1,106276,503x503
xception_df40,C:\deepfake_eval\leakfree_eval\sessions\validation\validation_mixed_01.mp4,156,0.998784601688385,0.9914803942044575,1,1,98596,503x503
xception_df40,C:\deepfake_eval\leakfree_eval\sessions\validation\validation_mixed_01.mp4,157,0.998531699180603,0.9929704229036967,1,1,101124,503x503
xception_df40,C:\deepfake_eval\leakfree_eval\sessions\validation\validation_mixed_01.mp4,158,0.6830881834030151,0.9718656420707703,1,1,103684,503x503
xception_df40,C:\deepfake_eval\leakfree_eval\sessions\validation\validation_mixed_01.mp4,159,0.9921154379844666,0.9721604784329733,1,1,110224,503x503
xception_df40,C:\deepfake_eval\leakfree_eval\sessions\validation\validation_mixed_01.mp4,160,0.998150110244751,0.9720372160275778,1,1,111556,503x503
xception_df40,C:\deepfake_eval\leakfree_eval\sessions\validation\validation_mixed_01.mp4,161,0.9999936819076538,0.9720845381418864,1,1,88804,503x503
xception_df40,C:\deepfake_eval\leakfree_eval\sessions\validation\validation_mixed_01.mp4,162,0.6375977993011475,0.9480936527252197,0,1,17424,720x720
xception_df40,C:\deepfake_eval\leakfree_eval\sessions\validation\validation_mixed_01.mp4,163,0.6590796709060669,0.9256590525309245,0,1,19321,720x720
xception_df40,C:\deepfake_eval\leakfree_eval\sessions\validation\validation_mixed_01.mp4,164,0.5042544603347778,0.8926244298617045,0,2,17689,720x720
xception_df40,C:\deepfake_eval\leakfree_eval\sessions\validation\validation_mixed_01.mp4,165,0.4129829704761505,0.8534967799981436,0,2,18225,720x720
xception_df40,C:\deepfake_eval\leakfree_eval\sessions\validation\validation_mixed_01.mp4,166,0.4537016451358795,0.8170814275741577,0,2,18496,720x720
xception_df40,C:\deepfake_eval\leakfree_eval\sessions\validation\validation_mixed_01.mp4,167,0.5665770173072815,0.7881974418958028,0,2,19044,720x720
xception_df40,C:\deepfake_eval\leakfree_eval\sessions\validation\validation_mixed_01.mp4,168,0.4996611773967743,0.7548432370026906,0,2,18496,720x720
xception_df40,C:\deepfake_eval\leakfree_eval\sessions\validation\validation_mixed_01.mp4,169,0.5893137454986572,0.7293786784013112,0,1,17689,720x720
xception_df40,C:\deepfake_eval\leakfree_eval\sessions\validation\validation_mixed_01.mp4,170,0.6977095603942871,0.7127694507439931,0,1,18769,720x720
xception_df40,C:\deepfake_eval\leakfree_eval\sessions\validation\validation_mixed_01.mp4,171,0.5575430989265442,0.6833533505598705,0,1,18496,720x720
xception_df40,C:\deepfake_eval\leakfree_eval\sessions\validation\validation_mixed_01.mp4,172,0.5423438549041748,0.6529408276081086,0,2,18225,720x720
xception_df40,C:\deepfake_eval\leakfree_eval\sessions\validation\validation_mixed_01.mp4,173,0.4091249108314514,0.6346766094366709,0,1,18225,720x720
xception_df40,C:\deepfake_eval\leakfree_eval\sessions\validation\validation_mixed_01.mp4,174,0.5694411396980286,0.6064983228842418,0,1,17161,720x720
xception_df40,C:\deepfake_eval\leakfree_eval\sessions\validation\validation_mixed_01.mp4,175,0.5142912864685059,0.5742410679658254,0,1,18496,720x720
xception_df40,C:\deepfake_eval\leakfree_eval\sessions\validation\validation_mixed_01.mp4,176,0.5143932104110718,0.5418677031993866,0,1,18769,720x720
xception_df40,C:\deepfake_eval\leakfree_eval\sessions\validation\validation_mixed_01.mp4,177,0.5020519495010376,0.5328313132127126,0,2,19044,720x720
xception_df40,C:\deepfake_eval\leakfree_eval\sessions\validation\validation_mixed_01.mp4,178,0.5235591530799866,0.5237966120243073,0,1,18225,720x720
xception_df40,C:\deepfake_eval\leakfree_eval\sessions\validation\validation_mixed_01.mp4,179,0.5266795754432678,0.5252916196982066,0,1,17424,720x720
xception_df40,C:\deepfake_eval\leakfree_eval\sessions\validation\validation_mixed_01.mp4,180,0.5908523797988892,0.5371495803197225,0,1,18496,720x720
xception_df40,C:\deepfake_eval\leakfree_eval\sessions\validation\validation_mixed_01.mp4,181,0.5709121823310852,0.5449636161327363,0,1,18769,720x720
xception_df40,C:\deepfake_eval\leakfree_eval\sessions\validation\validation_mixed_01.mp4,182,0.6147017478942871,0.5481719315052033,0,2,19044,720x720
xception_df40,C:\deepfake_eval\leakfree_eval\sessions\validation\validation_mixed_01.mp4,183,0.5432455539703369,0.5510775566101074,0,2,17956,720x720
xception_df40,C:\deepfake_eval\leakfree_eval\sessions\validation\validation_mixed_01.mp4,184,0.4250524640083313,0.5401268045107523,0,3,19044,720x720
xception_df40,C:\deepfake_eval\leakfree_eval\sessions\validation\validation_mixed_01.mp4,185,0.4109559953212738,0.5210099001725514,0,2,17956,720x720
xception_df40,C:\deepfake_eval\leakfree_eval\sessions\validation\validation_mixed_01.mp4,186,0.5995471477508545,0.5238101700941722,0,1,18769,720x720
xception_df40,C:\deepfake_eval\leakfree_eval\sessions\validation\validation_mixed_01.mp4,187,0.5941323637962341,0.5272627373536428,0,2,19881,720x720
xception_df40,C:\deepfake_eval\leakfree_eval\sessions\validation\validation_mixed_01.mp4,188,0.5276925563812256,0.5351672470569611,0,2,20736,720x720
xception_df40,C:\deepfake_eval\leakfree_eval\sessions\validation\validation_mixed_01.mp4,189,0.6784403324127197,0.5424338599046071,0,1,17424,720x720
xception_df40,C:\deepfake_eval\leakfree_eval\sessions\validation\validation_mixed_01.mp4,190,0.574833869934082,0.5464700321356456,0,1,18496,720x720
xception_df40,C:\deepfake_eval\leakfree_eval\sessions\validation\validation_mixed_01.mp4,191,0.46739092469215393,0.543336546421051,0,1,18225,720x720
xception_df40,C:\deepfake_eval\leakfree_eval\sessions\validation\validation_mixed_01.mp4,192,0.5527039170265198,0.5467133442560832,0,1,19881,720x720
xception_df40,C:\deepfake_eval\leakfree_eval\sessions\validation\validation_mixed_01.mp4,193,0.44930970668792725,0.5417633811632793,0,1,19321,720x720
xception_df40,C:\deepfake_eval\leakfree_eval\sessions\validation\validation_mixed_01.mp4,194,0.5445661544799805,0.5429558197657267,0,1,19600,720x720
xception_df40,C:\deepfake_eval\leakfree_eval\sessions\validation\validation_mixed_01.mp4,195,0.772212028503418,0.5550464630126953,0,1,18769,720x720
xception_df40,C:\deepfake_eval\leakfree_eval\sessions\validation\validation_mixed_01.mp4,196,0.6768535375595093,0.5621092200279236,0,1,18225,720x720
xception_df40,C:\deepfake_eval\leakfree_eval\sessions\validation\validation_mixed_01.mp4,197,0.7202925682067871,0.5691486080487569,0,1,18496,720x720
xception_df40,C:\deepfake_eval\leakfree_eval\sessions\validation\validation_mixed_01.mp4,198,0.47469252347946167,0.5645784060160319,0,1,19044,720x720
xception_df40,C:\deepfake_eval\leakfree_eval\sessions\validation\validation_mixed_01.mp4,199,0.5115498900413513,0.5703449010848999,0,1,17689,720x720
xception_df40,C:\deepfake_eval\leakfree_eval\sessions\validation\validation_mixed_01.mp4,200,0.45534196496009827,0.5733039657274882,0,1,17956,720x720
xception_df40,C:\deepfake_eval\leakfree_eval\sessions\validation\validation_mixed_01.mp4,201,0.5423097610473633,0.5694881399472554,0,1,17689,720x720
xception_df40,C:\deepfake_eval\leakfree_eval\sessions\validation\validation_mixed_01.mp4,202,0.5797795057296753,0.5685312827428182,0,2,17956,720x720
xception_df40,C:\deepfake_eval\leakfree_eval\sessions\validation\validation_mixed_01.mp4,203,0.59978187084198,0.5733372370402018,0,1,18769,720x720
xception_df40,C:\deepfake_eval\leakfree_eval\sessions\validation\validation_mixed_01.mp4,204,0.652908444404602,0.5716351111729939,0,1,19600,720x720
xception_df40,C:\deepfake_eval\leakfree_eval\sessions\validation\validation_mixed_01.mp4,205,0.5304250121116638,0.5686745206514995,0,1,17424,720x720
xception_df40,C:\deepfake_eval\leakfree_eval\sessions\validation\validation_mixed_01.mp4,206,0.4262774586677551,0.5659336229165395,0,1,18769,720x720
xception_df40,C:\deepfake_eval\leakfree_eval\sessions\validation\validation_mixed_01.mp4,207,0.5941636562347412,0.5686976055304209,0,1,17424,720x720
xception_df40,C:\deepfake_eval\leakfree_eval\sessions\validation\validation_mixed_01.mp4,208,0.47188371419906616,0.5702025393644968,0,1,18496,720x720
xception_df40,C:\deepfake_eval\leakfree_eval\sessions\validation\validation_mixed_01.mp4,209,0.5658286809921265,0.5716200411319733,0,1,18496,720x720
xception_df40,C:\deepfake_eval\leakfree_eval\sessions\validation\validation_mixed_01.mp4,210,0.424498051404953,0.548439109325409,0,1,18769,720x720
xception_df40,C:\deepfake_eval\leakfree_eval\sessions\validation\validation_mixed_01.mp4,211,0.4845544397830963,0.5356191694736481,0,1,17161,720x720
xception_df40,C:\deepfake_eval\leakfree_eval\sessions\validation\validation_mixed_01.mp4,212,0.5430311560630798,0.5238017419974009,1,1,52900,503x503
xception_df40,C:\deepfake_eval\leakfree_eval\sessions\validation\validation_mixed_01.mp4,213,0.4871978461742401,0.5246354301770528,1,1,52441,503x503
xception_df40,C:\deepfake_eval\leakfree_eval\sessions\validation\validation_mixed_01.mp4,214,0.01966407336294651,0.49184304239849247,1,1,47089,503x503
xception_df40,C:\deepfake_eval\leakfree_eval\sessions\validation\validation_mixed_01.mp4,215,0.03772199898958206,0.4640017113337914,1,1,47089,503x503
xception_df40,C:\deepfake_eval\leakfree_eval\sessions\validation\validation_mixed_01.mp4,216,0.00788411870598793,0.4283733351776997,1,1,48400,503x503
xception_df40,C:\deepfake_eval\leakfree_eval\sessions\validation\validation_mixed_01.mp4,217,0.01281206775456667,0.39057550597935914,1,1,47089,503x503
xception_df40,C:\deepfake_eval\leakfree_eval\sessions\validation\validation_mixed_01.mp4,218,0.995518147945404,0.41695792445292074,1,1,123904,528x528
xception_df40,C:\deepfake_eval\leakfree_eval\sessions\validation\validation_mixed_01.mp4,219,0.9834219813346863,0.4389921602482597,1,1,127449,535x535
xception_df40,C:\deepfake_eval\leakfree_eval\sessions\validation\validation_mixed_01.mp4,220,0.6325978636741638,0.4458036836857597,1,1,123904,528x528
xception_df40,C:\deepfake_eval\leakfree_eval\sessions\validation\validation_mixed_01.mp4,221,0.9811530113220215,0.48279538719604415,1,1,115600,510x510
xception_df40,C:\deepfake_eval\leakfree_eval\sessions\validation\validation_mixed_01.mp4,222,0.9477160573005676,0.5063655472670993,1,1,123904,528x528
xception_df40,C:\deepfake_eval\leakfree_eval\sessions\validation\validation_mixed_01.mp4,223,0.8806920051574707,0.5336194333309928,1,1,126736,534x534
xception_df40,C:\deepfake_eval\leakfree_eval\sessions\validation\validation_mixed_01.mp4,224,0.6977903246879578,0.5424168762440483,1,1,123201,526x526
xception_df40,C:\deepfake_eval\leakfree_eval\sessions\validation\validation_mixed_01.mp4,225,0.9599610567092896,0.578114409931004,1,1,105625,503x503
xception_df40,C:\deepfake_eval\leakfree_eval\sessions\validation\validation_mixed_01.mp4,226,0.9861539602279663,0.611554377960662,1,1,128881,538x538
xception_df40,C:\deepfake_eval\leakfree_eval\sessions\validation\validation_mixed_01.mp4,227,0.8340359926223755,0.6309547003979484,1,1,131769,544x544
xception_df40,C:\deepfake_eval\leakfree_eval\sessions\validation\validation_mixed_01.mp4,228,0.9992270469665527,0.6650899804507693,1,1,121104,522x522
xception_df40,C:\deepfake_eval\leakfree_eval\sessions\validation\validation_mixed_01.mp4,229,0.0973443016409874,0.670268662335972,1,1,119025,517x517
xception_df40,C:\deepfake_eval\leakfree_eval\sessions\validation\validation_mixed_01.mp4,230,0.8946890234947205,0.7273997973029812,1,1,119025,517x517
xception_df40,C:\deepfake_eval\leakfree_eval\sessions\validation\validation_mixed_01.mp4,231,0.9820982813835144,0.7923474081481496,1,1,121104,522x522
xception_df40,C:\deepfake_eval\leakfree_eval\sessions\validation\validation_mixed_01.mp4,232,0.9854488968849182,0.8571898634235064,1,1,118336,516x516
xception_df40,C:\deepfake_eval\leakfree_eval\sessions\validation\validation_mixed_01.mp4,233,0.6763629913330078,0.83591285298268,1,1,117649,514x514
xception_df40,C:\deepfake_eval\leakfree_eval\sessions\validation\validation_mixed_01.mp4,234,0.8838491439819336,0.8292746638258298,1,1,52441,503x503
xception_df40,C:\deepfake_eval\leakfree_eval\sessions\validation\validation_mixed_01.mp4,235,0.1329377144575119,0.7959639872113864,1,1,52900,503x503
xception_df40,C:\deepfake_eval\leakfree_eval\sessions\validation\validation_mixed_01.mp4,236,0.7807672619819641,0.7826049372553825,1,1,52441,503x503
xception_df40,C:\deepfake_eval\leakfree_eval\sessions\validation\validation_mixed_01.mp4,237,0.26467597484588623,0.7370689317584038,1,1,55696,503x503
xception_df40,C:\deepfake_eval\leakfree_eval\sessions\validation\validation_mixed_01.mp4,238,0.6244549751281738,0.719986463089784,1,1,51529,503x503
xception_df40,C:\deepfake_eval\leakfree_eval\sessions\validation\validation_mixed_01.mp4,239,0.6070652604103088,0.7139381254712741,1,2,53824,503x503
xception_df40,C:\deepfake_eval\leakfree_eval\sessions\validation\validation_mixed_01.mp4,240,0.44674044847488403,0.679723418255647,1,1,55696,503x503
xception_df40,C:\deepfake_eval\leakfree_eval\sessions\validation\validation_mixed_01.mp4,241,0.937591552734375,0.6764859244227409,1,1,54289,503x503
xception_df40,C:\deepfake_eval\leakfree_eval\sessions\validation\validation_mixed_01.mp4,242,0.784404456615448,0.6731771553556124,1,1,53361,503x503
xception_df40,C:\deepfake_eval\leakfree_eval\sessions\validation\validation_mixed_01.mp4,243,0.18057957291603088,0.6186006570855777,1,1,54289,503x503
xception_df40,C:\deepfake_eval\leakfree_eval\sessions\validation\validation_mixed_01.mp4,244,0.9421635866165161,0.6749219427506129,1,3,61009,503x503
xception_df40,C:\deepfake_eval\leakfree_eval\sessions\validation\validation_mixed_01.mp4,245,0.25780564546585083,0.6324630508820216,1,2,33489,503x503
xception_df40,C:\deepfake_eval\leakfree_eval\sessions\validation\validation_mixed_01.mp4,246,0.8383124470710754,0.6228773285945256,1,2,35344,503x503
xception_df40,C:\deepfake_eval\leakfree_eval\sessions\validation\validation_mixed_01.mp4,247,0.7968468070030212,0.6103038559357326,1,3,46225,503x503
xception_df40,C:\deepfake_eval\leakfree_eval\sessions\validation\validation_mixed_01.mp4,248,0.17231279611587524,0.5767005095879237,1,2,34969,503x503
xception_df40,C:\deepfake_eval\leakfree_eval\sessions\validation\validation_mixed_01.mp4,249,0.09626106172800064,0.5241946374376615,1,2,33856,503x503
xception_df40,C:\deepfake_eval\leakfree_eval\sessions\validation\validation_mixed_01.mp4,250,0.8433673977851868,0.5715566163261732,1,2,34596,503x503
xception_df40,C:\deepfake_eval\leakfree_eval\sessions\validation\validation_mixed_01.mp4,251,0.19575540721416473,0.5325558260083199,1,2,34596,503x503
xception_df40,C:\deepfake_eval\leakfree_eval\sessions\validation\validation_mixed_01.mp4,252,0.29189300537109375,0.5343702947100003,1,2,34596,503x503
xception_df40,C:\deepfake_eval\leakfree_eval\sessions\validation\validation_mixed_01.mp4,253,0.0969102531671524,0.4992006465792656,1,2,35344,503x503
xception_df40,C:\deepfake_eval\leakfree_eval\sessions\validation\validation_mixed_01.mp4,254,0.44196686148643494,0.48819408665100733,1,2,34969,503x503
xception_df40,C:\deepfake_eval\leakfree_eval\sessions\validation\validation_mixed_01.mp4,255,0.2638288736343384,0.47599998166163765,1,2,34596,503x503
xception_df40,C:\deepfake_eval\leakfree_eval\sessions\validation\validation_mixed_01.mp4,256,0.7480420470237732,0.4633633479475975,1,2,33856,503x503
xception_df40,C:\deepfake_eval\leakfree_eval\sessions\validation\validation_mixed_01.mp4,257,0.6185569167137146,0.45230684528748194,1,1,149769,580x580
xception_df40,C:\deepfake_eval\leakfree_eval\sessions\validation\validation_mixed_01.mp4,258,0.01281915046274662,0.44112281712392964,1,1,136161,553x553
xception_df40,C:\deepfake_eval\leakfree_eval\sessions\validation\validation_mixed_01.mp4,259,0.9555811285972595,0.44201731992264587,1,1,142884,567x567
xception_df40,C:\deepfake_eval\leakfree_eval\sessions\validation\validation_mixed_01.mp4,260,0.015531599521636963,0.4258657168596983,1,1,144400,570x570
xception_df40,C:\deepfake_eval\leakfree_eval\sessions\validation\validation_mixed_01.mp4,261,0.07628865540027618,0.3750641307483117,1,1,142129,565x565
xception_df40,C:\deepfake_eval\leakfree_eval\sessions\validation\validation_mixed_01.mp4,262,0.4900053143501282,0.3546080312381188,1,1,137641,556x556
xception_df40,C:\deepfake_eval\leakfree_eval\sessions\validation\validation_mixed_01.mp4,263,0.02574065327644348,0.3448365550488234,1,1,152100,585x585
xception_df40,C:\deepfake_eval\leakfree_eval\sessions\validation\validation_mixed_01.mp4,264,0.10916914790868759,0.3456970941275358,1,1,162409,604x604
xception_df40,C:\deepfake_eval\leakfree_eval\sessions\validation\validation_mixed_01.mp4,265,0.02073114924132824,0.29085467755794525,1,1,162409,604x604
xception_df40,C:\deepfake_eval\leakfree_eval\sessions\validation\validation_mixed_01.mp4,266,0.010888113640248775,0.2785301913196842,0,0,,720x720
xception_df40,C:\deepfake_eval\leakfree_eval\sessions\validation\validation_mixed_01.mp4,267,0.8640516996383667,0.3166741042708357,0,0,,720x720
xception_df40,C:\deepfake_eval\leakfree_eval\sessions\validation\validation_mixed_01.mp4,268,0.003950799815356731,0.310476807380716,1,1,159201,598x598
xception_df40,C:\deepfake_eval\leakfree_eval\sessions\validation\validation_mixed_01.mp4,269,0.05638718232512474,0.28477149543662866,1,1,159201,598x598
xception_df40,C:\deepfake_eval\leakfree_eval\sessions\validation\validation_mixed_01.mp4,270,0.0465981550514698,0.27028944753110407,1,1,159201,598x598
xception_df40,C:\deepfake_eval\leakfree_eval\sessions\validation\validation_mixed_01.mp4,271,0.09190303832292557,0.22654684695104757,1,1,159201,598x598
xception_df40,C:\deepfake_eval\leakfree_eval\sessions\validation\validation_mixed_01.mp4,272,0.3581044375896454,0.2091833483427763,1,1,165649,610x610
xception_df40,C:\deepfake_eval\leakfree_eval\sessions\validation\validation_mixed_01.mp4,273,0.01748032309114933,0.2094940931846698,1,2,48400,503x503
xception_df40,C:\deepfake_eval\leakfree_eval\sessions\validation\validation_mixed_01.mp4,274,0.061828646808862686,0.1499105943987767,1,2,44944,503x503
xception_df40,C:\deepfake_eval\leakfree_eval\sessions\validation\validation_mixed_01.mp4,275,0.0408298522233963,0.15159714457889398,1,2,48400,503x503
xception_df40,C:\deepfake_eval\leakfree_eval\sessions\validation\validation_mixed_01.mp4,276,0.34689322113990784,0.1696374489615361,1,1,43681,503x503
xception_df40,C:\deepfake_eval\leakfree_eval\sessions\validation\validation_mixed_01.mp4,277,0.046674925833940506,0.14008208972712358,1,2,48841,503x503
xception_df40,C:\deepfake_eval\leakfree_eval\sessions\validation\validation_mixed_01.mp4,278,0.053724516183137894,0.14194768058756987,1,2,48841,503x503
xception_df40,C:\deepfake_eval\leakfree_eval\sessions\validation\validation_mixed_01.mp4,279,0.18484987318515778,0.1469930622726679,1,2,50625,503x503
xception_df40,C:\deepfake_eval\leakfree_eval\sessions\validation\validation_mixed_01.mp4,280,0.031739600002765656,0.14772695899009705,1,2,51076,503x503
xception_df40,C:\deepfake_eval\leakfree_eval\sessions\validation\validation_mixed_01.mp4,281,0.0951208621263504,0.15334247555583716,1,2,51529,503x503
xception_df40,C:\deepfake_eval\leakfree_eval\sessions\validation\validation_mixed_01.mp4,282,0.23542732000350952,0.11143418358018001,1,2,48841,503x503
xception_df40,C:\deepfake_eval\leakfree_eval\sessions\validation\validation_mixed_01.mp4,283,0.12460185587406158,0.119477587317427,1,2,44944,503x503
xception_df40,C:\deepfake_eval\leakfree_eval\sessions\validation\validation_mixed_01.mp4,284,0.008092026226222515,0.11625791024416685,1,2,47961,503x503
xception_df40,C:\deepfake_eval\leakfree_eval\sessions\validation\validation_mixed_01.mp4,285,0.3436150550842285,0.13605903691301743,1,2,47524,503x503
xception_df40,C:\deepfake_eval\leakfree_eval\sessions\validation\validation_mixed_01.mp4,286,0.05480002611875534,0.13358550276607276,1,2,45369,503x503
xception_df40,C:\deepfake_eval\leakfree_eval\sessions\validation\validation_mixed_01.mp4,287,0.03645411506295204,0.11214214793095986,1,2,47961,503x503
xception_df40,C:\deepfake_eval\leakfree_eval\sessions\validation\validation_mixed_01.mp4,288,0.08303842693567276,0.11651268818726142,1,2,49284,503x503
xception_df40,C:\deepfake_eval\leakfree_eval\sessions\validation\validation_mixed_01.mp4,289,0.10071931034326553,0.11910539908955495,1,1,46225,503x503
xception_df40,C:\deepfake_eval\leakfree_eval\sessions\validation\validation_mixed_01.mp4,290,0.12299669533967972,0.12458318863064051,1,2,47524,503x503
xception_df40,C:\deepfake_eval\leakfree_eval\sessions\validation\validation_mixed_01.mp4,291,0.13643689453601837,0.11055276685704787,1,2,49729,503x503
xception_df40,C:\deepfake_eval\leakfree_eval\sessions\validation\validation_mixed_01.mp4,292,0.41016802191734314,0.13478563992927473,1,2,46656,503x503
xception_df40,C:\deepfake_eval\leakfree_eval\sessions\validation\validation_mixed_01.mp4,293,0.3032360374927521,0.15141974134991568,1,2,50176,503x503
xception_df40,C:\deepfake_eval\leakfree_eval\sessions\validation\validation_mixed_01.mp4,294,0.7967179417610168,0.1922109459216396,1,2,69169,503x503
xception_df40,C:\deepfake_eval\leakfree_eval\sessions\validation\validation_mixed_01.mp4,295,0.05285724252462387,0.19361878875643015,1,2,75076,503x503
xception_df40,C:\deepfake_eval\leakfree_eval\sessions\validation\validation_mixed_01.mp4,296,0.6490957140922546,0.2305504455541571,1,3,69696,503x503
xception_df40,C:\deepfake_eval\leakfree_eval\sessions\validation\validation_mixed_01.mp4,297,0.008057867176830769,0.2153924820323785,1,3,68121,503x503
xception_df40,C:\deepfake_eval\leakfree_eval\sessions\validation\validation_mixed_01.mp4,298,0.006754457950592041,0.20753598883748053,1,2,69696,503x503
xception_df40,C:\deepfake_eval\leakfree_eval\sessions\validation\validation_mixed_01.mp4,299,0.026100872084498405,0.2087365785613656,1,2,74529,503x503
xception_df40,C:\deepfake_eval\leakfree_eval\sessions\validation\validation_mixed_01.mp4,300,0.014683235436677933,0.18680779058486224,1,2,71289,503x503
xception_df40,C:\deepfake_eval\leakfree_eval\sessions\validation\validation_mixed_01.mp4,301,0.04950546845793724,0.18645482007414102,1,2,74529,503x503
xception_df40,C:\deepfake_eval\leakfree_eval\sessions\validation\validation_mixed_01.mp4,302,0.15490081906318665,0.19435126700749,1,2,69169,503x503
xception_df40,C:\deepfake_eval\leakfree_eval\sessions\validation\validation_mixed_01.mp4,303,0.08695407211780548,0.19461231001963217,1,3,74529,503x503
xception_df40,C:\deepfake_eval\leakfree_eval\sessions\validation\validation_mixed_01.mp4,304,0.992517352104187,0.2540655128036936,1,2,66564,503x503
xception_df40,C:\deepfake_eval\leakfree_eval\sessions\validation\validation_mixed_01.mp4,305,0.3014523684978485,0.2659625576809049,1,2,67081,503x503
xception_df40,C:\deepfake_eval\leakfree_eval\sessions\validation\validation_mixed_01.mp4,306,0.01878296211361885,0.2581189621860782,1,2,67600,503x503
xception_df40,C:\deepfake_eval\leakfree_eval\sessions\validation\validation_mixed_01.mp4,307,0.014814491383731365,0.2317620601505041,1,2,66049,503x503
xception_df40,C:\deepfake_eval\leakfree_eval\sessions\validation\validation_mixed_01.mp4,308,0.9112692475318909,0.2722976074864467,1,2,68644,503x503
xception_df40,C:\deepfake_eval\leakfree_eval\sessions\validation\validation_mixed_01.mp4,309,0.00830327533185482,0.21973662972450256,1,2,66049,503x503
xception_df40,C:\deepfake_eval\leakfree_eval\sessions\validation\validation_mixed_01.mp4,310,0.0076922099106013775,0.2167256275502344,1,3,69169,503x503
xception_df40,C:\deepfake_eval\leakfree_eval\sessions\validation\validation_mixed_01.mp4,311,0.0032204417511820793,0.17366727606082957,1,2,68121,503x503
xception_df40,C:\deepfake_eval\leakfree_eval\sessions\validation\validation_mixed_01.mp4,312,0.004294516518712044,0.17341638601695497,1,2,65025,503x503
xception_df40,C:\deepfake_eval\leakfree_eval\sessions\validation\validation_mixed_01.mp4,313,0.37567803263664246,0.19801129099602502,1,2,69696,503x503
xception_df40,C:\deepfake_eval\leakfree_eval\sessions\validation\validation_mixed_01.mp4,314,0.020889393985271454,0.1976638591227432,1,2,64516,503x503
xception_df40,C:\deepfake_eval\leakfree_eval\sessions\validation\validation_mixed_01.mp4,315,0.008515207096934319,0.19725265723342697,1,2,65536,503x503
xception_df40,C:\deepfake_eval\leakfree_eval\sessions\validation\validation_mixed_01.mp4,316,0.014258243143558502,0.1949028422124684,1,2,70225,503x503
xception_df40,C:\deepfake_eval\leakfree_eval\sessions\validation\validation_mixed_01.mp4,317,0.0014664109330624342,0.18467388167046012,1,2,67600,503x503
xception_df40,C:\deepfake_eval\leakfree_eval\sessions\validation\validation_mixed_01.mp4,318,0.02750895544886589,0.1807108738925308,1,1,67600,503x503
xception_df40,C:\deepfake_eval\leakfree_eval\sessions\validation\validation_mixed_01.mp4,319,0.9317334890365601,0.176658616354689,1,2,69696,503x503
xception_df40,C:\deepfake_eval\leakfree_eval\sessions\validation\validation_mixed_01.mp4,320,0.016352487727999687,0.1576519576366991,1,2,67600,503x503
xception_df40,C:\deepfake_eval\leakfree_eval\sessions\validation\validation_mixed_01.mp4,321,0.18748511373996735,0.1688987677451223,1,2,68121,503x503
xception_df40,C:\deepfake_eval\leakfree_eval\sessions\validation\validation_mixed_01.mp4,322,0.0783192440867424,0.17313241792532305,1,2,65025,503x503
xception_df40,C:\deepfake_eval\leakfree_eval\sessions\validation\validation_mixed_01.mp4,323,0.0824364423751831,0.11787689758154253,1,2,70756,503x503
xception_df40,C:\deepfake_eval\leakfree_eval\sessions\validation\validation_mixed_01.mp4,324,0.8656790256500244,0.17503528093608717,1,2,69169,503x503
xception_df40,C:\deepfake_eval\leakfree_eval\sessions\validation\validation_mixed_01.mp4,325,0.0157405287027359,0.17557183552222946,1,2,71289,503x503
xception_df40,C:\deepfake_eval\leakfree_eval\sessions\validation\validation_mixed_01.mp4,326,0.14101633429527283,0.1847582283585022,1,2,66049,503x503
xception_df40,C:\deepfake_eval\leakfree_eval\sessions\validation\validation_mixed_01.mp4,327,0.0396200567483902,0.18711326437381406,1,2,65536,503x503
xception_df40,C:\deepfake_eval\leakfree_eval\sessions\validation\validation_mixed_01.mp4,328,0.9263401031494141,0.2238240690746655,1,1,42436,503x503
xception_df40,C:\deepfake_eval\leakfree_eval\sessions\validation\validation_mixed_01.mp4,329,0.0546661801636219,0.22607585481988887,1,1,42436,503x503
xception_df40,C:\deepfake_eval\leakfree_eval\sessions\validation\validation_mixed_01.mp4,330,0.43124252557754517,0.2542576760519296,1,1,40804,503x503
xception_df40,C:\deepfake_eval\leakfree_eval\sessions\validation\validation_mixed_01.mp4,331,0.7606626749038696,0.304017971502617,1,1,39601,503x503
xception_df40,C:\deepfake_eval\leakfree_eval\sessions\validation\validation_mixed_01.mp4,332,0.1129128485918045,0.3114477340131998,1,1,41616,503x503
xception_df40,C:\deepfake_eval\leakfree_eval\sessions\validation\validation_mixed_01.mp4,333,0.853474497795105,0.3665121035029491,1,1,38416,503x503
xception_df40,C:\deepfake_eval\leakfree_eval\sessions\validation\validation_mixed_01.mp4,334,0.46863746643066406,0.3356390353292227,1,1,42025,503x503
xception_df40,C:\deepfake_eval\leakfree_eval\sessions\validation\validation_mixed_01.mp4,335,0.21786704659461975,0.349073339253664,1,1,42025,503x503
xception_df40,C:\deepfake_eval\leakfree_eval\sessions\validation\validation_mixed_01.mp4,336,0.18657086789608002,0.3490123895307382,1,1,39204,503x503
xception_df40,C:\deepfake_eval\leakfree_eval\sessions\validation\validation_mixed_01.mp4,337,0.3565627932548523,0.36756195947527887,1,1,44944,503x503
xception_df40,C:\deepfake_eval\leakfree_eval\sessions\validation\validation_mixed_01.mp4,338,0.28542494773864746,0.3810945264995098,1,1,41616,503x503
xception_df40,C:\deepfake_eval\leakfree_eval\sessions\validation\validation_mixed_01.mp4,339,0.06111578270792961,0.32745697697003684,1,1,40804,503x503
xception_df40,C:\deepfake_eval\leakfree_eval\sessions\validation\validation_mixed_01.mp4,340,0.02255423367023468,0.3279112239678701,1,1,45369,503x503
xception_df40,C:\deepfake_eval\leakfree_eval\sessions\validation\validation_mixed_01.mp4,341,0.012523685581982136,0.31934504738698405,1,1,44521,503x503
xception_df40,C:\deepfake_eval\leakfree_eval\sessions\validation\validation_mixed_01.mp4,342,0.15666507184505463,0.3271480483934283,1,2,50625,503x503
xception_df40,C:\deepfake_eval\leakfree_eval\sessions\validation\validation_mixed_01.mp4,343,0.0017013378674164414,0.26550546404129516,1,2,46656,503x503
xception_df40,C:\deepfake_eval\leakfree_eval\sessions\validation\validation_mixed_01.mp4,344,0.021635213866829872,0.263303399621509,1,1,47524,503x503
xception_df40,C:\deepfake_eval\leakfree_eval\sessions\validation\validation_mixed_01.mp4,345,0.0036522974260151386,0.23479738441140702,1,1,42025,503x503
xception_df40,C:\deepfake_eval\leakfree_eval\sessions\validation\validation_mixed_01.mp4,346,0.0034911956172436476,0.18431928579229861,1,2,42436,503x503
xception_df40,C:\deepfake_eval\leakfree_eval\sessions\validation\validation_mixed_01.mp4,347,0.02538822405040264,0.17848431082287183,1,1,48841,503x503
xception_df40,C:\deepfake_eval\leakfree_eval\sessions\validation\validation_mixed_01.mp4,348,0.0027902950532734394,0.12177203064008306,1,1,42849,503x503
xception_df40,C:\deepfake_eval\leakfree_eval\sessions\validation\validation_mixed_01.mp4,349,0.0055628009140491486,0.09090038627230873,1,1,38025,503x503
xception_df40,C:\deepfake_eval\leakfree_eval\sessions\validation\validation_mixed_01.mp4,350,0.04199635982513428,0.07917567382100969,1,1,48841,503x503
xception_df40,C:\deepfake_eval\leakfree_eval\sessions\validation\validation_mixed_01.mp4,351,0.0030732201412320137,0.06694249730401983,1,1,42025,503x503
xception_df40,C:\deepfake_eval\leakfree_eval\sessions\validation\validation_mixed_01.mp4,352,0.0752570778131485,0.04818878294123958,1,1,43681,503x503
xception_df40,C:\deepfake_eval\leakfree_eval\sessions\validation\validation_mixed_01.mp4,353,0.017383303493261337,0.030319339991547168,1,1,47089,503x503
xception_df40,C:\deepfake_eval\leakfree_eval\sessions\validation\validation_mixed_01.mp4,354,0.0014693435514345765,0.0263429107144475,1,2,44521,503x503
xception_df40,C:\deepfake_eval\leakfree_eval\sessions\validation\validation_mixed_01.mp4,355,0.01049150712788105,0.025538728944957255,1,2,40000,503x503
xception_df40,C:\deepfake_eval\leakfree_eval\sessions\validation\validation_mixed_01.mp4,356,0.005077897105365992,0.02504234304651618,1,1,47089,503x503
xception_df40,C:\deepfake_eval\leakfree_eval\sessions\validation\validation_mixed_01.mp4,357,0.06299106776714325,0.018797409441322088,1,1,45796,503x503
xception_df40,C:\deepfake_eval\leakfree_eval\sessions\validation\validation_mixed_01.mp4,358,0.006783085875213146,0.019136192641841868,1,1,46225,503x503
xception_df40,C:\deepfake_eval\leakfree_eval\sessions\validation\validation_mixed_01.mp4,359,0.038802873343229294,0.02028070327360183,1,1,47961,503x503
xception_df40,C:\deepfake_eval\leakfree_eval\sessions\validation\validation_mixed_01.mp4,360,0.006799656432121992,0.020490527207342287,1,2,46225,503x503
xception_df40,C:\deepfake_eval\leakfree_eval\sessions\validation\validation_mixed_01.mp4,361,0.010327772237360477,0.02094629898201674,1,2,44944,503x503
xception_df40,C:\deepfake_eval\leakfree_eval\sessions\validation\validation_mixed_01.mp4,362,0.028606731444597244,0.021160866141629715,1,2,47089,503x503
xception_df40,C:\deepfake_eval\leakfree_eval\sessions\validation\validation_mixed_01.mp4,363,0.009881664998829365,0.021633624138000112,1,1,50176,503x503
xception_df40,C:\deepfake_eval\leakfree_eval\sessions\validation\validation_mixed_01.mp4,364,0.014917010441422462,0.022257238106491665,1,1,45796,503x503
xception_df40,C:\deepfake_eval\leakfree_eval\sessions\validation\validation_mixed_01.mp4,365,0.9981666803359985,0.08600192614054929,1,1,99225,503x503
xception_df40,C:\deepfake_eval\leakfree_eval\sessions\validation\validation_mixed_01.mp4,366,0.6492936015129089,0.12908328489866108,1,2,100489,503x503
xception_df40,C:\deepfake_eval\leakfree_eval\sessions\validation\validation_mixed_01.mp4,367,0.6585182547569275,0.16796736336157966,1,1,94864,503x503
xception_df40,C:\deepfake_eval\leakfree_eval\sessions\validation\validation_mixed_01.mp4,368,0.9216375946998596,0.22825098277535288,1,1,101124,503x503
xception_df40,C:\deepfake_eval\leakfree_eval\sessions\validation\validation_mixed_01.mp4,369,0.759675145149231,0.278798036215206,1,1,94249,503x503
xception_df40,C:\deepfake_eval\leakfree_eval\sessions\validation\validation_mixed_01.mp4,370,0.31513601541519165,0.2991076701010267,1,1,99225,503x503
xception_df40,C:\deepfake_eval\leakfree_eval\sessions\validation\validation_mixed_01.mp4,371,0.6498499512672424,0.34209247371181845,1,1,92416,503x503
xception_df40,C:\deepfake_eval\leakfree_eval\sessions\validation\validation_mixed_01.mp4,372,0.9400950074195862,0.400566069688648,1,1,96721,503x503
xception_df40,C:\deepfake_eval\leakfree_eval\sessions\validation\validation_mixed_01.mp4,373,0.6176379323005676,0.44128972611700495,1,1,97969,503x503
xception_df40,C:\deepfake_eval\leakfree_eval\sessions\validation\validation_mixed_01.mp4,374,0.6606193780899048,0.4827441597667833,1,1,96100,503x503
xception_df40,C:\deepfake_eval\leakfree_eval\sessions\validation\validation_mixed_01.mp4,375,0.9996457099914551,0.5489338966707389,1,1,91204,503x503
xception_df40,C:\deepfake_eval\leakfree_eval\sessions\validation\validation_mixed_01.mp4,376,0.793511152267456,0.6011461220060785,1,1,85849,503x503
xception_df40,C:\deepfake_eval\leakfree_eval\sessions\validation\validation_mixed_01.mp4,377,0.9966127276420593,0.6656798550859093,1,1,94864,503x503
xception_df40,C:\deepfake_eval\leakfree_eval\sessions\validation\validation_mixed_01.mp4,378,0.9734449982643127,0.7299174106369416,1,1,108241,503x503
xception_df40,C:\deepfake_eval\leakfree_eval\sessions\validation\validation_mixed_01.mp4,379,0.930242121219635,0.7909390846888225,1,1,110889,503x503
xception_df40,C:\deepfake_eval\leakfree_eval\sessions\validation\validation_mixed_01.mp4,380,0.9593297839164734,0.7883499582608541,1,1,80656,503x503
xception_df40,C:\deepfake_eval\leakfree_eval\sessions\validation\validation_mixed_01.mp4,381,0.9462684988975525,0.8081482847531637,1,1,85264,503x503
xception_df40,C:\deepfake_eval\leakfree_eval\sessions\validation\validation_mixed_01.mp4,382,0.5128743052482605,0.7984386881192526,1,1,95481,503x503
xception_df40,C:\deepfake_eval\leakfree_eval\sessions\validation\validation_mixed_01.mp4,383,0.9124197959899902,0.7978241682052613,1,1,97969,503x503
xception_df40,C:\deepfake_eval\leakfree_eval\sessions\validation\validation_mixed_01.mp4,384,0.7184513807296753,0.7950759172439575,1,1,87616,503x503
xception_df40,C:\deepfake_eval\leakfree_eval\sessions\validation\validation_mixed_01.mp4,385,0.36761757731437683,0.7985746880372365,1,1,81225,503x503
xception_df40,C:\deepfake_eval\leakfree_eval\sessions\validation\validation_mixed_01.mp4,386,0.21726422011852264,0.7697356392939886,1,1,86436,503x503
xception_df40,C:\deepfake_eval\leakfree_eval\sessions\validation\validation_mixed_01.mp4,387,0.978593111038208,0.77230217953523,1,1,91809,503x503
xception_df40,C:\deepfake_eval\leakfree_eval\sessions\validation\validation_mixed_01.mp4,388,0.921291708946228,0.7925457646449406,1,1,96721,503x503
xception_df40,C:\deepfake_eval\leakfree_eval\sessions\validation\validation_mixed_01.mp4,389,0.9948831796646118,0.8148300180832545,1,1,90601,503x503
xception_df40,C:\deepfake_eval\leakfree_eval\sessions\validation\validation_mixed_01.mp4,390,0.9872386455535889,0.8140028804540634,1,1,98596,503x503
xception_df40,C:\deepfake_eval\leakfree_eval\sessions\validation\validation_mixed_01.mp4,391,0.3920447826385498,0.7872384558121364,1,1,87616,503x503
xception_df40,C:\deepfake_eval\leakfree_eval\sessions\validation\validation_mixed_01.mp4,392,0.8402572274208069,0.7768147557973861,1,1,90000,503x503
xception_df40,C:\deepfake_eval\leakfree_eval\sessions\validation\validation_mixed_01.mp4,393,0.9998012185096741,0.7785718371470769,1,2,104976,503x503
xception_df40,C:\deepfake_eval\leakfree_eval\sessions\validation\validation_mixed_01.mp4,394,0.9999997615814209,0.7832223465045293,1,1,45796,503x503
xception_df40,C:\deepfake_eval\leakfree_eval\sessions\validation\validation_mixed_01.mp4,395,0.999995231628418,0.7859333763519923,0,0,,720x720
xception_df40,C:\deepfake_eval\leakfree_eval\sessions\validation\validation_mixed_01.mp4,396,0.9963338375091553,0.7892710655927658,1,1,46225,503x503
xception_df40,C:\deepfake_eval\leakfree_eval\sessions\validation\validation_mixed_01.mp4,397,0.9790235757827759,0.8203476836284002,1,1,75076,503x503
xception_df40,C:\deepfake_eval\leakfree_eval\sessions\validation\validation_mixed_01.mp4,398,0.8475380539894104,0.8160222341616948,1,1,73984,503x503
xception_df40,C:\deepfake_eval\leakfree_eval\sessions\validation\validation_mixed_01.mp4,399,0.9923290610313416,0.8342807461818059,1,1,67600,503x503
xception_df40,C:\deepfake_eval\leakfree_eval\sessions\validation\validation_mixed_01.mp4,400,0.9528748393058777,0.8732978969812393,1,1,93636,503x503
xception_df40,C:\deepfake_eval\leakfree_eval\sessions\validation\validation_mixed_01.mp4,401,0.9918392300605774,0.9249362309773763,1,1,149769,580x580
xception_df40,C:\deepfake_eval\leakfree_eval\sessions\validation\validation_mixed_01.mp4,402,0.9998074173927307,0.9263505180676778,1,1,72900,503x503
xception_df40,C:\deepfake_eval\leakfree_eval\sessions\validation\validation_mixed_01.mp4,403,0.8834415674209595,0.9238271752993266,1,1,77284,503x503
xception_df40,C:\deepfake_eval\leakfree_eval\sessions\validation\validation_mixed_01.mp4,404,0.9989381432533264,0.9240975062052409,1,1,75625,503x503
xception_df40,C:\deepfake_eval\leakfree_eval\sessions\validation\validation_mixed_01.mp4,405,0.9704999923706055,0.922981595993042,1,1,75076,503x503
xception_df40,C:\deepfake_eval\leakfree_eval\sessions\validation\validation_mixed_01.mp4,406,0.9999966621398926,0.9635117212931316,1,1,76176,503x503
xception_df40,C:\deepfake_eval\leakfree_eval\sessions\validation\validation_mixed_01.mp4,407,0.9943600296974182,0.9737852414449056,1,2,127449,535x535
xception_df40,C:\deepfake_eval\leakfree_eval\sessions\validation\validation_mixed_01.mp4,408,0.9996101260185242,0.9737725019454956,1,1,75076,503x503
xception_df40,C:\deepfake_eval\leakfree_eval\sessions\validation\validation_mixed_01.mp4,409,0.01039474830031395,0.9077988343934218,1,1,148996,579x579
xception_df40,C:\deepfake_eval\leakfree_eval\sessions\validation\validation_mixed_01.mp4,410,0.006910533644258976,0.8415931878611446,1,2,156025,592x592
xception_df40,C:\deepfake_eval\leakfree_eval\sessions\validation\validation_mixed_01.mp4,411,0.7611057162284851,0.8259113131090998,1,3,176400,630x630
xception_df40,C:\deepfake_eval\leakfree_eval\sessions\validation\validation_mixed_01.mp4,412,0.07952068746089935,0.7659444538876414,1,1,165649,610x610
xception_df40,C:\deepfake_eval\leakfree_eval\sessions\validation\validation_mixed_01.mp4,413,0.003718410851433873,0.7096898110117763,1,2,168921,616x616
xception_df40,C:\deepfake_eval\leakfree_eval\sessions\validation\validation_mixed_01.mp4,414,0.01890934817492962,0.6447951634880156,1,2,178084,633x633
xception_df40,C:\deepfake_eval\leakfree_eval\sessions\validation\validation_mixed_01.mp4,415,0.01937147229909897,0.5825616056875637,1,2,183184,642x642
xception_df40,C:\deepfake_eval\leakfree_eval\sessions\validation\validation_mixed_01.mp4,416,0.9471288919448853,0.5795809164798508,1,3,163216,606x606
xception_df40,C:\deepfake_eval\leakfree_eval\sessions\validation\validation_mixed_01.mp4,417,0.3060990869998932,0.5333336944536616,1,1,167281,613x613
xception_df40,C:\deepfake_eval\leakfree_eval\sessions\validation\validation_mixed_01.mp4,418,0.025744624435901642,0.47615389825465776,1,1,162409,604x604
xception_df40,C:\deepfake_eval\leakfree_eval\sessions\validation\validation_mixed_01.mp4,419,0.2116006463766098,0.42366473179621,1,3,178084,633x633
xception_df40,C:\deepfake_eval\leakfree_eval\sessions\validation\validation_mixed_01.mp4,420,0.023685291409492493,0.3605437517321358,1,1,168100,615x615
xception_df40,C:\deepfake_eval\leakfree_eval\sessions\validation\validation_mixed_01.mp4,421,0.9813796877861023,0.3593026201085498,1,1,173056,624x624
xception_df40,C:\deepfake_eval\leakfree_eval\sessions\validation\validation_mixed_01.mp4,422,0.5846522450447083,0.3319887677983691,1,19,36481,503x503
xception_df40,C:\deepfake_eval\leakfree_eval\sessions\validation\validation_mixed_01.mp4,423,0.1303231120109558,0.27403630019786457,1,17,33856,503x503
xception_df40,C:\deepfake_eval\leakfree_eval\sessions\validation\validation_mixed_01.mp4,424,0.17532335221767426,0.2850315404590219,1,13,36100,503x503
xception_df40,C:\deepfake_eval\leakfree_eval\sessions\validation\validation_mixed_01.mp4,425,0.6636927723884583,0.3288170230419685,1,16,34969,503x503
xception_df40,C:\deepfake_eval\leakfree_eval\sessions\validation\validation_mixed_01.mp4,426,0.2583726644515991,0.2953014862568428,1,14,38416,503x503
xception_df40,C:\deepfake_eval\leakfree_eval\sessions\validation\validation_mixed_01.mp4,427,0.24512824416160583,0.3063419900368899,1,13,36481,503x503
xception_df40,C:\deepfake_eval\leakfree_eval\sessions\validation\validation_mixed_01.mp4,428,0.3476053774356842,0.32926778780917326,1,14,34969,503x503
xception_df40,C:\deepfake_eval\leakfree_eval\sessions\validation\validation_mixed_01.mp4,429,0.776367723941803,0.3797650128602982,1,15,35721,503x503
xception_df40,C:\deepfake_eval\leakfree_eval\sessions\validation\validation_mixed_01.mp4,430,0.9030243754386902,0.43867520640293756,1,18,33489,503x503
xception_df40,C:\deepfake_eval\leakfree_eval\sessions\validation\validation_mixed_01.mp4,431,0.6837851405143738,0.4211189563075701,1,22,34225,503x503
xception_df40,C:\deepfake_eval\leakfree_eval\sessions\validation\validation_mixed_01.mp4,432,0.6401996612548828,0.44339232792456945,1,20,33856,503x503
xception_df40,C:\deepfake_eval\leakfree_eval\sessions\validation\validation_mixed_01.mp4,433,0.33262187242507935,0.46385081112384796,1,19,32761,503x503
xception_df40,C:\deepfake_eval\leakfree_eval\sessions\validation\validation_mixed_01.mp4,434,0.5488780736923218,0.48633597294489544,1,20,33124,503x503
xception_df40,C:\deepfake_eval\leakfree_eval\sessions\validation\validation_mixed_01.mp4,435,0.6997802257537842,0.5314089685678482,1,19,33489,503x503
xception_df40,C:\deepfake_eval\leakfree_eval\sessions\validation\validation_mixed_01.mp4,436,0.5240339040756226,0.5009192496538162,1,20,33489,503x503
xception_df40,C:\deepfake_eval\leakfree_eval\sessions\validation\validation_mixed_01.mp4,437,0.11177150905132294,0.4693938672542572,1,18,39204,503x503
xception_df40,C:\deepfake_eval\leakfree_eval\sessions\validation\validation_mixed_01.mp4,438,0.23874512314796448,0.4766220013300578,1,18,35721,503x503
xception_df40,C:\deepfake_eval\leakfree_eval\sessions\validation\validation_mixed_01.mp4,439,0.5215553641319275,0.49970413545767467,1,18,33489,503x503
xception_df40,C:\deepfake_eval\leakfree_eval\sessions\validation\validation_mixed_01.mp4,440,0.9488270878791809,0.5187130898237229,1,18,34969,503x503
xception_df40,C:\deepfake_eval\leakfree_eval\sessions\validation\validation_mixed_01.mp4,441,0.44266068935394287,0.5309989581505458,1,21,34225,503x503
xception_df40,C:\deepfake_eval\leakfree_eval\sessions\validation\validation_mixed_01.mp4,442,0.7479526400566101,0.564520584543546,1,18,36864,503x503
xception_df40,C:\deepfake_eval\leakfree_eval\sessions\validation\validation_mixed_01.mp4,443,0.5554246306419373,0.5783752014239629,1,2,76729,503x503
xception_df40,C:\deepfake_eval\leakfree_eval\sessions\validation\validation_mixed_01.mp4,444,0.27008381485939026,0.5446229408184687,1,2,75625,503x503
xception_df40,C:\deepfake_eval\leakfree_eval\sessions\validation\validation_mixed_01.mp4,445,0.8513460159301758,0.5411777168512344,1,2,76729,503x503
xception_df40,C:\deepfake_eval\leakfree_eval\sessions\validation\validation_mixed_01.mp4,446,0.07926227897405624,0.5008761927485466,1,2,79524,503x503
xception_df40,C:\deepfake_eval\leakfree_eval\sessions\validation\validation_mixed_01.mp4,447,0.6476708054542542,0.5013742690285047,1,2,73984,503x503
xception_df40,C:\deepfake_eval\leakfree_eval\sessions\validation\validation_mixed_01.mp4,448,0.036809295415878296,0.4816534305612246,1,1,75076,503x503
xception_df40,C:\deepfake_eval\leakfree_eval\sessions\validation\validation_mixed_01.mp4,449,0.45912763476371765,0.4756700679659843,1,1,77841,503x503
xception_df40,C:\deepfake_eval\leakfree_eval\sessions\validation\validation_mixed_01.mp4,450,0.758122980594635,0.4795595849553744,1,1,77284,503x503
xception_df40,C:\deepfake_eval\leakfree_eval\sessions\validation\validation_mixed_01.mp4,451,0.07973068207502365,0.4499393701553345,1,1,77284,503x503
xception_df40,C:\deepfake_eval\leakfree_eval\sessions\validation\validation_mixed_01.mp4,452,0.5129839777946472,0.4766868680715561,1,2,73984,503x503
xception_df40,C:\deepfake_eval\leakfree_eval\sessions\validation\validation_mixed_01.mp4,453,0.5680168271064758,0.4986383150021235,1,1,79524,503x503
xception_df40,C:\deepfake_eval\leakfree_eval\sessions\validation\validation_mixed_01.mp4,454,0.38311025500297546,0.4894086410601934,1,1,76176,503x503
xception_df40,C:\deepfake_eval\leakfree_eval\sessions\validation\validation_mixed_01.mp4,455,0.5219446420669556,0.46094981133937835,1,1,77284,503x503
xception_df40,C:\deepfake_eval\leakfree_eval\sessions\validation\validation_mixed_01.mp4,456,0.8639159798622131,0.489033497373263,1,1,76176,503x503
xception_df40,C:\deepfake_eval\leakfree_eval\sessions\validation\validation_mixed_01.mp4,457,0.9677866101264954,0.5036890953779221,1,1,74529,503x503
xception_df40,C:\deepfake_eval\leakfree_eval\sessions\validation\validation_mixed_01.mp4,458,0.7669801712036133,0.5177927980820338,1,2,78961,503x503
xception_df40,C:\deepfake_eval\leakfree_eval\sessions\validation\validation_mixed_01.mp4,459,0.6942405104637146,0.5460699111223221,1,2,76176,503x503
xception_df40,C:\deepfake_eval\leakfree_eval\sessions\validation\validation_mixed_01.mp4,460,0.38003042340278625,0.5146488716204961,1,2,75076,503x503
xception_df40,C:\deepfake_eval\leakfree_eval\sessions\validation\validation_mixed_01.mp4,461,0.13015377521514893,0.518041638036569,1,2,78400,503x503
xception_df40,C:\deepfake_eval\leakfree_eval\sessions\validation\validation_mixed_01.mp4,462,0.6779981255531311,0.5200634593764941,1,2,75625,503x503
xception_df40,C:\deepfake_eval\leakfree_eval\sessions\validation\validation_mixed_01.mp4,463,0.6126419901847839,0.5584523056944212,1,2,73441,503x503
xception_df40,C:\deepfake_eval\leakfree_eval\sessions\validation\validation_mixed_01.mp4,464,0.9912623167037964,0.5939279511570931,0,0,,720x720
xception_df40,C:\deepfake_eval\leakfree_eval\sessions\validation\validation_mixed_01.mp4,465,0.966865599155426,0.6078441257278124,0,0,,720x720
xception_df40,C:\deepfake_eval\leakfree_eval\sessions\validation\validation_mixed_01.mp4,466,0.21158716082572937,0.6166345576445261,1,1,42436,503x503
xception_df40,C:\deepfake_eval\leakfree_eval\sessions\validation\validation_mixed_01.mp4,467,0.39080139994621277,0.6084890524546306,1,1,47089,503x503
xception_df40,C:\deepfake_eval\leakfree_eval\sessions\validation\validation_mixed_01.mp4,468,0.18385064601898193,0.5828779737154642,1,1,33124,503x503
xception_df40,C:\deepfake_eval\leakfree_eval\sessions\validation\validation_mixed_01.mp4,469,0.10177674144506454,0.5641224061449369,1,1,37636,503x503
xception_df40,C:\deepfake_eval\leakfree_eval\sessions\validation\validation_mixed_01.mp4,470,0.12276916205883026,0.5375107074777286,1,1,37249,503x503
xception_df40,C:\deepfake_eval\leakfree_eval\sessions\validation\validation_mixed_01.mp4,471,0.21261359751224518,0.49409054865439733,1,1,36100,503x503
xception_df40,C:\deepfake_eval\leakfree_eval\sessions\validation\validation_mixed_01.mp4,472,0.20724119246006012,0.4433875208099683,1,2,171396,621x621
xception_df40,C:\deepfake_eval\leakfree_eval\sessions\validation\validation_mixed_01.mp4,473,0.07200776785612106,0.39705602725346884,1,1,35721,503x503
xception_df40,C:\deepfake_eval\leakfree_eval\sessions\validation\validation_mixed_01.mp4,474,0.1629519760608673,0.36163679162661233,1,1,35721,503x503
xception_df40,C:\deepfake_eval\leakfree_eval\sessions\validation\validation_mixed_01.mp4,475,0.07746952027082443,0.3414660647511482,1,1,37636,503x503
xception_df40,C:\deepfake_eval\leakfree_eval\sessions\validation\validation_mixed_01.mp4,476,0.1349613219499588,0.3417865678668022,1,1,35344,503x503
xception_df40,C:\deepfake_eval\leakfree_eval\sessions\validation\validation_mixed_01.mp4,477,0.16719183325767517,0.30773281504710515,1,1,36864,503x503
xception_df40,C:\deepfake_eval\leakfree_eval\sessions\validation\validation_mixed_01.mp4,478,0.05927933380007744,0.2708419712881247,1,1,34969,503x503
xception_df40,C:\deepfake_eval\leakfree_eval\sessions\validation\validation_mixed_01.mp4,479,0.08688686043024063,0.210550274203221,0,1,23716,720x720
xception_df40,C:\deepfake_eval\leakfree_eval\sessions\validation\validation_mixed_01.mp4,480,0.08426601439714432,0.15171030188600224,0,1,24336,720x720
xception_df40,C:\deepfake_eval\leakfree_eval\sessions\validation\validation_mixed_01.mp4,481,0.09585246443748474,0.14399465546011925,0,1,24025,720x720
xception_df40,C:\deepfake_eval\leakfree_eval\sessions\validation\validation_mixed_01.mp4,482,0.3646799325942993,0.14225322430332502,0,1,23104,720x720
xception_df40,C:\deepfake_eval\leakfree_eval\sessions\validation\validation_mixed_01.mp4,483,0.26540622115135193,0.14769026264548302,0,1,24964,720x720
xception_df40,C:\deepfake_eval\leakfree_eval\sessions\validation\validation_mixed_01.mp4,484,0.2864738404750824,0.16000340258081755,0,1,21316,720x720
xception_df40,C:\deepfake_eval\leakfree_eval\sessions\validation\validation_mixed_01.mp4,485,0.3063039183616638,0.17223905300100645,0,1,24025,720x720
xception_df40,C:\deepfake_eval\leakfree_eval\sessions\validation\validation_mixed_01.mp4,486,0.1473977267742157,0.1678913282851378,0,1,24964,720x720
xception_df40,C:\deepfake_eval\leakfree_eval\sessions\validation\validation_mixed_01.mp4,487,0.20862311124801636,0.16798345620433489,0,1,27225,720x720
xception_df40,C:\deepfake_eval\leakfree_eval\sessions\validation\validation_mixed_01.mp4,488,0.13409391045570374,0.1721225323776404,0,1,24964,720x720
xception_df40,C:\deepfake_eval\leakfree_eval\sessions\validation\validation_mixed_01.mp4,489,0.9989802241325378,0.22785774891575178,1,1,54756,503x503
xception_df40,C:\deepfake_eval\leakfree_eval\sessions\validation\validation_mixed_01.mp4,490,0.997305154800415,0.2891801245510578,1,1,52441,503x503
xception_df40,C:\deepfake_eval\leakfree_eval\sessions\validation\validation_mixed_01.mp4,491,0.9770761132240295,0.34532111063599585,1,1,55225,503x503
xception_df40,C:\deepfake_eval\leakfree_eval\sessions\validation\validation_mixed_01.mp4,492,0.9337618947029114,0.39642578139901163,1,1,53824,503x503
xception_df40,C:\deepfake_eval\leakfree_eval\sessions\validation\validation_mixed_01.mp4,493,0.9798705577850342,0.4577985296646754,1,1,55696,503x503
xception_df40,C:\deepfake_eval\leakfree_eval\sessions\validation\validation_mixed_01.mp4,494,0.9918787479400635,0.5181313221653302,1,1,56169,503x503
xception_df40,C:\deepfake_eval\leakfree_eval\sessions\validation\validation_mixed_01.mp4,495,0.9814372062683105,0.5779427349567413,1,1,54756,503x503
xception_df40,C:\deepfake_eval\leakfree_eval\sessions\validation\validation_mixed_01.mp4,496,0.8479386568069458,0.6280818144480388,1,1,53824,503x503
xception_df40,C:\deepfake_eval\leakfree_eval\sessions\validation\validation_mixed_01.mp4,497,0.9970122575759888,0.6702373027801514,1,1,59049,503x503
xception_df40,C:\deepfake_eval\leakfree_eval\sessions\validation\validation_mixed_01.mp4,498,0.9957672357559204,0.7189280370871226,1,1,55225,503x503
xception_df40,C:\deepfake_eval\leakfree_eval\sessions\validation\validation_mixed_01.mp4,499,0.9950295090675354,0.7661650816599528,1,1,58081,503x503
xception_df40,C:\deepfake_eval\leakfree_eval\sessions\validation\validation_mixed_01.mp4,500,0.9903895258903503,0.8117707888285319,1,1,56169,503x503
xception_df40,C:\deepfake_eval\leakfree_eval\sessions\validation\validation_mixed_01.mp4,501,0.1084977462887764,0.8091774567961693,1,2,64516,503x503
xception_df40,C:\deepfake_eval\leakfree_eval\sessions\validation\validation_mixed_01.mp4,502,0.01915481686592102,0.7965462371706963,1,3,60025,503x503
xception_df40,C:\deepfake_eval\leakfree_eval\sessions\validation\validation_mixed_01.mp4,503,0.026387931779026985,0.7893658385922512,1,3,63504,503x503
xception_df40,C:\deepfake_eval\leakfree_eval\sessions\validation\validation_mixed_01.mp4,504,0.038608796894550323,0.7253410767763853,1,2,62001,503x503
xception_df40,C:\deepfake_eval\leakfree_eval\sessions\validation\validation_mixed_01.mp4,505,0.04721624776721001,0.662001816307505,1,3,68121,503x503
xception_df40,C:\deepfake_eval\leakfree_eval\sessions\validation\validation_mixed_01.mp4,506,0.14553037285804749,0.6065654336164396,1,2,59049,503x503
xception_df40,C:\deepfake_eval\leakfree_eval\sessions\validation\validation_mixed_01.mp4,507,0.02066637948155403,0.545692399268349,1,4,60516,503x503
xception_df40,C:\deepfake_eval\leakfree_eval\sessions\validation\validation_mixed_01.mp4,508,0.009297122247517109,0.48098750356584785,1,4,67600,503x503
xception_df40,C:\deepfake_eval\leakfree_eval\sessions\validation\validation_mixed_01.mp4,509,0.008291684091091156,0.41541503264258306,1,2,61009,503x503
xception_df40,C:\deepfake_eval\leakfree_eval\sessions\validation\validation_mixed_01.mp4,510,0.03670620545744896,0.35243296592185896,1,2,58081,503x503
xception_df40,C:\deepfake_eval\leakfree_eval\sessions\validation\validation_mixed_01.mp4,511,0.25000718235969543,0.3125708676253756,1,3,64516,503x503
xception_df40,C:\deepfake_eval\leakfree_eval\sessions\validation\validation_mixed_01.mp4,512,0.08674422651529312,0.2518863322213292,1,3,63001,503x503
xception_df40,C:\deepfake_eval\leakfree_eval\sessions\validation\validation_mixed_01.mp4,513,0.5082228183746338,0.21938337106257677,1,1,42025,503x503
xception_df40,C:\deepfake_eval\leakfree_eval\sessions\validation\validation_mixed_01.mp4,514,0.03590413182973862,0.15544167924672364,1,1,42849,503x503
xception_df40,C:\deepfake_eval\leakfree_eval\sessions\validation\validation_mixed_01.mp4,515,0.6048415303230286,0.12973847954223552,1,1,44100,503x503
xception_df40,C:\deepfake_eval\leakfree_eval\sessions\validation\validation_mixed_01.mp4,516,0.412617951631546,0.15001315989842018,1,1,44100,503x503
xception_df40,C:\deepfake_eval\leakfree_eval\sessions\validation\validation_mixed_01.mp4,517,0.27982982993125916,0.16739149410277604,1,2,40401,503x503
xception_df40,C:\deepfake_eval\leakfree_eval\sessions\validation\validation_mixed_01.mp4,518,0.14040160179138184,0.17499240543693304,1,1,36100,503x503
xception_df40,C:\deepfake_eval\leakfree_eval\sessions\validation\validation_mixed_01.mp4,519,0.12368949502706528,0.1806644519791007,1,1,50176,503x503
xception_df40,C:\deepfake_eval\leakfree_eval\sessions\validation\validation_mixed_01.mp4,520,0.1702493578195572,0.18886665931592386,1,1,46225,503x503
xception_df40,C:\deepfake_eval\leakfree_eval\sessions\validation\validation_mixed_01.mp4,521,0.9924886226654053,0.24533054263641438,1,2,45796,503x503
xception_df40,C:\deepfake_eval\leakfree_eval\sessions\validation\validation_mixed_01.mp4,522,0.709675133228302,0.29126445955286423,1,1,44100,503x503
xception_df40,C:\deepfake_eval\leakfree_eval\sessions\validation\validation_mixed_01.mp4,523,0.01052893791347742,0.2913465805972616,1,1,36864,503x503
xception_df40,C:\deepfake_eval\leakfree_eval\sessions\validation\validation_mixed_01.mp4,524,0.17591384053230286,0.3025213910266757,1,1,36100,503x503
xception_df40,C:\deepfake_eval\leakfree_eval\sessions\validation\validation_mixed_01.mp4,525,0.1610782891511917,0.31081286327292523,1,1,40804,503x503
xception_df40,C:\deepfake_eval\leakfree_eval\sessions\validation\validation_mixed_01.mp4,526,0.9474178552627563,0.35730690813312926,1,1,45796,503x503
xception_df40,C:\deepfake_eval\leakfree_eval\sessions\validation\validation_mixed_01.mp4,527,0.7621322274208069,0.40233277486016356,1,1,42436,503x503
xception_df40,C:\deepfake_eval\leakfree_eval\sessions\validation\validation_mixed_01.mp4,528,0.7154774069786072,0.41614974743376176,1,1,46225,503x503
xception_df40,C:\deepfake_eval\leakfree_eval\sessions\validation\validation_mixed_01.mp4,529,0.8497189283370972,0.470404067200919,1,2,42849,503x503
xception_df40,C:\deepfake_eval\leakfree_eval\sessions\validation\validation_mixed_01.mp4,530,0.1637083888053894,0.44099519109974306,1,2,39204,503x503
xception_df40,C:\deepfake_eval\leakfree_eval\sessions\validation\validation_mixed_01.mp4,531,0.18482790887355804,0.4258091882492105,1,1,40804,503x503
xception_df40,C:\deepfake_eval\leakfree_eval\sessions\validation\validation_mixed_01.mp4,532,0.38883090019226074,0.4330759262666106,1,1,42849,503x503
xception_df40,C:\deepfake_eval\leakfree_eval\sessions\validation\validation_mixed_01.mp4,533,0.06409545987844467,0.4279888501390815,1,1,42849,503x503
xception_df40,C:\deepfake_eval\leakfree_eval\sessions\validation\validation_mixed_01.mp4,534,0.9133353233337402,0.4806319053595265,1,1,41209,503x503
xception_df40,C:\deepfake_eval\leakfree_eval\sessions\validation\validation_mixed_01.mp4,535,0.9563826322555542,0.5330407903219263,1,1,37249,503x503
xception_df40,C:\deepfake_eval\leakfree_eval\sessions\validation\validation_mixed_01.mp4,536,0.9811007976531982,0.5322816019877792,1,2,41209,503x503
xception_df40,C:\deepfake_eval\leakfree_eval\sessions\validation\validation_mixed_01.mp4,537,0.9901344180107117,0.5509788876399397,1,2,43264,503x503
xception_df40,C:\deepfake_eval\leakfree_eval\sessions\validation\validation_mixed_01.mp4,538,0.9998515844345093,0.616933730741342,1,2,42025,503x503
xception_df40,C:\deepfake_eval\leakfree_eval\sessions\validation\validation_mixed_01.mp4,539,0.9696987867355347,0.6698527271548907,1,1,41209,503x503
xception_df40,C:\deepfake_eval\leakfree_eval\sessions\validation\validation_mixed_01.mp4,540,0.9947106838226318,0.7254282201329867,1,3,42025,503x503
xception_df40,C:\deepfake_eval\leakfree_eval\sessions\validation\validation_mixed_01.mp4,541,0.794754147529602,0.7152506396174431,1,3,66564,503x503
xception_df40,C:\deepfake_eval\leakfree_eval\sessions\validation\validation_mixed_01.mp4,542,0.22643592953681946,0.6795375530918439,1,3,74529,503x503
xception_df40,C:\deepfake_eval\leakfree_eval\sessions\validation\validation_mixed_01.mp4,543,0.7688567042350769,0.6830961729089419,1,2,75076,503x503
xception_df40,C:\deepfake_eval\leakfree_eval\sessions\validation\validation_mixed_01.mp4,544,0.615832507610321,0.6675037448604901,1,4,152881,586x586
xception_df40,C:\deepfake_eval\leakfree_eval\sessions\validation\validation_mixed_01.mp4,545,0.5017400979995728,0.6900391921401023,1,3,55225,503x503
xception_df40,C:\deepfake_eval\leakfree_eval\sessions\validation\validation_mixed_01.mp4,546,0.9594482779502869,0.7416805500785509,1,2,66564,503x503
xception_df40,C:\deepfake_eval\leakfree_eval\sessions\validation\validation_mixed_01.mp4,547,0.9948135614395142,0.7820793941617012,1,2,65536,503x503
xception_df40,C:\deepfake_eval\leakfree_eval\sessions\validation\validation_mixed_01.mp4,548,0.9544510245323181,0.8414364318052928,1,2,73984,503x503
xception_df40,C:\deepfake_eval\leakfree_eval\sessions\validation\validation_mixed_01.mp4,549,0.7420939803123474,0.8300203422705332,1,2,73441,503x503
xception_df40,C:\deepfake_eval\leakfree_eval\sessions\validation\validation_mixed_01.mp4,550,0.4143120348453522,0.7938823024431865,1,3,74529,503x503
xception_df40,C:\deepfake_eval\leakfree_eval\sessions\validation\validation_mixed_01.mp4,551,0.6820847392082214,0.7739478985468546,1,2,75625,503x503
xception_df40,C:\deepfake_eval\leakfree_eval\sessions\validation\validation_mixed_01.mp4,552,0.7539224028587341,0.7582004308700562,1,3,133956,549x549
xception_df40,C:\deepfake_eval\leakfree_eval\sessions\validation\validation_mixed_01.mp4,553,0.8584499359130859,0.7487736543019613,1,3,55696,503x503
xception_df40,C:\deepfake_eval\leakfree_eval\sessions\validation\validation_mixed_01.mp4,554,0.37470129132270813,0.7091071546077728,1,2,57121,503x503
xception_df40,C:\deepfake_eval\leakfree_eval\sessions\validation\validation_mixed_01.mp4,555,0.8049317002296448,0.6964552223682403,1,2,57121,503x503
xception_df40,C:\deepfake_eval\leakfree_eval\sessions\validation\validation_mixed_01.mp4,556,0.5985555648803711,0.6833753168582917,1,2,47961,503x503
xception_df40,C:\deepfake_eval\leakfree_eval\sessions\validation\validation_mixed_01.mp4,557,0.038946859538555145,0.670876045525074,1,2,34225,503x503
xception_df40,C:\deepfake_eval\leakfree_eval\sessions\validation\validation_mixed_01.mp4,558,0.029146231710910797,0.6215620140234629,1,1,34225,503x503
xception_df40,C:\deepfake_eval\leakfree_eval\sessions\validation\validation_mixed_01.mp4,559,0.039357852190732956,0.5831303703288238,1,2,32400,503x503
xception_df40,C:\deepfake_eval\leakfree_eval\sessions\validation\validation_mixed_01.mp4,560,0.03308206796646118,0.5518865016599496,1,1,32761,503x503
xception_df40,C:\deepfake_eval\leakfree_eval\sessions\validation\validation_mixed_01.mp4,561,0.029208630323410034,0.48987052515149115,1,1,34225,503x503
xception_df40,C:\deepfake_eval\leakfree_eval\sessions\validation\validation_mixed_01.mp4,562,0.08056861907243729,0.42892086232701937,1,1,33124,503x503
xception_df40,C:\deepfake_eval\leakfree_eval\sessions\validation\validation_mixed_01.mp4,563,0.0904863029718399,0.3713232142229875,1,1,35721,503x503
xception_df40,C:\deepfake_eval\leakfree_eval\sessions\validation\validation_mixed_01.mp4,564,0.04744260385632515,0.3250131224592527,1,1,35344,503x503
xception_df40,C:\deepfake_eval\leakfree_eval\sessions\validation\validation_mixed_01.mp4,565,0.999370276927948,0.36401700526475905,1,2,285156,720x720
xception_df40,C:\deepfake_eval\leakfree_eval\sessions\validation\validation_mixed_01.mp4,566,0.016200553625822067,0.31962472622593247,1,2,34596,503x503
xception_df40,C:\deepfake_eval\leakfree_eval\sessions\validation\validation_mixed_01.mp4,567,0.024049077183008194,0.2709665045142174,1,2,34225,503x503
xception_df40,C:\deepfake_eval\leakfree_eval\sessions\validation\validation_mixed_01.mp4,568,0.023954352363944054,0.21533346561094124,1,2,33856,503x503
xception_df40,C:\deepfake_eval\leakfree_eval\sessions\validation\validation_mixed_01.mp4,569,0.05190766602754593,0.19381389059126378,1,1,33489,503x503
xception_df40,C:\deepfake_eval\leakfree_eval\sessions\validation\validation_mixed_01.mp4,570,0.7979403734207153,0.19334780213733513,1,1,45796,503x503
xception_df40,C:\deepfake_eval\leakfree_eval\sessions\validation\validation_mixed_01.mp4,571,0.9542784690856934,0.21706266241768996,1,2,45796,503x503
xception_df40,C:\deepfake_eval\leakfree_eval\sessions\validation\validation_mixed_01.mp4,572,0.17647920548915863,0.22623148548106353,1,1,50176,503x503
xception_df40,C:\deepfake_eval\leakfree_eval\sessions\validation\validation_mixed_01.mp4,573,0.6892317533493042,0.2702371869236231,1,2,53361,503x503
xception_df40,C:\deepfake_eval\leakfree_eval\sessions\validation\validation_mixed_01.mp4,574,0.8894202709197998,0.3269080148388942,1,2,48841,503x503
xception_df40,C:\deepfake_eval\leakfree_eval\sessions\validation\validation_mixed_01.mp4,575,0.809968888759613,0.37870046955843767,1,1,50176,503x503
xception_df40,C:\deepfake_eval\leakfree_eval\sessions\validation\validation_mixed_01.mp4,576,0.9981912970542908,0.44329931400716305,1,1,50176,503x503
xception_df40,C:\deepfake_eval\leakfree_eval\sessions\validation\validation_mixed_01.mp4,577,0.1979854255914688,0.4511271011084318,1,2,54756,503x503
xception_df40,C:\deepfake_eval\leakfree_eval\sessions\validation\validation_mixed_01.mp4,578,0.9981216788291931,0.5116361261655887,1,1,49284,503x503
xception_df40,C:\deepfake_eval\leakfree_eval\sessions\validation\validation_mixed_01.mp4,579,0.9967432618141174,0.5749228366961082,1,2,55225,503x503
xception_df40,C:\deepfake_eval\leakfree_eval\sessions\validation\validation_mixed_01.mp4,580,0.17266085743904114,0.5198088753968477,0,1,25921,720x720
xception_df40,C:\deepfake_eval\leakfree_eval\sessions\validation\validation_mixed_01.mp4,581,0.08262908458709717,0.5242374441275994,0,1,26244,720x720
xception_df40,C:\deepfake_eval\leakfree_eval\sessions\validation\validation_mixed_01.mp4,582,0.14039599895477295,0.5319939055790504,0,1,25921,720x720
xception_df40,C:\deepfake_eval\leakfree_eval\sessions\validation\validation_mixed_01.mp4,583,0.24205386638641357,0.5465338731805484,0,1,21025,720x720
xception_df40,C:\deepfake_eval\leakfree_eval\sessions\validation\validation_mixed_01.mp4,584,0.14699548482894897,0.5528730611006419,0,1,20449,720x720
xception_df40,C:\deepfake_eval\leakfree_eval\sessions\validation\validation_mixed_01.mp4,585,0.4161764979362488,0.5274221360683441,1,1,31684,503x503
xception_df40,C:\deepfake_eval\leakfree_eval\sessions\validation\validation_mixed_01.mp4,586,0.1269192099571228,0.4722648521264394,1,1,29584,503x503
xception_df40,C:\deepfake_eval\leakfree_eval\sessions\validation\validation_mixed_01.mp4,587,0.09806443750858307,0.4670372009277344,1,1,30276,503x503
xception_df40,C:\deepfake_eval\leakfree_eval\sessions\validation\validation_mixed_01.mp4,588,0.24745842814445496,0.4375856459140778,1,1,35344,503x503
xception_df40,C:\deepfake_eval\leakfree_eval\sessions\validation\validation_mixed_01.mp4,589,0.025734184309840202,0.38000657347341377,1,1,35344,503x503
xception_df40,C:\deepfake_eval\leakfree_eval\sessions\validation\validation_mixed_01.mp4,590,0.15952417254447937,0.3366435923924049,1,1,34596,503x503
xception_df40,C:\deepfake_eval\leakfree_eval\sessions\validation\validation_mixed_01.mp4,591,0.38666707277297974,0.2958753107736508,1,1,34225,503x503
xception_df40,C:\deepfake_eval\leakfree_eval\sessions\validation\validation_mixed_01.mp4,592,0.06049325689673424,0.28670916619400183,1,1,36864,503x503
xception_df40,C:\deepfake_eval\leakfree_eval\sessions\validation\validation_mixed_01.mp4,593,0.0425918884575367,0.22300718016922474,1,1,36100,503x503
xception_df40,C:\deepfake_eval\leakfree_eval\sessions\validation\validation_mixed_01.mp4,594,0.020440490916371346,0.15792032877604167,1,1,38025,503x503
xception_df40,C:\deepfake_eval\leakfree_eval\sessions\validation\validation_mixed_01.mp4,595,0.01844978705048561,0.14763959075013797,1,1,38025,503x503
xception_df40,C:\deepfake_eval\leakfree_eval\sessions\validation\validation_mixed_01.mp4,596,0.10602277517318726,0.14919917012254397,1,1,36481,503x503
xception_df40,C:\deepfake_eval\leakfree_eval\sessions\validation\validation_mixed_01.mp4,597,0.7698714137077332,0.19116419777274132,1,2,134689,550x550
xception_df40,C:\deepfake_eval\leakfree_eval\sessions\validation\validation_mixed_01.mp4,598,0.0782119631767273,0.1802414042254289,1,1,130321,541x541
xception_df40,C:\deepfake_eval\leakfree_eval\sessions\validation\validation_mixed_01.mp4,599,0.9436143636703491,0.23334932948152223,1,1,121801,523x523
f3net,C:\deepfake_eval\leakfree_eval\sessions\validation\validation_real_only_01.mp4,0,0.3835758864879608,0.3835758864879608,1,2,31329,503x503
f3net,C:\deepfake_eval\leakfree_eval\sessions\validation\validation_real_only_01.mp4,1,0.5396869778633118,0.4616314321756363,1,1,34225,503x503
f3net,C:\deepfake_eval\leakfree_eval\sessions\validation\validation_real_only_01.mp4,2,0.4491107165813446,0.4574578603108724,1,2,35344,503x503
f3net,C:\deepfake_eval\leakfree_eval\sessions\validation\validation_real_only_01.mp4,3,0.39563265442848206,0.4420015588402748,1,2,36100,503x503
f3net,C:\deepfake_eval\leakfree_eval\sessions\validation\validation_real_only_01.mp4,4,0.44563475251197815,0.44272819757461546,1,2,34596,503x503
f3net,C:\deepfake_eval\leakfree_eval\sessions\validation\validation_real_only_01.mp4,5,0.32315587997436523,0.4227994779745738,1,2,37636,503x503
f3net,C:\deepfake_eval\leakfree_eval\sessions\validation\validation_real_only_01.mp4,6,0.8274629712104797,0.48060854843684603,0,1,5041,720x720
f3net,C:\deepfake_eval\leakfree_eval\sessions\validation\validation_real_only_01.mp4,7,0.8478538393974304,0.5265142098069191,0,1,4489,720x720
f3net,C:\deepfake_eval\leakfree_eval\sessions\validation\validation_real_only_01.mp4,8,0.2163468897342682,0.4920511742432912,1,1,31684,503x503
f3net,C:\deepfake_eval\leakfree_eval\sessions\validation\validation_real_only_01.mp4,9,0.30792275071144104,0.4736383318901062,1,1,34225,503x503
f3net,C:\deepfake_eval\leakfree_eval\sessions\validation\validation_real_only_01.mp4,10,0.4994570314884186,0.4759854863990437,1,1,34225,503x503
f3net,C:\deepfake_eval\leakfree_eval\sessions\validation\validation_real_only_01.mp4,11,0.31817951798439026,0.4628349890311559,1,1,33124,503x503
f3net,C:\deepfake_eval\leakfree_eval\sessions\validation\validation_real_only_01.mp4,12,0.021650534123182297,0.4288977232690041,1,1,69696,503x503
f3net,C:\deepfake_eval\leakfree_eval\sessions\validation\validation_real_only_01.mp4,13,0.003225837368518114,0.3984925885618265,1,1,76729,503x503
f3net,C:\deepfake_eval\leakfree_eval\sessions\validation\validation_real_only_01.mp4,14,0.0035797138698399067,0.37216506358236073,1,1,71824,503x503
f3net,C:\deepfake_eval\leakfree_eval\sessions\validation\validation_real_only_01.mp4,15,0.04952283576130867,0.3498948602005839,1,1,70756,503x503
f3net,C:\deepfake_eval\leakfree_eval\sessions\validation\validation_real_only_01.mp4,16,0.014013847336173058,0.314849984832108,1,1,77284,503x503
f3net,C:\deepfake_eval\leakfree_eval\sessions\validation\validation_real_only_01.mp4,17,0.03544529154896736,0.2872722898299495,1,1,84100,503x503
f3net,C:\deepfake_eval\leakfree_eval\sessions\validation\validation_real_only_01.mp4,18,0.7483794689178467,0.3107887441292405,1,2,71289,503x503
f3net,C:\deepfake_eval\leakfree_eval\sessions\validation\validation_real_only_01.mp4,19,0.0022667699959129095,0.2812308786281695,1,1,66049,503x503
f3net,C:\deepfake_eval\leakfree_eval\sessions\validation\validation_real_only_01.mp4,20,0.02066127210855484,0.2610645714371155,1,1,70756,503x503
f3net,C:\deepfake_eval\leakfree_eval\sessions\validation\validation_real_only_01.mp4,21,0.03951414301991463,0.20853464955774445,1,1,72361,503x503
f3net,C:\deepfake_eval\leakfree_eval\sessions\validation\validation_real_only_01.mp4,22,0.016039229929447174,0.1530803422598789,1,1,70225,503x503
f3net,C:\deepfake_eval\leakfree_eval\sessions\validation\validation_real_only_01.mp4,23,0.010868611745536327,0.13938179039396345,1,2,71289,503x503
f3net,C:\deepfake_eval\leakfree_eval\sessions\validation\validation_real_only_01.mp4,24,0.009348071180284023,0.11947681175855299,1,1,72900,503x503
f3net,C:\deepfake_eval\leakfree_eval\sessions\validation\validation_real_only_01.mp4,25,0.2536402940750122,0.1030890292643259,1,1,31329,503x503
f3net,C:\deepfake_eval\leakfree_eval\sessions\validation\validation_real_only_01.mp4,26,0.12962093949317932,0.09051845736491183,1,1,32041,503x503
f3net,C:\deepfake_eval\leakfree_eval\sessions\validation\validation_real_only_01.mp4,27,0.37177738547325134,0.11386024745491644,1,1,30625,503x503
f3net,C:\deepfake_eval\leakfree_eval\sessions\validation\validation_real_only_01.mp4,28,0.35027655959129333,0.13699696226976812,1,1,30625,503x503
f3net,C:\deepfake_eval\leakfree_eval\sessions\validation\validation_real_only_01.mp4,29,0.31876692175865173,0.1580094427956889,1,1,34225,503x503
f3net,C:\deepfake_eval\leakfree_eval\sessions\validation\validation_real_only_01.mp4,30,0.08164708316326141,0.16015105928915244,1,1,31329,503x503
f3net,C:\deepfake_eval\leakfree_eval\sessions\validation\validation_real_only_01.mp4,31,0.37898731231689453,0.18448262362120052,1,1,35721,503x503
f3net,C:\deepfake_eval\leakfree_eval\sessions\validation\validation_real_only_01.mp4,32,0.39564400911331177,0.20849587145882348,1,1,35344,503x503
f3net,C:\deepfake_eval\leakfree_eval\sessions\validation\validation_real_only_01.mp4,33,0.07749049365520477,0.16376993977464735,1,1,32041,503x503
f3net,C:\deepfake_eval\leakfree_eval\sessions\validation\validation_real_only_01.mp4,34,0.13990062475204468,0.1729455300917228,1,1,36864,503x503
f3net,C:\deepfake_eval\leakfree_eval\sessions\validation\validation_real_only_01.mp4,35,0.23684555292129517,0.18735781547923883,1,2,29584,503x503
f3net,C:\deepfake_eval\leakfree_eval\sessions\validation\validation_real_only_01.mp4,36,0.17720851302146912,0.19653744014600913,1,1,32041,503x503
f3net,C:\deepfake_eval\leakfree_eval\sessions\validation\validation_real_only_01.mp4,37,0.12048129737377167,0.20350024464229743,1,2,33124,503x503
f3net,C:\deepfake_eval\leakfree_eval\sessions\validation\validation_real_only_01.mp4,38,0.33619460463523865,0.22518864416827758,1,1,33856,503x503
f3net,C:\deepfake_eval\leakfree_eval\sessions\validation\validation_real_only_01.mp4,39,0.14424903690814972,0.23418204188346864,1,1,34596,503x503
f3net,C:\deepfake_eval\leakfree_eval\sessions\validation\validation_real_only_01.mp4,40,0.3966570794582367,0.24371649424235026,1,1,30976,503x503
f3net,C:\deepfake_eval\leakfree_eval\sessions\validation\validation_real_only_01.mp4,41,0.052258528769016266,0.23855900019407272,1,1,31329,503x503
f3net,C:\deepfake_eval\leakfree_eval\sessions\validation\validation_real_only_01.mp4,42,0.1401543766260147,0.2231174662709236,1,2,30276,503x503
f3net,C:\deepfake_eval\leakfree_eval\sessions\validation\validation_real_only_01.mp4,43,0.18458788096904755,0.2120715543627739,1,1,32761,503x503
f3net,C:\deepfake_eval\leakfree_eval\sessions\validation\validation_real_only_01.mp4,44,0.485808402299881,0.2232076530655225,1,1,34596,503x503
f3net,C:\deepfake_eval\leakfree_eval\sessions\validation\validation_real_only_01.mp4,45,0.16138765215873718,0.22852369099855424,1,1,33856,503x503
f3net,C:\deepfake_eval\leakfree_eval\sessions\validation\validation_real_only_01.mp4,46,0.24432845413684845,0.21954643378655117,1,2,31329,503x503
f3net,C:\deepfake_eval\leakfree_eval\sessions\validation\validation_real_only_01.mp4,47,0.13539978861808777,0.20219681908686957,1,3,31329,503x503
f3net,C:\deepfake_eval\leakfree_eval\sessions\validation\validation_real_only_01.mp4,48,0.28380584716796875,0.21595117598772048,1,1,31329,503x503
f3net,C:\deepfake_eval\leakfree_eval\sessions\validation\validation_real_only_01.mp4,49,0.2750021815299988,0.22495794643958408,1,1,33856,503x503
f3net,C:\deepfake_eval\leakfree_eval\sessions\validation\validation_real_only_01.mp4,50,0.0768541693687439,0.21429185420274735,1,2,28900,503x503
f3net,C:\deepfake_eval\leakfree_eval\sessions\validation\validation_real_only_01.mp4,51,0.13784806430339813,0.21166782428820927,1,1,29584,503x503
f3net,C:\deepfake_eval\leakfree_eval\sessions\validation\validation_real_only_01.mp4,52,0.3081955909729004,0.2241821105281512,1,1,28224,503x503
f3net,C:\deepfake_eval\leakfree_eval\sessions\validation\validation_real_only_01.mp4,53,0.4636008143424988,0.23267585784196854,1,1,32041,503x503
f3net,C:\deepfake_eval\leakfree_eval\sessions\validation\validation_real_only_01.mp4,54,0.49044090509414673,0.255755315721035,1,1,28224,503x503
f3net,C:\deepfake_eval\leakfree_eval\sessions\validation\validation_real_only_01.mp4,55,0.33166050910949707,0.251422211031119,1,1,28224,503x503
f3net,C:\deepfake_eval\leakfree_eval\sessions\validation\validation_real_only_01.mp4,56,0.6030541062355042,0.2881419161955516,1,1,31684,503x503
f3net,C:\deepfake_eval\leakfree_eval\sessions\validation\validation_real_only_01.mp4,57,0.38231179118156433,0.3042857438325882,1,1,29929,503x503
f3net,C:\deepfake_eval\leakfree_eval\sessions\validation\validation_real_only_01.mp4,58,0.38202619552612305,0.31744829813639325,1,1,28900,503x503
f3net,C:\deepfake_eval\leakfree_eval\sessions\validation\validation_real_only_01.mp4,59,0.3125753402709961,0.30589942733446757,0,1,27556,720x720
f3net,C:\deepfake_eval\leakfree_eval\sessions\validation\validation_real_only_01.mp4,60,0.4407966434955597,0.3245266934235891,1,1,28224,503x503
f3net,C:\deepfake_eval\leakfree_eval\sessions\validation\validation_real_only_01.mp4,61,0.49522626399993896,0.34125321408112846,1,1,28224,503x503
f3net,C:\deepfake_eval\leakfree_eval\sessions\validation\validation_real_only_01.mp4,62,0.5649922490119934,0.36989271144072217,1,1,29241,503x503
f3net,C:\deepfake_eval\leakfree_eval\sessions\validation\validation_real_only_01.mp4,63,0.3836606740951538,0.3765496999025345,1,1,32761,503x503
f3net,C:\deepfake_eval\leakfree_eval\sessions\validation\validation_real_only_01.mp4,64,0.4497835040092468,0.3882017880678177,0,1,27556,720x720
f3net,C:\deepfake_eval\leakfree_eval\sessions\validation\validation_real_only_01.mp4,65,0.44770312309265137,0.4129250516494115,0,1,27225,720x720
f3net,C:\deepfake_eval\leakfree_eval\sessions\validation\validation_real_only_01.mp4,66,0.565557062625885,0.44143898487091066,0,1,26896,720x720
f3net,C:\deepfake_eval\leakfree_eval\sessions\validation\validation_real_only_01.mp4,67,0.26254338026046753,0.43839550415674844,1,2,59536,503x503
f3net,C:\deepfake_eval\leakfree_eval\sessions\validation\validation_real_only_01.mp4,68,0.5743480920791626,0.44577865600585936,1,1,29584,503x503
f3net,C:\deepfake_eval\leakfree_eval\sessions\validation\validation_real_only_01.mp4,69,0.3536421060562134,0.43665873606999717,1,1,28900,503x503
f3net,C:\deepfake_eval\leakfree_eval\sessions\validation\validation_real_only_01.mp4,70,0.8098520040512085,0.46853816906611123,1,1,121801,523x523
f3net,C:\deepfake_eval\leakfree_eval\sessions\validation\validation_real_only_01.mp4,71,0.6204167008399963,0.4696956753730774,1,1,28900,503x503
f3net,C:\deepfake_eval\leakfree_eval\sessions\validation\validation_real_only_01.mp4,72,0.6254984140396118,0.48590811689694724,0,1,26569,720x720
f3net,C:\deepfake_eval\leakfree_eval\sessions\validation\validation_real_only_01.mp4,73,0.5002108812332153,0.4937870959440867,0,2,25281,720x720
f3net,C:\deepfake_eval\leakfree_eval\sessions\validation\validation_real_only_01.mp4,74,0.38880833983421326,0.49886929591496787,1,2,28224,503x503
f3net,C:\deepfake_eval\leakfree_eval\sessions\validation\validation_real_only_01.mp4,75,0.8238521218299866,0.5244063278039296,1,1,70225,503x503
f3net,C:\deepfake_eval\leakfree_eval\sessions\validation\validation_real_only_01.mp4,76,0.9201728105545044,0.552736097574234,1,1,65025,503x503
f3net,C:\deepfake_eval\leakfree_eval\sessions\validation\validation_real_only_01.mp4,77,0.9753085970878601,0.5800905207792918,0,0,,720x720
f3net,C:\deepfake_eval\leakfree_eval\sessions\validation\validation_real_only_01.mp4,78,0.3477539122104645,0.5776967366536458,1,1,77841,503x503
f3net,C:\deepfake_eval\leakfree_eval\sessions\validation\validation_real_only_01.mp4,79,0.729637861251831,0.5963536938031514,1,2,77841,503x503
f3net,C:\deepfake_eval\leakfree_eval\sessions\validation\validation_real_only_01.mp4,80,0.9472227096557617,0.6296549995740255,1,1,133225,547x547
f3net,C:\deepfake_eval\leakfree_eval\sessions\validation\validation_real_only_01.mp4,81,0.9549803137779236,0.655616549650828,1,1,85264,503x503
f3net,C:\deepfake_eval\leakfree_eval\sessions\validation\validation_real_only_01.mp4,82,0.9270553588867188,0.6999173482259115,1,1,81796,503x503
f3net,C:\deepfake_eval\leakfree_eval\sessions\validation\validation_real_only_01.mp4,83,0.9061453342437744,0.7220371643702189,1,1,85264,503x503
f3net,C:\deepfake_eval\leakfree_eval\sessions\validation\validation_real_only_01.mp4,84,0.9461594223976135,0.761538318792979,1,1,82944,503x503
f3net,C:\deepfake_eval\leakfree_eval\sessions\validation\validation_real_only_01.mp4,85,0.9965362548828125,0.7739839355150858,1,2,88804,503x503
f3net,C:\deepfake_eval\leakfree_eval\sessions\validation\validation_real_only_01.mp4,86,0.8254544138908386,0.787653116385142,1,1,88804,503x503
f3net,C:\deepfake_eval\leakfree_eval\sessions\validation\validation_real_only_01.mp4,87,0.9847795367240906,0.8116051912307739,1,1,87025,503x503
f3net,C:\deepfake_eval\leakfree_eval\sessions\validation\validation_real_only_01.mp4,88,0.8448085784912109,0.8345783710479736,1,1,88209,503x503
f3net,C:\deepfake_eval\leakfree_eval\sessions\validation\validation_real_only_01.mp4,89,0.9932901859283447,0.8748771607875824,1,1,80656,503x503
f3net,C:\deepfake_eval\leakfree_eval\sessions\validation\validation_real_only_01.mp4,90,0.8720376491546631,0.8780895292758941,1,1,90601,503x503
f3net,C:\deepfake_eval\leakfree_eval\sessions\validation\validation_real_only_01.mp4,91,0.9414193034172058,0.8795059621334076,1,1,84100,503x503
f3net,C:\deepfake_eval\leakfree_eval\sessions\validation\validation_real_only_01.mp4,92,0.976421594619751,0.879580161968867,1,1,84681,503x503
f3net,C:\deepfake_eval\leakfree_eval\sessions\validation\validation_real_only_01.mp4,93,0.9873921275138855,0.9222227096557617,1,1,152100,585x585
f3net,C:\deepfake_eval\leakfree_eval\sessions\validation\validation_real_only_01.mp4,94,0.58551424741745,0.9126144687334696,1,1,154449,589x589
f3net,C:\deepfake_eval\leakfree_eval\sessions\validation\validation_real_only_01.mp4,95,0.5790751576423645,0.8880712985992432,1,1,30976,503x503
f3net,C:\deepfake_eval\leakfree_eval\sessions\validation\validation_real_only_01.mp4,96,0.46862295269966125,0.855647474527359,1,1,37636,503x503
f3net,C:\deepfake_eval\leakfree_eval\sessions\validation\validation_real_only_01.mp4,97,0.7613019943237305,0.8445972502231598,1,2,37249,503x503
f3net,C:\deepfake_eval\leakfree_eval\sessions\validation\validation_real_only_01.mp4,98,0.6709653735160828,0.828918586174647,1,1,33124,503x503
f3net,C:\deepfake_eval\leakfree_eval\sessions\validation\validation_real_only_01.mp4,99,0.73023521900177,0.8145236392815908,1,2,36481,503x503
f3net,C:\deepfake_eval\leakfree_eval\sessions\validation\validation_real_only_01.mp4,100,0.5665324330329895,0.7858567178249359,1,1,36100,503x503
f3net,C:\deepfake_eval\leakfree_eval\sessions\validation\validation_real_only_01.mp4,101,0.7330880761146545,0.7796989619731903,1,1,36481,503x503
f3net,C:\deepfake_eval\leakfree_eval\sessions\validation\validation_real_only_01.mp4,102,0.5603808760643005,0.7514057179292043,1,1,38025,503x503
f3net,C:\deepfake_eval\leakfree_eval\sessions\validation\validation_real_only_01.mp4,103,0.6900840401649475,0.7410907487074534,1,1,36864,503x503
f3net,C:\deepfake_eval\leakfree_eval\sessions\validation\validation_real_only_01.mp4,104,0.5870252847671509,0.7140064219633738,1,1,33124,503x503
f3net,C:\deepfake_eval\leakfree_eval\sessions\validation\validation_real_only_01.mp4,105,0.5788482427597046,0.6944604615370432,1,2,30976,503x503
f3net,C:\deepfake_eval\leakfree_eval\sessions\validation\validation_real_only_01.mp4,106,0.5050197839736938,0.6653671602408091,1,1,33489,503x503
f3net,C:\deepfake_eval\leakfree_eval\sessions\validation\validation_real_only_01.mp4,107,0.4972544312477112,0.6334226826826731,1,1,34225,503x503
f3net,C:\deepfake_eval\leakfree_eval\sessions\validation\validation_real_only_01.mp4,108,0.48134687542915344,0.599686332543691,1,1,29584,503x503
f3net,C:\deepfake_eval\leakfree_eval\sessions\validation\validation_real_only_01.mp4,109,0.4899155795574188,0.593313088019689,1,1,28224,503x503
f3net,C:\deepfake_eval\leakfree_eval\sessions\validation\validation_real_only_01.mp4,110,0.41070806980133057,0.5820886154969533,1,5,47961,503x503
f3net,C:\deepfake_eval\leakfree_eval\sessions\validation\validation_real_only_01.mp4,111,0.3389349579811096,0.5734427491823832,1,3,31329,503x503
f3net,C:\deepfake_eval\leakfree_eval\sessions\validation\validation_real_only_01.mp4,112,0.4315367043018341,0.5514583965142568,1,4,47524,503x503
f3net,C:\deepfake_eval\leakfree_eval\sessions\validation\validation_real_only_01.mp4,113,0.4454302489757538,0.5364227215449016,1,3,30625,503x503
f3net,C:\deepfake_eval\leakfree_eval\sessions\validation\validation_real_only_01.mp4,114,0.4685691297054291,0.5189783155918122,1,3,31684,503x503
f3net,C:\deepfake_eval\leakfree_eval\sessions\validation\validation_real_only_01.mp4,115,0.4738035798072815,0.5127963920434316,1,3,32400,503x503
f3net,C:\deepfake_eval\leakfree_eval\sessions\validation\validation_real_only_01.mp4,116,0.6264121532440186,0.5056846638520559,1,2,31329,503x503
f3net,C:\deepfake_eval\leakfree_eval\sessions\validation\validation_real_only_01.mp4,117,0.6703938841819763,0.5130188643932343,1,3,31684,503x503
f3net,C:\deepfake_eval\leakfree_eval\sessions\validation\validation_real_only_01.mp4,118,0.43272823095321655,0.49586181044578553,1,3,31329,503x503
f3net,C:\deepfake_eval\leakfree_eval\sessions\validation\validation_real_only_01.mp4,119,0.5558018684387207,0.49378024935722353,1,3,31329,503x503
f3net,C:\deepfake_eval\leakfree_eval\sessions\validation\validation_real_only_01.mp4,120,0.5783752799034119,0.49374871850013735,1,4,30976,503x503
f3net,C:\deepfake_eval\leakfree_eval\sessions\validation\validation_real_only_01.mp4,121,0.5539656281471252,0.4970117747783661,1,2,28224,503x503
f3net,C:\deepfake_eval\leakfree_eval\sessions\validation\validation_real_only_01.mp4,122,0.5052273869514465,0.4975433051586151,1,2,27889,503x503
f3net,C:\deepfake_eval\leakfree_eval\sessions\validation\validation_real_only_01.mp4,123,0.46782341599464417,0.4966417411963145,1,3,30625,503x503
f3net,C:\deepfake_eval\leakfree_eval\sessions\validation\validation_real_only_01.mp4,124,0.567862868309021,0.501838227113088,1,4,30276,503x503
f3net,C:\deepfake_eval\leakfree_eval\sessions\validation\validation_real_only_01.mp4,125,0.5188649892807007,0.5090486884117127,1,3,30625,503x503
f3net,C:\deepfake_eval\leakfree_eval\sessions\validation\validation_real_only_01.mp4,126,0.48331576585769653,0.5186740756034851,1,3,30976,503x503
f3net,C:\deepfake_eval\leakfree_eval\sessions\validation\validation_real_only_01.mp4,127,0.5738246440887451,0.5281599382559459,1,3,30625,503x503
f3net,C:\deepfake_eval\leakfree_eval\sessions\validation\validation_real_only_01.mp4,128,0.09432385861873627,0.5047528455654781,1,2,58564,503x503
f3net,C:\deepfake_eval\leakfree_eval\sessions\validation\validation_real_only_01.mp4,129,0.5167967081069946,0.5079680174589157,1,1,57121,503x503
f3net,C:\deepfake_eval\leakfree_eval\sessions\validation\validation_real_only_01.mp4,130,0.37387216091156006,0.5013059228658676,1,1,59536,503x503
f3net,C:\deepfake_eval\leakfree_eval\sessions\validation\validation_real_only_01.mp4,131,0.7336050271987915,0.5084521144628524,1,1,60516,503x503
f3net,C:\deepfake_eval\leakfree_eval\sessions\validation\validation_real_only_01.mp4,132,0.23265951871871948,0.47926982343196867,1,1,53824,503x503
f3net,C:\deepfake_eval\leakfree_eval\sessions\validation\validation_real_only_01.mp4,133,0.17149057984352112,0.46185398002465566,1,1,55225,503x503
f3net,C:\deepfake_eval\leakfree_eval\sessions\validation\validation_real_only_01.mp4,134,0.7833960652351379,0.47702692647775014,1,1,57121,503x503
f3net,C:\deepfake_eval\leakfree_eval\sessions\validation\validation_real_only_01.mp4,135,0.08159016072750092,0.4439079185326894,1,1,58081,503x503
f3net,C:\deepfake_eval\leakfree_eval\sessions\validation\validation_real_only_01.mp4,136,0.5403842329978943,0.44300249218940735,1,1,61009,503x503
f3net,C:\deepfake_eval\leakfree_eval\sessions\validation\validation_real_only_01.mp4,137,0.5504417419433594,0.44601678252220156,1,1,56169,503x503
f3net,C:\deepfake_eval\leakfree_eval\sessions\validation\validation_real_only_01.mp4,138,0.2753415107727051,0.4331846555074056,1,1,56644,503x503
f3net,C:\deepfake_eval\leakfree_eval\sessions\validation\validation_real_only_01.mp4,139,0.3841148316860199,0.4209347863992055,1,1,59536,503x503
f3net,C:\deepfake_eval\leakfree_eval\sessions\validation\validation_real_only_01.mp4,140,0.09514445811510086,0.3926867509881655,1,1,56169,503x503
f3net,C:\deepfake_eval\leakfree_eval\sessions\validation\validation_real_only_01.mp4,141,0.21089892089366913,0.3745256279905637,1,1,63504,503x503
f3net,C:\deepfake_eval\leakfree_eval\sessions\validation\validation_real_only_01.mp4,142,0.11847226321697235,0.3441688025991122,1,1,53361,503x503
f3net,C:\deepfake_eval\leakfree_eval\sessions\validation\validation_real_only_01.mp4,143,0.9216025471687317,0.3993207151691119,1,1,57600,503x503
f3net,C:\deepfake_eval\leakfree_eval\sessions\validation\validation_real_only_01.mp4,144,0.24142292141914368,0.3809624627232552,1,1,56644,503x503
f3net,C:\deepfake_eval\leakfree_eval\sessions\validation\validation_real_only_01.mp4,145,0.14951591193675995,0.3660053794582685,1,1,55696,503x503
f3net,C:\deepfake_eval\leakfree_eval\sessions\validation\validation_real_only_01.mp4,146,0.3153897523880005,0.33812436113754907,1,1,50176,503x503
f3net,C:\deepfake_eval\leakfree_eval\sessions\validation\validation_real_only_01.mp4,147,0.07411512732505798,0.32755473504463833,1,1,56169,503x503
f3net,C:\deepfake_eval\leakfree_eval\sessions\validation\validation_real_only_01.mp4,148,0.08514994382858276,0.3217986926436424,1,1,58564,503x503
f3net,C:\deepfake_eval\leakfree_eval\sessions\validation\validation_real_only_01.mp4,149,0.09077314287424088,0.27562383115291594,1,2,56644,503x503
f3net,C:\deepfake_eval\leakfree_eval\sessions\validation\validation_real_only_01.mp4,150,0.4177941083908081,0.2980374276638031,1,1,59049,503x503
f3net,C:\deepfake_eval\leakfree_eval\sessions\validation\validation_real_only_01.mp4,151,0.06445750594139099,0.26630897919336954,1,1,52900,503x503
f3net,C:\deepfake_eval\leakfree_eval\sessions\validation\validation_real_only_01.mp4,152,0.031419530510902405,0.23170749843120575,1,1,56169,503x503
f3net,C:\deepfake_eval\leakfree_eval\sessions\validation\validation_real_only_01.mp4,153,0.5206740498542786,0.24806300103664397,1,1,34596,503x503
f3net,C:\deepfake_eval\leakfree_eval\sessions\validation\validation_real_only_01.mp4,154,0.4561597406864166,0.2528659949700038,1,1,39204,503x503
f3net,C:\deepfake_eval\leakfree_eval\sessions\validation\validation_real_only_01.mp4,155,0.37349939346313477,0.2714229906598727,1,1,38416,503x503
f3net,C:\deepfake_eval\leakfree_eval\sessions\validation\validation_real_only_01.mp4,156,0.5180593132972717,0.2919003501534462,1,1,40000,503x503
f3net,C:\deepfake_eval\leakfree_eval\sessions\validation\validation_real_only_01.mp4,157,0.6668200492858887,0.3284568692247073,1,1,38416,503x503
f3net,C:\deepfake_eval\leakfree_eval\sessions\validation\validation_real_only_01.mp4,158,0.6340874433517456,0.3092891956369082,1,1,34596,503x503
f3net,C:\deepfake_eval\leakfree_eval\sessions\validation\validation_real_only_01.mp4,159,0.5987895727157593,0.33311363905668256,1,1,38809,503x503
f3net,C:\deepfake_eval\leakfree_eval\sessions\validation\validation_real_only_01.mp4,160,0.5445970296859741,0.3594523802399635,1,1,40000,503x503
f3net,C:\deepfake_eval\leakfree_eval\sessions\validation\validation_real_only_01.mp4,161,0.41058972477912903,0.3657990450660388,1,1,34596,503x503
f3net,C:\deepfake_eval\leakfree_eval\sessions\validation\validation_real_only_01.mp4,162,0.7413524389266968,0.410281532506148,1,1,34225,503x503
f3net,C:\deepfake_eval\leakfree_eval\sessions\validation\validation_real_only_01.mp4,163,0.549055278301239,0.4412085548043251,1,1,38809,503x503
f3net,C:\deepfake_eval\leakfree_eval\sessions\validation\validation_real_only_01.mp4,164,0.5078031420707703,0.4690105547507604,1,1,37636,503x503
f3net,C:\deepfake_eval\leakfree_eval\sessions\validation\validation_real_only_01.mp4,165,0.6661432981491089,0.4855671674013138,0,1,20449,720x720
f3net,C:\deepfake_eval\leakfree_eval\sessions\validation\validation_real_only_01.mp4,166,0.7118764519691467,0.5287284304698309,0,1,19881,720x720
f3net,C:\deepfake_eval\leakfree_eval\sessions\validation\validation_real_only_01.mp4,167,0.5531976222991943,0.5635136365890503,0,1,19881,720x720
f3net,C:\deepfake_eval\leakfree_eval\sessions\validation\validation_real_only_01.mp4,168,0.6245743036270142,0.5704403201738993,0,1,20449,720x720
f3net,C:\deepfake_eval\leakfree_eval\sessions\validation\validation_real_only_01.mp4,169,0.8358585834503174,0.5957535763581594,0,1,23409,720x720
f3net,C:\deepfake_eval\leakfree_eval\sessions\validation\validation_real_only_01.mp4,170,0.8746964931488037,0.629166716337204,0,1,21316,720x720
f3net,C:\deepfake_eval\leakfree_eval\sessions\validation\validation_real_only_01.mp4,171,0.8698963522911072,0.652622518936793,0,0,,720x720
f3net,C:\deepfake_eval\leakfree_eval\sessions\validation\validation_real_only_01.mp4,172,0.9700847268104553,0.6728401641050975,0,1,22801,720x720
f3net,C:\deepfake_eval\leakfree_eval\sessions\validation\validation_real_only_01.mp4,173,0.7748605608940125,0.6822250386079153,0,1,22201,720x720
f3net,C:\deepfake_eval\leakfree_eval\sessions\validation\validation_real_only_01.mp4,174,0.9276168346405029,0.7041468560695648,0,1,21609,720x720
f3net,C:\deepfake_eval\leakfree_eval\sessions\validation\validation_real_only_01.mp4,175,0.9445659518241882,0.7308114508787791,0,1,23716,720x720
f3net,C:\deepfake_eval\leakfree_eval\sessions\validation\validation_real_only_01.mp4,176,0.8781458139419556,0.7619818568229675,0,1,17956,720x720
f3net,C:\deepfake_eval\leakfree_eval\sessions\validation\validation_real_only_01.mp4,177,0.629981279373169,0.7545571128527323,0,1,16641,720x720
f3net,C:\deepfake_eval\leakfree_eval\sessions\validation\validation_real_only_01.mp4,178,0.7676663398742676,0.7691311836242676,0,2,19881,720x720
f3net,C:\deepfake_eval\leakfree_eval\sessions\validation\validation_real_only_01.mp4,179,0.8252071142196655,0.790291448434194,0,1,21316,720x720
f3net,C:\deepfake_eval\leakfree_eval\sessions\validation\validation_real_only_01.mp4,180,0.856877326965332,0.8030070503552754,0,1,21609,720x720
f3net,C:\deepfake_eval\leakfree_eval\sessions\validation\validation_real_only_01.mp4,181,0.6753132939338684,0.8005695064862569,1,2,48400,503x503
f3net,C:\deepfake_eval\leakfree_eval\sessions\validation\validation_real_only_01.mp4,182,0.4894300401210785,0.7963183343410491,1,3,48841,503x503
f3net,C:\deepfake_eval\leakfree_eval\sessions\validation\validation_real_only_01.mp4,183,0.4035890996456146,0.7815859874089559,1,3,50625,503x503
f3net,C:\deepfake_eval\leakfree_eval\sessions\validation\validation_real_only_01.mp4,184,0.7406940460205078,0.7752416849136352,1,2,55225,503x503
f3net,C:\deepfake_eval\leakfree_eval\sessions\validation\validation_real_only_01.mp4,185,0.6325525045394897,0.7590987523396809,1,3,57121,503x503
f3net,C:\deepfake_eval\leakfree_eval\sessions\validation\validation_real_only_01.mp4,186,0.5759106278419495,0.7394997040430705,1,1,51076,503x503
f3net,C:\deepfake_eval\leakfree_eval\sessions\validation\validation_real_only_01.mp4,187,0.6343322992324829,0.7171162088712056,1,1,54289,503x503
f3net,C:\deepfake_eval\leakfree_eval\sessions\validation\validation_real_only_01.mp4,188,0.7532923221588135,0.7156783262888591,1,2,50625,503x503
f3net,C:\deepfake_eval\leakfree_eval\sessions\validation\validation_real_only_01.mp4,189,0.7398763298988342,0.7031622926394144,1,1,51529,503x503
f3net,C:\deepfake_eval\leakfree_eval\sessions\validation\validation_real_only_01.mp4,190,0.4103047251701355,0.6675448775291443,1,1,51529,503x503
f3net,C:\deepfake_eval\leakfree_eval\sessions\validation\validation_real_only_01.mp4,191,0.48278722167015076,0.6411876380443573,1,1,47524,503x503
f3net,C:\deepfake_eval\leakfree_eval\sessions\validation\validation_real_only_01.mp4,192,0.5486863851547241,0.6357679784297943,1,1,49284,503x503
f3net,C:\deepfake_eval\leakfree_eval\sessions\validation\validation_real_only_01.mp4,193,0.8287271857261658,0.6398387014865875,1,1,52900,503x503
f3net,C:\deepfake_eval\leakfree_eval\sessions\validation\validation_real_only_01.mp4,194,0.502557635307312,0.618328736225764,1,1,52441,503x503
f3net,C:\deepfake_eval\leakfree_eval\sessions\validation\validation_real_only_01.mp4,195,0.6794934272766113,0.6065031429131825,1,1,57121,503x503
f3net,C:\deepfake_eval\leakfree_eval\sessions\validation\validation_real_only_01.mp4,196,0.3333819806575775,0.5837077220280965,1,3,50625,503x503
f3net,C:\deepfake_eval\leakfree_eval\sessions\validation\validation_real_only_01.mp4,197,0.44710707664489746,0.5808861911296844,1,1,49284,503x503
f3net,C:\deepfake_eval\leakfree_eval\sessions\validation\validation_real_only_01.mp4,198,0.4465065002441406,0.5837473511695862,1,2,55225,503x503
f3net,C:\deepfake_eval\leakfree_eval\sessions\validation\validation_real_only_01.mp4,199,0.2680514454841614,0.5522378444671631,1,2,40804,503x503
f3net,C:\deepfake_eval\leakfree_eval\sessions\validation\validation_real_only_01.mp4,200,0.6033309698104858,0.5502897421518962,1,3,52900,503x503
f3net,C:\deepfake_eval\leakfree_eval\sessions\validation\validation_real_only_01.mp4,201,0.4655284285545349,0.5429309288660685,1,2,53361,503x503
f3net,C:\deepfake_eval\leakfree_eval\sessions\validation\validation_real_only_01.mp4,202,0.3112521469593048,0.5213922520478567,1,1,44521,503x503
f3net,C:\deepfake_eval\leakfree_eval\sessions\validation\validation_real_only_01.mp4,203,0.23485581576824188,0.4868298182884852,1,1,45369,503x503
f3net,C:\deepfake_eval\leakfree_eval\sessions\validation\validation_real_only_01.mp4,204,0.5953972935676575,0.47719788253307344,1,2,51076,503x503
f3net,C:\deepfake_eval\leakfree_eval\sessions\validation\validation_real_only_01.mp4,205,0.7925257682800293,0.5026792854070663,1,4,53824,503x503
f3net,C:\deepfake_eval\leakfree_eval\sessions\validation\validation_real_only_01.mp4,206,0.5697843432426453,0.5084790935118993,1,1,41616,503x503
f3net,C:\deepfake_eval\leakfree_eval\sessions\validation\validation_real_only_01.mp4,207,0.8501995801925659,0.5285799731810887,1,2,43264,503x503
f3net,C:\deepfake_eval\leakfree_eval\sessions\validation\validation_real_only_01.mp4,208,0.7364998459815979,0.5224314838647842,1,3,44100,503x503
f3net,C:\deepfake_eval\leakfree_eval\sessions\validation\validation_real_only_01.mp4,209,0.7982421517372131,0.542143784960111,0,0,,720x720
f3net,C:\deepfake_eval\leakfree_eval\sessions\validation\validation_real_only_01.mp4,210,0.6177179217338562,0.5380254179239273,1,1,48400,503x503
f3net,C:\deepfake_eval\leakfree_eval\sessions\validation\validation_real_only_01.mp4,211,0.3941483497619629,0.542076509197553,1,1,43681,503x503
f3net,C:\deepfake_eval\leakfree_eval\sessions\validation\validation_real_only_01.mp4,212,0.030560586601495743,0.5143067431946595,1,2,103041,503x503
f3net,C:\deepfake_eval\leakfree_eval\sessions\validation\validation_real_only_01.mp4,213,0.019517233595252037,0.48584079208473363,1,2,116281,511x511
f3net,C:\deepfake_eval\leakfree_eval\sessions\validation\validation_real_only_01.mp4,214,0.029509203508496284,0.4699379759530226,1,2,104976,503x503
f3net,C:\deepfake_eval\leakfree_eval\sessions\validation\validation_real_only_01.mp4,215,0.04632312431931496,0.4328041195869446,1,1,102400,503x503
f3net,C:\deepfake_eval\leakfree_eval\sessions\validation\validation_real_only_01.mp4,216,0.829940676689148,0.45709826946258547,1,3,101761,503x503
f3net,C:\deepfake_eval\leakfree_eval\sessions\validation\validation_real_only_01.mp4,217,0.03159254044294357,0.438454295694828,1,3,97969,503x503
f3net,C:\deepfake_eval\leakfree_eval\sessions\validation\validation_real_only_01.mp4,218,0.08753843605518341,0.4286331370472908,1,3,101761,503x503
f3net,C:\deepfake_eval\leakfree_eval\sessions\validation\validation_real_only_01.mp4,219,0.015561949461698532,0.3899774474402269,1,1,106929,503x503
f3net,C:\deepfake_eval\leakfree_eval\sessions\validation\validation_real_only_01.mp4,220,0.006586048752069473,0.3375814661383629,1,2,108241,503x503
f3net,C:\deepfake_eval\leakfree_eval\sessions\validation\validation_real_only_01.mp4,221,0.019799647852778435,0.3009158197790384,1,3,104976,503x503
f3net,C:\deepfake_eval\leakfree_eval\sessions\validation\validation_real_only_01.mp4,222,0.44470593333244324,0.27388290998836357,1,1,93636,503x503
f3net,C:\deepfake_eval\leakfree_eval\sessions\validation\validation_real_only_01.mp4,223,0.08880404382944107,0.23070318984488647,1,3,93636,503x503
f3net,C:\deepfake_eval\leakfree_eval\sessions\validation\validation_real_only_01.mp4,224,0.6213858723640442,0.21891277122000855,1,1,27889,503x503
f3net,C:\deepfake_eval\leakfree_eval\sessions\validation\validation_real_only_01.mp4,225,0.5828361511230469,0.21658731984595458,1,1,28900,503x503
f3net,C:\deepfake_eval\leakfree_eval\sessions\validation\validation_real_only_01.mp4,226,0.5346735715866089,0.22595566796759764,0,1,26569,720x720
f3net,C:\deepfake_eval\leakfree_eval\sessions\validation\validation_real_only_01.mp4,227,0.5601348876953125,0.2612606213738521,1,2,29929,503x503
f3net,C:\deepfake_eval\leakfree_eval\sessions\validation\validation_real_only_01.mp4,228,0.6499752998352051,0.3032911591231823,1,1,30976,503x503
f3net,C:\deepfake_eval\leakfree_eval\sessions\validation\validation_real_only_01.mp4,229,0.6605695486068726,0.34536184879640736,1,1,30976,503x503
f3net,C:\deepfake_eval\leakfree_eval\sessions\validation\validation_real_only_01.mp4,230,0.5502018928527832,0.3789537666986386,1,2,32041,503x503
f3net,C:\deepfake_eval\leakfree_eval\sessions\validation\validation_real_only_01.mp4,231,0.48569104075431824,0.35600379096964996,1,2,32041,503x503
f3net,C:\deepfake_eval\leakfree_eval\sessions\validation\validation_real_only_01.mp4,232,0.5734005570411682,0.39212432540953157,1,2,31329,503x503
f3net,C:\deepfake_eval\leakfree_eval\sessions\validation\validation_real_only_01.mp4,233,0.5450055003166199,0.42262212969362734,1,3,32761,503x503
f3net,C:\deepfake_eval\leakfree_eval\sessions\validation\validation_real_only_01.mp4,234,0.612504780292511,0.46241831841568154,1,1,32400,503x503
f3net,C:\deepfake_eval\leakfree_eval\sessions\validation\validation_real_only_01.mp4,235,0.631619393825531,0.5040872080872456,1,2,31684,503x503
f3net,C:\deepfake_eval\leakfree_eval\sessions\validation\validation_real_only_01.mp4,236,0.6769224405288696,0.5478953942656517,1,2,33124,503x503
f3net,C:\deepfake_eval\leakfree_eval\sessions\validation\validation_real_only_01.mp4,237,0.5479012131690979,0.5547750795880954,1,1,32400,503x503
f3net,C:\deepfake_eval\leakfree_eval\sessions\validation\validation_real_only_01.mp4,238,0.6050538420677185,0.5891917328039805,0,2,14161,720x720
f3net,C:\deepfake_eval\leakfree_eval\sessions\validation\validation_real_only_01.mp4,239,0.6688188314437866,0.5923539300759634,0,1,15129,720x720
f3net,C:\deepfake_eval\leakfree_eval\sessions\validation\validation_real_only_01.mp4,240,0.46088841557502747,0.5842240810394287,0,1,13924,720x720
f3net,C:\deepfake_eval\leakfree_eval\sessions\validation\validation_real_only_01.mp4,241,0.5967789888381958,0.5883644421895345,0,3,15876,720x720
f3net,C:\deepfake_eval\leakfree_eval\sessions\validation\validation_real_only_01.mp4,242,0.6781821846961975,0.5962342619895935,1,3,28224,503x503
f3net,C:\deepfake_eval\leakfree_eval\sessions\validation\validation_real_only_01.mp4,243,0.5546866059303284,0.5898816823959351,0,2,14161,720x720
f3net,C:\deepfake_eval\leakfree_eval\sessions\validation\validation_real_only_01.mp4,244,0.5440186858177185,0.5821116248766581,0,2,14641,720x720
f3net,C:\deepfake_eval\leakfree_eval\sessions\validation\validation_real_only_01.mp4,245,0.4692842662334442,0.5767171164353688,0,1,13225,720x720
f3net,C:\deepfake_eval\leakfree_eval\sessions\validation\validation_real_only_01.mp4,246,0.6128207445144653,0.5851924300193787,0,4,14161,720x720
f3net,C:\deepfake_eval\leakfree_eval\sessions\validation\validation_real_only_01.mp4,247,0.5634225010871887,0.5845272262891134,0,2,14161,720x720
f3net,C:\deepfake_eval\leakfree_eval\sessions\validation\validation_real_only_01.mp4,248,0.655797004699707,0.5919133265813191,0,2,13689,720x720
f3net,C:\deepfake_eval\leakfree_eval\sessions\validation\validation_real_only_01.mp4,249,0.10229744762182236,0.5578995044032733,1,1,105625,503x503
f3net,C:\deepfake_eval\leakfree_eval\sessions\validation\validation_real_only_01.mp4,250,0.18679919838905334,0.5282448247075081,1,1,97344,503x503
f3net,C:\deepfake_eval\leakfree_eval\sessions\validation\validation_real_only_01.mp4,251,0.8328927159309387,0.538642843067646,1,1,102400,503x503
f3net,C:\deepfake_eval\leakfree_eval\sessions\validation\validation_real_only_01.mp4,252,0.9742915034294128,0.5670688624183337,1,1,101124,503x503
f3net,C:\deepfake_eval\leakfree_eval\sessions\validation\validation_real_only_01.mp4,253,0.8683566451072693,0.5846223826209704,1,1,93636,503x503
f3net,C:\deepfake_eval\leakfree_eval\sessions\validation\validation_real_only_01.mp4,254,0.6473698616027832,0.5831924512982368,1,1,91204,503x503
f3net,C:\deepfake_eval\leakfree_eval\sessions\validation\validation_real_only_01.mp4,255,0.41197094321250916,0.579931286474069,1,1,90601,503x503
f3net,C:\deepfake_eval\leakfree_eval\sessions\validation\validation_real_only_01.mp4,256,0.34271755814552307,0.5629938577612241,1,1,91809,503x503
f3net,C:\deepfake_eval\leakfree_eval\sessions\validation\validation_real_only_01.mp4,257,0.8660263419151306,0.5755168015758196,1,1,88209,503x503
f3net,C:\deepfake_eval\leakfree_eval\sessions\validation\validation_real_only_01.mp4,258,0.41652610898017883,0.566306101779143,1,2,90601,503x503
f3net,C:\deepfake_eval\leakfree_eval\sessions\validation\validation_real_only_01.mp4,259,0.3679339587688446,0.5545671199758847,1,1,91809,503x503
f3net,C:\deepfake_eval\leakfree_eval\sessions\validation\validation_real_only_01.mp4,260,0.9865915179252625,0.5890542700886726,1,1,93636,503x503
f3net,C:\deepfake_eval\leakfree_eval\sessions\validation\validation_real_only_01.mp4,261,0.007310940884053707,0.5486869498466452,1,1,59536,503x503
f3net,C:\deepfake_eval\leakfree_eval\sessions\validation\validation_real_only_01.mp4,262,0.028793372213840485,0.5130450079217553,1,1,58081,503x503
f3net,C:\deepfake_eval\leakfree_eval\sessions\validation\validation_real_only_01.mp4,263,0.011075800284743309,0.47006359429409106,1,1,59536,503x503
f3net,C:\deepfake_eval\leakfree_eval\sessions\validation\validation_real_only_01.mp4,264,0.029874322935938835,0.46523538598169883,1,1,69169,503x503
f3net,C:\deepfake_eval\leakfree_eval\sessions\validation\validation_real_only_01.mp4,265,0.043290670961141586,0.455668150819838,1,1,63504,503x503
f3net,C:\deepfake_eval\leakfree_eval\sessions\validation\validation_real_only_01.mp4,266,0.033879462629556656,0.4024006005997459,1,1,66564,503x503
f3net,C:\deepfake_eval\leakfree_eval\sessions\validation\validation_real_only_01.mp4,267,0.022042525932192802,0.3389173354332646,1,1,61504,503x503
f3net,C:\deepfake_eval\leakfree_eval\sessions\validation\validation_real_only_01.mp4,268,0.03016042895615101,0.2830375876898567,1,1,64009,503x503
f3net,C:\deepfake_eval\leakfree_eval\sessions\validation\validation_real_only_01.mp4,269,0.05310048162937164,0.24341962902496259,1,1,63504,503x503
f3net,C:\deepfake_eval\leakfree_eval\sessions\validation\validation_real_only_01.mp4,270,0.03546890616416931,0.21831949322173994,1,1,63001,503x503
f3net,C:\deepfake_eval\leakfree_eval\sessions\validation\validation_real_only_01.mp4,271,0.009820549748837948,0.1961263593286276,1,1,63001,503x503
f3net,C:\deepfake_eval\leakfree_eval\sessions\validation\validation_real_only_01.mp4,272,0.06948431581258774,0.14302355758845806,1,1,58081,503x503
f3net,C:\deepfake_eval\leakfree_eval\sessions\validation\validation_real_only_01.mp4,273,0.034909166395664215,0.11758242808282375,1,1,68121,503x503
f3net,C:\deepfake_eval\leakfree_eval\sessions\validation\validation_real_only_01.mp4,274,0.016147779300808907,0.09413001611828804,1,1,64009,503x503
f3net,C:\deepfake_eval\leakfree_eval\sessions\validation\validation_real_only_01.mp4,275,0.03053077682852745,0.030392633378505708,1,1,90000,503x503
f3net,C:\deepfake_eval\leakfree_eval\sessions\validation\validation_real_only_01.mp4,276,0.05963155999779701,0.03388067465275526,1,4,56169,503x503
f3net,C:\deepfake_eval\leakfree_eval\sessions\validation\validation_real_only_01.mp4,277,0.43528294563293457,0.060979979547361535,1,4,60516,503x503
f3net,C:\deepfake_eval\leakfree_eval\sessions\validation\validation_real_only_01.mp4,278,0.3064899444580078,0.08067425582557916,1,3,63001,503x503
f3net,C:\deepfake_eval\leakfree_eval\sessions\validation\validation_real_only_01.mp4,279,0.10821807384490967,0.08589717255284389,1,3,63504,503x503
f3net,C:\deepfake_eval\leakfree_eval\sessions\validation\validation_real_only_01.mp4,280,0.2066027820110321,0.09678464662283659,1,1,54289,503x503
f3net,C:\deepfake_eval\leakfree_eval\sessions\validation\validation_real_only_01.mp4,281,0.25223198533058167,0.1113414814695716,1,1,55225,503x503
f3net,C:\deepfake_eval\leakfree_eval\sessions\validation\validation_real_only_01.mp4,282,0.23082491755485535,0.12526030757774909,1,1,63001,503x503
f3net,C:\deepfake_eval\leakfree_eval\sessions\validation\validation_real_only_01.mp4,283,0.3441454768180847,0.14619264410187802,1,1,63504,503x503
f3net,C:\deepfake_eval\leakfree_eval\sessions\validation\validation_real_only_01.mp4,284,0.3233777582645416,0.16421112921088934,1,1,50176,503x503
f3net,C:\deepfake_eval\leakfree_eval\sessions\validation\validation_real_only_01.mp4,285,0.1394980102777481,0.17114640281846125,1,1,59049,503x503
f3net,C:\deepfake_eval\leakfree_eval\sessions\validation\validation_real_only_01.mp4,286,0.08859791606664658,0.17639822723964851,1,1,57121,503x503
f3net,C:\deepfake_eval\leakfree_eval\sessions\validation\validation_real_only_01.mp4,287,0.393441379070282,0.19799536479016144,1,1,58081,503x503
f3net,C:\deepfake_eval\leakfree_eval\sessions\validation\validation_real_only_01.mp4,288,0.30985376238822937,0.21632500452299913,1,1,62500,503x503
f3net,C:\deepfake_eval\leakfree_eval\sessions\validation\validation_real_only_01.mp4,289,0.14563162624835968,0.22495726098616917,1,1,65536,503x503
f3net,C:\deepfake_eval\leakfree_eval\sessions\validation\validation_real_only_01.mp4,290,0.7727917432785034,0.27444132541616756,1,1,60516,503x503
f3net,C:\deepfake_eval\leakfree_eval\sessions\validation\validation_real_only_01.mp4,291,0.3375868499279022,0.2929716780781746,1,1,60516,503x503
f3net,C:\deepfake_eval\leakfree_eval\sessions\validation\validation_real_only_01.mp4,292,0.2884082794189453,0.28318003366390865,1,1,73984,503x503
f3net,C:\deepfake_eval\leakfree_eval\sessions\validation\validation_real_only_01.mp4,293,0.0014894137857481837,0.26284666495242465,1,1,155236,591x591
f3net,C:\deepfake_eval\leakfree_eval\sessions\validation\validation_real_only_01.mp4,294,0.02127291075885296,0.25705032074668754,1,1,154449,589x589
f3net,C:\deepfake_eval\leakfree_eval\sessions\validation\validation_real_only_01.mp4,295,0.009502178058028221,0.24391028048315397,1,1,151321,583x583
f3net,C:\deepfake_eval\leakfree_eval\sessions\validation\validation_real_only_01.mp4,296,0.019963886588811874,0.22842574056703596,1,1,164836,609x609
f3net,C:\deepfake_eval\leakfree_eval\sessions\validation\validation_real_only_01.mp4,297,0.0062436992302536964,0.21345365934539587,1,2,139129,559x559
f3net,C:\deepfake_eval\leakfree_eval\sessions\validation\validation_real_only_01.mp4,298,0.017996463924646378,0.19171039181916663,1,2,145924,573x573
f3net,C:\deepfake_eval\leakfree_eval\sessions\validation\validation_real_only_01.mp4,299,0.002888658083975315,0.1703444518071289,1,1,148996,579x579
f3net,C:\deepfake_eval\leakfree_eval\sessions\validation\validation_real_only_01.mp4,300,0.01090984232723713,0.1617719072770948,1,1,156025,592x592
f3net,C:\deepfake_eval\leakfree_eval\sessions\validation\validation_real_only_01.mp4,301,0.025971947237849236,0.15759684268850832,1,1,159201,598x598
f3net,C:\deepfake_eval\leakfree_eval\sessions\validation\validation_real_only_01.mp4,302,0.006101796869188547,0.1317742038751021,1,1,166464,612x612
f3net,C:\deepfake_eval\leakfree_eval\sessions\validation\validation_real_only_01.mp4,303,0.009886584244668484,0.11177639199886472,1,1,172225,622x622
f3net,C:\deepfake_eval\leakfree_eval\sessions\validation\validation_real_only_01.mp4,304,0.009996813721954823,0.10273407116377105,1,1,163216,606x606
f3net,C:\deepfake_eval\leakfree_eval\sessions\validation\validation_real_only_01.mp4,305,0.014419066719710827,0.052175892726518215,1,1,167281,613x613
f3net,C:\deepfake_eval\leakfree_eval\sessions\validation\validation_real_only_01.mp4,306,0.008045900613069534,0.03020649610552937,1,1,167281,613x613
f3net,C:\deepfake_eval\leakfree_eval\sessions\validation\validation_real_only_01.mp4,307,0.008907699957489967,0.011573124141432346,1,1,167281,613x613
f3net,C:\deepfake_eval\leakfree_eval\sessions\validation\validation_real_only_01.mp4,308,0.005163173191249371,0.011818041435132424,1,1,153664,588x588
f3net,C:\deepfake_eval\leakfree_eval\sessions\validation\validation_real_only_01.mp4,309,0.047392427921295166,0.013559342579295237,1,1,152100,585x585
f3net,C:\deepfake_eval\leakfree_eval\sessions\validation\validation_real_only_01.mp4,310,0.6473931074142456,0.0560854045363764,1,2,73984,503x503
f3net,C:\deepfake_eval\leakfree_eval\sessions\validation\validation_real_only_01.mp4,311,0.050267115235328674,0.058105619779477514,1,2,73984,503x503
f3net,C:\deepfake_eval\leakfree_eval\sessions\validation\validation_real_only_01.mp4,312,0.5246202349662781,0.09266405549521248,1,2,78400,503x503
f3net,C:\deepfake_eval\leakfree_eval\sessions\validation\validation_real_only_01.mp4,313,0.6020166873931885,0.13159873705978195,1,2,75076,503x503
f3net,C:\deepfake_eval\leakfree_eval\sessions\validation\validation_real_only_01.mp4,314,0.7379875183105469,0.18060532774155338,1,2,75076,503x503
f3net,C:\deepfake_eval\leakfree_eval\sessions\validation\validation_real_only_01.mp4,315,0.46198025345802307,0.2106766884836058,1,2,78400,503x503
f3net,C:\deepfake_eval\leakfree_eval\sessions\validation\validation_real_only_01.mp4,316,0.6447339653968811,0.2519274896942079,1,2,74529,503x503
f3net,C:\deepfake_eval\leakfree_eval\sessions\validation\validation_real_only_01.mp4,317,0.7139208316802979,0.29911542534828184,1,1,80656,503x503
f3net,C:\deepfake_eval\leakfree_eval\sessions\validation\validation_real_only_01.mp4,318,0.05775531381368637,0.3023066739862164,1,2,70756,503x503
f3net,C:\deepfake_eval\leakfree_eval\sessions\validation\validation_real_only_01.mp4,319,0.7859474420547485,0.3540367158750693,1,2,73441,503x503
f3net,C:\deepfake_eval\leakfree_eval\sessions\validation\validation_real_only_01.mp4,320,0.6005242466926575,0.3931103945399324,1,2,75625,503x503
f3net,C:\deepfake_eval\leakfree_eval\sessions\validation\validation_real_only_01.mp4,321,0.3240654170513153,0.4141783623024821,1,1,73984,503x503
f3net,C:\deepfake_eval\leakfree_eval\sessions\validation\validation_real_only_01.mp4,322,0.9550420641899109,0.4772539865846435,1,2,74529,503x503
f3net,C:\deepfake_eval\leakfree_eval\sessions\validation\validation_real_only_01.mp4,323,0.20908378064632416,0.4908486937483152,1,2,69169,503x503
f3net,C:\deepfake_eval\leakfree_eval\sessions\validation\validation_real_only_01.mp4,324,0.11561020463705063,0.4953965455293655,1,2,70756,503x503
f3net,C:\deepfake_eval\leakfree_eval\sessions\validation\validation_real_only_01.mp4,325,0.9722825884819031,0.5170558442672094,1,1,72361,503x503
f3net,C:\deepfake_eval\leakfree_eval\sessions\validation\validation_real_only_01.mp4,326,0.906537652015686,0.5741405467192332,1,2,75625,503x503
f3net,C:\deepfake_eval\leakfree_eval\sessions\validation\validation_real_only_01.mp4,327,0.23057103157043457,0.5545372664928436,1,1,64009,503x503
f3net,C:\deepfake_eval\leakfree_eval\sessions\validation\validation_real_only_01.mp4,328,0.057686131447553635,0.5182485627631347,1,2,72361,503x503
f3net,C:\deepfake_eval\leakfree_eval\sessions\validation\validation_real_only_01.mp4,329,0.2846423089504242,0.48802554880579313,1,1,72361,503x503
f3net,C:\deepfake_eval\leakfree_eval\sessions\validation\validation_real_only_01.mp4,330,0.07967709004878998,0.4625386712451776,1,1,73441,503x503
f3net,C:\deepfake_eval\leakfree_eval\sessions\validation\validation_real_only_01.mp4,331,0.25919461250305176,0.4368360477189223,1,1,74529,503x503
f3net,C:\deepfake_eval\leakfree_eval\sessions\validation\validation_real_only_01.mp4,332,0.2659183740615845,0.4069692172110081,1,2,80656,503x503
f3net,C:\deepfake_eval\leakfree_eval\sessions\validation\validation_real_only_01.mp4,333,0.772473931312561,0.4546171250442664,1,1,51984,503x503
f3net,C:\deepfake_eval\leakfree_eval\sessions\validation\validation_real_only_01.mp4,334,0.3329823315143585,0.42441945100824036,1,1,54756,503x503
f3net,C:\deepfake_eval\leakfree_eval\sessions\validation\validation_real_only_01.mp4,335,0.46363332867622375,0.4152933898071448,1,1,45796,503x503
f3net,C:\deepfake_eval\leakfree_eval\sessions\validation\validation_real_only_01.mp4,336,0.20779944956302643,0.40754232530792556,1,1,49284,503x503
f3net,C:\deepfake_eval\leakfree_eval\sessions\validation\validation_real_only_01.mp4,337,0.13569019734859467,0.3529188675185045,1,2,77841,503x503
f3net,C:\deepfake_eval\leakfree_eval\sessions\validation\validation_real_only_01.mp4,338,0.6467238068580627,0.3820948692659537,1,2,70225,503x503
f3net,C:\deepfake_eval\leakfree_eval\sessions\validation\validation_real_only_01.mp4,339,0.5047179460525513,0.4080353853603204,1,1,50625,503x503
f3net,C:\deepfake_eval\leakfree_eval\sessions\validation\validation_real_only_01.mp4,340,0.7022703289985657,0.3900345680614313,1,1,52900,503x503
f3net,C:\deepfake_eval\leakfree_eval\sessions\validation\validation_real_only_01.mp4,341,0.25923052430152893,0.3468807595471541,1,2,73984,503x503
f3net,C:\deepfake_eval\leakfree_eval\sessions\validation\validation_real_only_01.mp4,342,0.12303215265274048,0.3397115009526412,1,2,78961,503x503
f3net,C:\deepfake_eval\leakfree_eval\sessions\validation\validation_real_only_01.mp4,343,0.5970805287361145,0.37567112743854525,1,1,64009,503x503
f3net,C:\deepfake_eval\leakfree_eval\sessions\validation\validation_real_only_01.mp4,344,0.7513701915740967,0.40678631961345674,1,1,59049,503x503
f3net,C:\deepfake_eval\leakfree_eval\sessions\validation\validation_real_only_01.mp4,345,0.7848024964332581,0.4537946800390879,1,1,62500,503x503
f3net,C:\deepfake_eval\leakfree_eval\sessions\validation\validation_real_only_01.mp4,346,0.2231680452823639,0.45139290889104206,1,1,61504,503x503
f3net,C:\deepfake_eval\leakfree_eval\sessions\validation\validation_real_only_01.mp4,347,0.46173563599586487,0.4644473930199941,1,1,61504,503x503
f3net,C:\deepfake_eval\leakfree_eval\sessions\validation\validation_real_only_01.mp4,348,0.06837019324302673,0.4175071438153585,1,1,60025,503x503
f3net,C:\deepfake_eval\leakfree_eval\sessions\validation\validation_real_only_01.mp4,349,0.34555312991142273,0.41834519704182943,1,1,59049,503x503
f3net,C:\deepfake_eval\leakfree_eval\sessions\validation\validation_real_only_01.mp4,350,0.32207781076431274,0.4089081625143687,1,1,63001,503x503
f3net,C:\deepfake_eval\leakfree_eval\sessions\validation\validation_real_only_01.mp4,351,0.03932252153754234,0.39767636731266975,1,1,144400,570x570
f3net,C:\deepfake_eval\leakfree_eval\sessions\validation\validation_real_only_01.mp4,352,0.0299955103546381,0.390630054846406,1,1,142884,567x567
f3net,C:\deepfake_eval\leakfree_eval\sessions\validation\validation_real_only_01.mp4,353,0.001724504167214036,0.3476301013336827,1,1,142884,567x567
f3net,C:\deepfake_eval\leakfree_eval\sessions\validation\validation_real_only_01.mp4,354,0.029972944408655167,0.315980434557423,1,1,139876,561x561
f3net,C:\deepfake_eval\leakfree_eval\sessions\validation\validation_real_only_01.mp4,355,0.00844300352036953,0.26972527952554326,1,1,142129,565x565
f3net,C:\deepfake_eval\leakfree_eval\sessions\validation\validation_real_only_01.mp4,356,0.004535795655101538,0.2527456309491148,1,1,143641,568x568
f3net,C:\deepfake_eval\leakfree_eval\sessions\validation\validation_real_only_01.mp4,357,0.004029516130685806,0.24481212184764445,1,1,141376,564x564
f3net,C:\deepfake_eval\leakfree_eval\sessions\validation\validation_real_only_01.mp4,358,0.0076088388450443745,0.20551400918823978,1,1,149769,580x580
f3net,C:\deepfake_eval\leakfree_eval\sessions\validation\validation_real_only_01.mp4,359,0.8373544216156006,0.2112462911910067,1,2,145924,573x573
f3net,C:\deepfake_eval\leakfree_eval\sessions\validation\validation_real_only_01.mp4,360,0.9682166576385498,0.22347390193802616,1,2,116964,513x513
f3net,C:\deepfake_eval\leakfree_eval\sessions\validation\validation_real_only_01.mp4,361,0.8263373374938965,0.26368518808546165,1,2,155236,591x591
f3net,C:\deepfake_eval\leakfree_eval\sessions\validation\validation_real_only_01.mp4,362,0.9755727052688599,0.2979409927036613,1,1,164025,607x607
f3net,C:\deepfake_eval\leakfree_eval\sessions\validation\validation_real_only_01.mp4,363,0.8428285121917725,0.34957154730024437,1,2,154449,589x589
f3net,C:\deepfake_eval\leakfree_eval\sessions\validation\validation_real_only_01.mp4,364,0.9980329871177673,0.39307020444733404,1,2,139129,559x559
f3net,C:\deepfake_eval\leakfree_eval\sessions\validation\validation_real_only_01.mp4,365,0.9014512896537781,0.43169510303996506,1,1,169744,618x618
f3net,C:\deepfake_eval\leakfree_eval\sessions\validation\validation_real_only_01.mp4,366,0.9029598236083984,0.4892709231780221,1,1,185761,646x646
f3net,C:\deepfake_eval\leakfree_eval\sessions\validation\validation_real_only_01.mp4,367,0.42474234104156494,0.5155873785571505,1,1,168921,616x616
f3net,C:\deepfake_eval\leakfree_eval\sessions\validation\validation_real_only_01.mp4,368,0.7317283153533936,0.5642542993028958,1,1,179776,636x636
f3net,C:\deepfake_eval\leakfree_eval\sessions\validation\validation_real_only_01.mp4,369,0.9859983921051025,0.6279893291493257,1,1,172225,622x622
f3net,C:\deepfake_eval\leakfree_eval\sessions\validation\validation_real_only_01.mp4,370,0.8129852414131165,0.6816254783421755,1,2,146689,574x574
f3net,C:\deepfake_eval\leakfree_eval\sessions\validation\validation_real_only_01.mp4,371,0.994536280632019,0.74762551067397,1,1,141376,564x564
f3net,C:\deepfake_eval\leakfree_eval\sessions\validation\validation_real_only_01.mp4,372,0.8322941064834595,0.8028431500308215,1,1,142884,567x567
f3net,C:\deepfake_eval\leakfree_eval\sessions\validation\validation_real_only_01.mp4,373,0.9981939196586609,0.868882155418396,1,1,134689,550x550
f3net,C:\deepfake_eval\leakfree_eval\sessions\validation\validation_real_only_01.mp4,374,0.1869710087776184,0.8255232612291972,1,1,36864,503x503
f3net,C:\deepfake_eval\leakfree_eval\sessions\validation\validation_real_only_01.mp4,375,0.12568573653697968,0.7693545331557592,1,3,39204,503x503
f3net,C:\deepfake_eval\leakfree_eval\sessions\validation\validation_real_only_01.mp4,376,0.13647516071796417,0.723363721370697,1,2,37249,503x503
f3net,C:\deepfake_eval\leakfree_eval\sessions\validation\validation_real_only_01.mp4,377,0.06004789471626282,0.6623287340005238,1,3,39601,503x503
f3net,C:\deepfake_eval\leakfree_eval\sessions\validation\validation_real_only_01.mp4,378,0.17938238382339478,0.6180989921092988,1,2,32400,503x503
f3net,C:\deepfake_eval\leakfree_eval\sessions\validation\validation_real_only_01.mp4,379,0.31167489290237427,0.5723417858282726,1,2,37249,503x503
f3net,C:\deepfake_eval\leakfree_eval\sessions\validation\validation_real_only_01.mp4,380,0.17938467860221863,0.5242040117581686,1,2,35344,503x503
f3net,C:\deepfake_eval\leakfree_eval\sessions\validation\validation_real_only_01.mp4,381,0.2574109733104706,0.4811674217383067,1,3,35344,503x503
f3net,C:\deepfake_eval\leakfree_eval\sessions\validation\validation_real_only_01.mp4,382,0.28937828540802,0.47214315136273705,1,2,36100,503x503
f3net,C:\deepfake_eval\leakfree_eval\sessions\validation\validation_real_only_01.mp4,383,0.40066230297088623,0.45007208387056985,1,2,220900,705x705
f3net,C:\deepfake_eval\leakfree_eval\sessions\validation\validation_real_only_01.mp4,384,0.8366373777389526,0.4401146829128265,1,3,48841,503x503
f3net,C:\deepfake_eval\leakfree_eval\sessions\validation\validation_real_only_01.mp4,385,0.5299023985862732,0.421242493391037,1,2,36864,503x503
f3net,C:\deepfake_eval\leakfree_eval\sessions\validation\validation_real_only_01.mp4,386,0.3127042055130005,0.37578702171643574,1,4,38025,503x503
f3net,C:\deepfake_eval\leakfree_eval\sessions\validation\validation_real_only_01.mp4,387,0.15577423572540283,0.33068569699923195,1,1,36100,503x503
f3net,C:\deepfake_eval\leakfree_eval\sessions\validation\validation_real_only_01.mp4,388,0.38074320554733276,0.2895223160584768,1,2,38809,503x503
f3net,C:\deepfake_eval\leakfree_eval\sessions\validation\validation_real_only_01.mp4,389,0.233045294880867,0.2925939351320267,1,1,39204,503x503
f3net,C:\deepfake_eval\leakfree_eval\sessions\validation\validation_real_only_01.mp4,390,0.7890141010284424,0.33681582609812416,1,4,39601,503x503
f3net,C:\deepfake_eval\leakfree_eval\sessions\validation\validation_real_only_01.mp4,391,0.04292795807123184,0.33057934592167537,1,1,108900,503x503
f3net,C:\deepfake_eval\leakfree_eval\sessions\validation\validation_real_only_01.mp4,392,0.045310258865356445,0.3295968368649483,1,1,90000,503x503
f3net,C:\deepfake_eval\leakfree_eval\sessions\validation\validation_real_only_01.mp4,393,0.5052074193954468,0.35131850590308505,0,0,,720x720
f3net,C:\deepfake_eval\leakfree_eval\sessions\validation\validation_real_only_01.mp4,394,0.6556089520454407,0.3742474431792895,0,0,,720x720
f3net,C:\deepfake_eval\leakfree_eval\sessions\validation\validation_real_only_01.mp4,395,0.8603198528289795,0.4196431214610736,0,0,,720x720
f3net,C:\deepfake_eval\leakfree_eval\sessions\validation\validation_real_only_01.mp4,396,0.8577945828437805,0.45966869542996086,0,0,,720x720
f3net,C:\deepfake_eval\leakfree_eval\sessions\validation\validation_real_only_01.mp4,397,0.1647479236125946,0.4513600046435992,1,1,38416,503x503
f3net,C:\deepfake_eval\leakfree_eval\sessions\validation\validation_real_only_01.mp4,398,0.12398085743188858,0.43291457494099933,1,1,57121,503x503
f3net,C:\deepfake_eval\leakfree_eval\sessions\validation\validation_real_only_01.mp4,399,0.764558732509613,0.42810933192571005,0,0,,720x720
f3net,C:\deepfake_eval\leakfree_eval\sessions\validation\validation_real_only_01.mp4,400,0.812387228012085,0.44694165388743085,0,0,,720x720
f3net,C:\deepfake_eval\leakfree_eval\sessions\validation\validation_real_only_01.mp4,401,0.8323560953140259,0.4815851132074992,0,0,,720x720
f3net,C:\deepfake_eval\leakfree_eval\sessions\validation\validation_real_only_01.mp4,402,0.05095570161938667,0.4745972109337648,0,0,,720x720
f3net,C:\deepfake_eval\leakfree_eval\sessions\validation\validation_real_only_01.mp4,403,0.8319692611694336,0.5046789479752382,0,0,,720x720
f3net,C:\deepfake_eval\leakfree_eval\sessions\validation\validation_real_only_01.mp4,404,0.8214762210845947,0.54390767638882,0,1,10000,720x720
f3net,C:\deepfake_eval\leakfree_eval\sessions\validation\validation_real_only_01.mp4,405,0.6771389245986938,0.5364493312935035,0,0,,720x720
f3net,C:\deepfake_eval\leakfree_eval\sessions\validation\validation_real_only_01.mp4,406,0.6402045488357544,0.576267770677805,0,0,,720x720
f3net,C:\deepfake_eval\leakfree_eval\sessions\validation\validation_real_only_01.mp4,407,0.6422827243804932,0.6160659350454807,0,0,,720x720
f3net,C:\deepfake_eval\leakfree_eval\sessions\validation\validation_real_only_01.mp4,408,0.5813775062561035,0.6211439408361912,0,0,,720x720
f3net,C:\deepfake_eval\leakfree_eval\sessions\validation\validation_real_only_01.mp4,409,0.16306741535663605,0.5883078383902709,1,2,114244,507x507
f3net,C:\deepfake_eval\leakfree_eval\sessions\validation\validation_real_only_01.mp4,410,0.8493211269378662,0.58757458999753,1,1,131769,544x544
f3net,C:\deepfake_eval\leakfree_eval\sessions\validation\validation_real_only_01.mp4,411,0.7027802467346191,0.5772403009235859,0,0,,720x720
f3net,C:\deepfake_eval\leakfree_eval\sessions\validation\validation_real_only_01.mp4,412,0.08304107934236526,0.5717931779722373,1,1,123904,528x528
f3net,C:\deepfake_eval\leakfree_eval\sessions\validation\validation_real_only_01.mp4,413,0.1647554188966751,0.5745114820698897,1,1,116281,511x511
f3net,C:\deepfake_eval\leakfree_eval\sessions\validation\validation_real_only_01.mp4,414,0.05266057699918747,0.5270516050358613,1,1,114244,507x507
f3net,C:\deepfake_eval\leakfree_eval\sessions\validation\validation_real_only_01.mp4,415,0.4054819941520691,0.49992458944519363,1,1,125316,531x531
f3net,C:\deepfake_eval\leakfree_eval\sessions\validation\validation_real_only_01.mp4,416,0.802067220211029,0.4979053311049938,1,1,112896,504x504
f3net,C:\deepfake_eval\leakfree_eval\sessions\validation\validation_real_only_01.mp4,417,0.4313974976539612,0.5232681175072987,1,1,128164,537x537
f3net,C:\deepfake_eval\leakfree_eval\sessions\validation\validation_real_only_01.mp4,418,0.04957955330610275,0.4711088036497434,1,1,111556,503x503
f3net,C:\deepfake_eval\leakfree_eval\sessions\validation\validation_real_only_01.mp4,419,0.9240784049034119,0.47794894923766457,1,1,114921,508x508
f3net,C:\deepfake_eval\leakfree_eval\sessions\validation\validation_real_only_01.mp4,420,0.15135659277439117,0.442896793782711,1,1,117649,514x514
f3net,C:\deepfake_eval\leakfree_eval\sessions\validation\validation_real_only_01.mp4,421,0.8930831551551819,0.45975536753733953,1,1,119025,517x517
f3net,C:\deepfake_eval\leakfree_eval\sessions\validation\validation_real_only_01.mp4,422,0.37677621841430664,0.44205493380626043,1,1,118336,516x516
f3net,C:\deepfake_eval\leakfree_eval\sessions\validation\validation_real_only_01.mp4,423,0.4311510920524597,0.4320398395260175,0,1,16129,720x720
f3net,C:\deepfake_eval\leakfree_eval\sessions\validation\validation_real_only_01.mp4,424,0.47270554304122925,0.45268238137165706,0,1,17689,720x720
f3net,C:\deepfake_eval\leakfree_eval\sessions\validation\validation_real_only_01.mp4,425,0.4464073181152344,0.4258214607834816,0,1,17161,720x720
f3net,C:\deepfake_eval\leakfree_eval\sessions\validation\validation_real_only_01.mp4,426,0.5005784630775452,0.41234134187301,0,1,25281,720x720
f3net,C:\deepfake_eval\leakfree_eval\sessions\validation\validation_real_only_01.mp4,427,0.4373120367527008,0.4359594057003657,0,1,22201,720x720
f3net,C:\deepfake_eval\leakfree_eval\sessions\validation\validation_real_only_01.mp4,428,0.5478694438934326,0.46150034070014956,0,1,20736,720x720
f3net,C:\deepfake_eval\leakfree_eval\sessions\validation\validation_real_only_01.mp4,429,0.5707390904426575,0.49603890826304753,0,1,19044,720x720
f3net,C:\deepfake_eval\leakfree_eval\sessions\validation\validation_real_only_01.mp4,430,0.4822346568107605,0.5011557524402936,0,1,16641,720x720
f3net,C:\deepfake_eval\leakfree_eval\sessions\validation\validation_real_only_01.mp4,431,0.5714414715766907,0.48578070253133776,0,1,15625,720x720
f3net,C:\deepfake_eval\leakfree_eval\sessions\validation\validation_real_only_01.mp4,432,0.5716622471809387,0.4951316858331362,0,1,16129,720x720
f3net,C:\deepfake_eval\leakfree_eval\sessions\validation\validation_real_only_01.mp4,433,0.5650544762611389,0.5294966806968053,0,1,15876,720x720
f3net,C:\deepfake_eval\leakfree_eval\sessions\validation\validation_real_only_01.mp4,434,0.5702782869338989,0.5059100061655044,0,1,17161,720x720
f3net,C:\deepfake_eval\leakfree_eval\sessions\validation\validation_real_only_01.mp4,435,0.537801206111908,0.5316729803880056,0,1,15876,720x720
f3net,C:\deepfake_eval\leakfree_eval\sessions\validation\validation_real_only_01.mp4,436,0.47863712906837463,0.5040432453155518,0,1,16384,720x720
f3net,C:\deepfake_eval\leakfree_eval\sessions\validation\validation_real_only_01.mp4,437,0.47113439440727234,0.5103337903817494,0,2,25921,720x720
f3net,C:\deepfake_eval\leakfree_eval\sessions\validation\validation_real_only_01.mp4,438,0.5335733890533447,0.5171619435151418,0,1,16641,720x720
f3net,C:\deepfake_eval\leakfree_eval\sessions\validation\validation_real_only_01.mp4,439,0.5300605297088623,0.520985609292984,0,2,15376,720x720
f3net,C:\deepfake_eval\leakfree_eval\sessions\validation\validation_real_only_01.mp4,440,0.5783997774124146,0.5297851065794627,0,2,15376,720x720
f3net,C:\deepfake_eval\leakfree_eval\sessions\validation\validation_real_only_01.mp4,441,0.42643630504608154,0.5248422960440318,0,1,16641,720x720
f3net,C:\deepfake_eval\leakfree_eval\sessions\validation\validation_real_only_01.mp4,442,0.4760839343070984,0.5274270892143249,0,1,17424,720x720
f3net,C:\deepfake_eval\leakfree_eval\sessions\validation\validation_real_only_01.mp4,443,0.34800824522972107,0.5141030093034108,0,1,16900,720x720
f3net,C:\deepfake_eval\leakfree_eval\sessions\validation\validation_real_only_01.mp4,444,0.44447311758995056,0.505685277779897,0,0,,720x720
f3net,C:\deepfake_eval\leakfree_eval\sessions\validation\validation_real_only_01.mp4,445,0.018492255359888077,0.4747691176831722,1,1,107584,503x503
f3net,C:\deepfake_eval\leakfree_eval\sessions\validation\validation_real_only_01.mp4,446,0.01148429699242115,0.4374386393775543,1,1,110889,503x503
f3net,C:\deepfake_eval\leakfree_eval\sessions\validation\validation_real_only_01.mp4,447,0.016894839704036713,0.4004541455457608,1,1,115600,510x510
f3net,C:\deepfake_eval\leakfree_eval\sessions\validation\validation_real_only_01.mp4,448,0.031496234238147736,0.3648835960775614,1,1,116964,513x513
f3net,C:\deepfake_eval\leakfree_eval\sessions\validation\validation_real_only_01.mp4,449,0.006751291919499636,0.3273151297432681,1,1,121104,522x522
f3net,C:\deepfake_eval\leakfree_eval\sessions\validation\validation_real_only_01.mp4,450,0.006768933497369289,0.29191297823563217,1,1,120409,520x520
f3net,C:\deepfake_eval\leakfree_eval\sessions\validation\validation_real_only_01.mp4,451,0.007378429174423218,0.2604957315760354,1,1,133225,547x547
f3net,C:\deepfake_eval\leakfree_eval\sessions\validation\validation_real_only_01.mp4,452,0.019257599487900734,0.23037061191474398,1,1,128881,538x538
f3net,C:\deepfake_eval\leakfree_eval\sessions\validation\validation_real_only_01.mp4,453,0.018859969452023506,0.19605638394132258,1,1,126736,534x534
f3net,C:\deepfake_eval\leakfree_eval\sessions\validation\validation_real_only_01.mp4,454,0.14813967049121857,0.170594993326813,1,1,118336,516x516
f3net,C:\deepfake_eval\leakfree_eval\sessions\validation\validation_real_only_01.mp4,455,0.0245951060205698,0.13367468190069,1,1,130321,541x541
f3net,C:\deepfake_eval\leakfree_eval\sessions\validation\validation_real_only_01.mp4,456,0.12247222661972046,0.11341041000559926,1,1,105625,503x503
f3net,C:\deepfake_eval\leakfree_eval\sessions\validation\validation_real_only_01.mp4,457,0.30927616357803345,0.10228989195699494,1,1,107584,503x503
f3net,C:\deepfake_eval\leakfree_eval\sessions\validation\validation_real_only_01.mp4,458,0.033778078854084015,0.08134121419861913,1,1,100489,503x503
f3net,C:\deepfake_eval\leakfree_eval\sessions\validation\validation_real_only_01.mp4,459,0.013622187077999115,0.0526178188311557,1,1,116964,513x513
f3net,C:\deepfake_eval\leakfree_eval\sessions\validation\validation_real_only_01.mp4,460,0.09259603172540665,0.05755807058885694,1,1,75076,503x503
f3net,C:\deepfake_eval\leakfree_eval\sessions\validation\validation_real_only_01.mp4,461,0.06514483690261841,0.06113543991620342,1,1,84100,503x503
f3net,C:\deepfake_eval\leakfree_eval\sessions\validation\validation_real_only_01.mp4,462,0.0125740272924304,0.06084738575542967,1,1,76176,503x503
f3net,C:\deepfake_eval\leakfree_eval\sessions\validation\validation_real_only_01.mp4,463,0.036698292940855026,0.06119418966894349,1,1,79524,503x503
f3net,C:\deepfake_eval\leakfree_eval\sessions\validation\validation_real_only_01.mp4,464,0.03098420612514019,0.06280971728265286,1,1,78961,503x503
f3net,C:\deepfake_eval\leakfree_eval\sessions\validation\validation_real_only_01.mp4,465,0.02214229293167591,0.06383460791160663,1,1,81225,503x503
f3net,C:\deepfake_eval\leakfree_eval\sessions\validation\validation_real_only_01.mp4,466,0.07131508737802505,0.06809705179184675,1,1,78961,503x503
f3net,C:\deepfake_eval\leakfree_eval\sessions\validation\validation_real_only_01.mp4,467,0.04252084344625473,0.06964793472240369,1,1,75625,503x503
f3net,C:\deepfake_eval\leakfree_eval\sessions\validation\validation_real_only_01.mp4,468,0.16272322833538055,0.07923881864796083,1,1,71289,503x503
f3net,C:\deepfake_eval\leakfree_eval\sessions\validation\validation_real_only_01.mp4,469,0.15989364683628082,0.08002241707096497,1,1,76176,503x503
f3net,C:\deepfake_eval\leakfree_eval\sessions\validation\validation_real_only_01.mp4,470,0.010449985973536968,0.07907940906782945,1,1,153664,588x588
f3net,C:\deepfake_eval\leakfree_eval\sessions\validation\validation_real_only_01.mp4,471,0.05101946368813515,0.0743158915390571,1,1,146689,574x574
f3net,C:\deepfake_eval\leakfree_eval\sessions\validation\validation_real_only_01.mp4,472,0.031266950070858,0.055781943971912065,1,2,144400,570x570
f3net,C:\deepfake_eval\leakfree_eval\sessions\validation\validation_real_only_01.mp4,473,0.008613014593720436,0.05410427302122116,1,1,147456,576x576
f3net,C:\deepfake_eval\leakfree_eval\sessions\validation\validation_real_only_01.mp4,474,0.01389654353260994,0.05412256345152855,1,1,143641,568x568
f3net,C:\deepfake_eval\leakfree_eval\sessions\validation\validation_real_only_01.mp4,475,0.051615744829177856,0.051390544325113294,1,2,150544,582x582
f3net,C:\deepfake_eval\leakfree_eval\sessions\validation\validation_real_only_01.mp4,476,0.01270212046802044,0.04789436322947343,1,2,147456,576x576
f3net,C:\deepfake_eval\leakfree_eval\sessions\validation\validation_real_only_01.mp4,477,0.018935421481728554,0.04831845617542664,1,2,142884,567x567
f3net,C:\deepfake_eval\leakfree_eval\sessions\validation\validation_real_only_01.mp4,478,0.000896237965207547,0.045931652510383475,1,3,146689,574x574
f3net,C:\deepfake_eval\leakfree_eval\sessions\validation\validation_real_only_01.mp4,479,0.13084033131599426,0.05258872752310708,1,2,152881,586x586
f3net,C:\deepfake_eval\leakfree_eval\sessions\validation\validation_real_only_01.mp4,480,0.14287903904914856,0.060637843930938594,1,2,144400,570x570
f3net,C:\deepfake_eval\leakfree_eval\sessions\validation\validation_real_only_01.mp4,481,0.6323456168174744,0.09803987922690188,1,2,152881,586x586
f3net,C:\deepfake_eval\leakfree_eval\sessions\validation\validation_real_only_01.mp4,482,0.008350611664354801,0.09576186377477522,1,2,134689,550x550
f3net,C:\deepfake_eval\leakfree_eval\sessions\validation\validation_real_only_01.mp4,483,0.007479161024093628,0.08541225928735609,1,1,152881,586x586
f3net,C:\deepfake_eval\leakfree_eval\sessions\validation\validation_real_only_01.mp4,484,0.0013740735594183207,0.07484428773556526,1,2,151321,583x583
f3net,C:\deepfake_eval\leakfree_eval\sessions\validation\validation_real_only_01.mp4,485,0.009523142129182816,0.07478249814594165,1,2,150544,582x582
f3net,C:\deepfake_eval\leakfree_eval\sessions\validation\validation_real_only_01.mp4,486,0.002119814744219184,0.07152252154968058,1,2,149769,580x580
f3net,C:\deepfake_eval\leakfree_eval\sessions\validation\validation_real_only_01.mp4,487,0.0034417896531522274,0.06966751085516686,1,1,145161,571x571
f3net,C:\deepfake_eval\leakfree_eval\sessions\validation\validation_real_only_01.mp4,488,0.19652962684631348,0.08219528500533974,1,1,148225,577x577
f3net,C:\deepfake_eval\leakfree_eval\sessions\validation\validation_real_only_01.mp4,489,0.038340553641319275,0.08382488567925368,1,1,153664,588x588
f3net,C:\deepfake_eval\leakfree_eval\sessions\validation\validation_real_only_01.mp4,490,0.021201958879828453,0.08179729994929706,1,1,152881,586x586
f3net,C:\deepfake_eval\leakfree_eval\sessions\validation\validation_real_only_01.mp4,491,0.07181490957736969,0.08573815255658701,1,2,156025,592x592
f3net,C:\deepfake_eval\leakfree_eval\sessions\validation\validation_real_only_01.mp4,492,0.08010046929121017,0.08981582241055246,1,2,162409,604x604
f3net,C:\deepfake_eval\leakfree_eval\sessions\validation\validation_real_only_01.mp4,493,0.008266338147222996,0.09030716242268681,1,1,155236,591x591
f3net,C:\deepfake_eval\leakfree_eval\sessions\validation\validation_real_only_01.mp4,494,0.033271487802267075,0.083802572855105,1,1,77841,503x503
f3net,C:\deepfake_eval\leakfree_eval\sessions\validation\validation_real_only_01.mp4,495,0.024048879742622375,0.07588056223466992,1,1,85849,503x503
f3net,C:\deepfake_eval\leakfree_eval\sessions\validation\validation_real_only_01.mp4,496,0.015102742239832878,0.034731037262827155,1,1,87025,503x503
f3net,C:\deepfake_eval\leakfree_eval\sessions\validation\validation_real_only_01.mp4,497,0.004970924463123083,0.034505724782745044,1,1,76729,503x503
f3net,C:\deepfake_eval\leakfree_eval\sessions\validation\validation_real_only_01.mp4,498,0.016214314848184586,0.03508806837101777,1,1,80656,503x503
f3net,C:\deepfake_eval\leakfree_eval\sessions\validation\validation_real_only_01.mp4,499,0.009716209024190903,0.03564421073533595,1,1,84100,503x503
f3net,C:\deepfake_eval\leakfree_eval\sessions\validation\validation_real_only_01.mp4,500,0.023394471034407616,0.036568965995684266,1,2,105625,503x503
f3net,C:\deepfake_eval\leakfree_eval\sessions\validation\validation_real_only_01.mp4,501,0.01200144737958908,0.03722774150470893,1,2,85849,503x503
f3net,C:\deepfake_eval\leakfree_eval\sessions\validation\validation_real_only_01.mp4,502,0.006369135342538357,0.037422897884001334,1,1,82944,503x503
f3net,C:\deepfake_eval\leakfree_eval\sessions\validation\validation_real_only_01.mp4,503,0.023914216086268425,0.025915203833331665,1,1,82944,503x503
f3net,C:\deepfake_eval\leakfree_eval\sessions\validation\validation_real_only_01.mp4,504,0.03773808479309082,0.025875039243449766,1,2,80656,503x503
f3net,C:\deepfake_eval\leakfree_eval\sessions\validation\validation_real_only_01.mp4,505,0.011062364093959332,0.02519906625772516,1,1,80089,503x503
f3net,C:\deepfake_eval\leakfree_eval\sessions\validation\validation_real_only_01.mp4,506,0.014675390906631947,0.02138976501300931,1,1,80656,503x503
f3net,C:\deepfake_eval\leakfree_eval\sessions\validation\validation_real_only_01.mp4,507,0.0024216496385633945,0.016211177036166192,1,1,81796,503x503
f3net,C:\deepfake_eval\leakfree_eval\sessions\validation\validation_real_only_01.mp4,508,0.8637266159057617,0.07324186222006877,1,1,53361,503x503
f3net,C:\deepfake_eval\leakfree_eval\sessions\validation\validation_real_only_01.mp4,509,0.8055018186569214,0.12472388427704573,1,1,36864,503x503
f3net,C:\deepfake_eval\leakfree_eval\sessions\validation\validation_real_only_01.mp4,510,0.6202200651168823,0.16446862996866304,1,1,33489,503x503
f3net,C:\deepfake_eval\leakfree_eval\sessions\validation\validation_real_only_01.mp4,511,0.821075975894928,0.21820017887900273,1,1,33124,503x503
f3net,C:\deepfake_eval\leakfree_eval\sessions\validation\validation_real_only_01.mp4,512,0.7776721715927124,0.26971359535430867,1,1,38025,503x503
f3net,C:\deepfake_eval\leakfree_eval\sessions\validation\validation_real_only_01.mp4,513,0.6725708842277527,0.31347069997961324,1,1,29929,503x503
f3net,C:\deepfake_eval\leakfree_eval\sessions\validation\validation_real_only_01.mp4,514,0.7240545749664307,0.3610932577090959,1,1,36864,503x503
f3net,C:\deepfake_eval\leakfree_eval\sessions\validation\validation_real_only_01.mp4,515,0.7253281474113464,0.4078888361342251,1,1,37249,503x503
f3net,C:\deepfake_eval\leakfree_eval\sessions\validation\validation_real_only_01.mp4,516,0.6489092707633972,0.45034935769314566,1,1,53824,503x503
f3net,C:\deepfake_eval\leakfree_eval\sessions\validation\validation_real_only_01.mp4,517,0.8188716769218445,0.5045161937984327,1,1,33489,503x503
f3net,C:\deepfake_eval\leakfree_eval\sessions\validation\validation_real_only_01.mp4,518,0.8346112966537476,0.5585626658362647,1,1,35721,503x503
f3net,C:\deepfake_eval\leakfree_eval\sessions\validation\validation_real_only_01.mp4,519,0.8028830289840698,0.6095723287823299,1,1,34596,503x503
f3net,C:\deepfake_eval\leakfree_eval\sessions\validation\validation_real_only_01.mp4,520,0.7976880669593811,0.6620140423066914,1,1,35721,503x503
f3net,C:\deepfake_eval\leakfree_eval\sessions\validation\validation_real_only_01.mp4,521,0.6974402070045471,0.7075316967132191,1,1,30276,503x503
f3net,C:\deepfake_eval\leakfree_eval\sessions\validation\validation_real_only_01.mp4,522,0.8063961267471313,0.7611299951871237,1,1,37249,503x503
f3net,C:\deepfake_eval\leakfree_eval\sessions\validation\validation_real_only_01.mp4,523,0.018839087337255478,0.7048041599492232,1,1,79524,503x503
f3net,C:\deepfake_eval\leakfree_eval\sessions\validation\validation_real_only_01.mp4,524,0.02837464027106762,0.6529956813901663,1,1,81225,503x503
f3net,C:\deepfake_eval\leakfree_eval\sessions\validation\validation_real_only_01.mp4,525,0.050582047551870346,0.6150198135524988,1,1,77284,503x503
f3net,C:\deepfake_eval\leakfree_eval\sessions\validation\validation_real_only_01.mp4,526,0.022315017879009247,0.5617690830181042,1,1,75076,503x503
f3net,C:\deepfake_eval\leakfree_eval\sessions\validation\validation_real_only_01.mp4,527,0.09255637228488922,0.5160946963975827,1,1,78961,503x503
f3net,C:\deepfake_eval\leakfree_eval\sessions\validation\validation_real_only_01.mp4,528,0.02736854925751686,0.473081207399567,1,1,75625,503x503
f3net,C:\deepfake_eval\leakfree_eval\sessions\validation\validation_real_only_01.mp4,529,0.10027658194303513,0.43149600786467396,1,2,72361,503x503
f3net,C:\deepfake_eval\leakfree_eval\sessions\validation\validation_real_only_01.mp4,530,0.06351326406002045,0.3873750156412522,1,2,77841,503x503
f3net,C:\deepfake_eval\leakfree_eval\sessions\validation\validation_real_only_01.mp4,531,0.018977239727973938,0.34537954690555733,1,1,77841,503x503
f3net,C:\deepfake_eval\leakfree_eval\sessions\validation\validation_real_only_01.mp4,532,0.07570304721593857,0.29583497159183025,1,1,80656,503x503
f3net,C:\deepfake_eval\leakfree_eval\sessions\validation\validation_real_only_01.mp4,533,0.052503738552331924,0.24369446771840256,1,1,84100,503x503
f3net,C:\deepfake_eval\leakfree_eval\sessions\validation\validation_real_only_01.mp4,534,0.03397342562675476,0.19243382749458154,1,1,76729,503x503
f3net,C:\deepfake_eval\leakfree_eval\sessions\validation\validation_real_only_01.mp4,535,0.050845928490161896,0.1426443515966336,1,1,76729,503x503
f3net,C:\deepfake_eval\leakfree_eval\sessions\validation\validation_real_only_01.mp4,536,0.10898000001907349,0.10341367113093534,1,1,51076,503x503
f3net,C:\deepfake_eval\leakfree_eval\sessions\validation\validation_real_only_01.mp4,537,0.3601951599121094,0.07366694000860055,1,1,50176,503x503
f3net,C:\deepfake_eval\leakfree_eval\sessions\validation\validation_real_only_01.mp4,538,0.20471644401550293,0.08605876378715038,1,1,53361,503x503
f3net,C:\deepfake_eval\leakfree_eval\sessions\validation\validation_real_only_01.mp4,539,0.418904572725296,0.11209409261743228,1,1,55696,503x503
f3net,C:\deepfake_eval\leakfree_eval\sessions\validation\validation_real_only_01.mp4,540,0.11700307577848434,0.1165221611658732,1,1,54289,503x503
f3net,C:\deepfake_eval\leakfree_eval\sessions\validation\validation_real_only_01.mp4,541,0.1537797898054123,0.1252864792943001,1,1,53824,503x503
f3net,C:\deepfake_eval\leakfree_eval\sessions\validation\validation_real_only_01.mp4,542,0.20355121791362762,0.13268613566954932,1,1,53361,503x503
f3net,C:\deepfake_eval\leakfree_eval\sessions\validation\validation_real_only_01.mp4,543,0.10988430678844452,0.13818718617161116,1,2,55696,503x503
f3net,C:\deepfake_eval\leakfree_eval\sessions\validation\validation_real_only_01.mp4,544,0.11033500730991364,0.13885774786273639,1,1,51076,503x503
f3net,C:\deepfake_eval\leakfree_eval\sessions\validation\validation_real_only_01.mp4,545,0.0391167551279068,0.13723131393392882,1,1,57600,503x503
f3net,C:\deepfake_eval\leakfree_eval\sessions\validation\validation_real_only_01.mp4,546,0.4508286714553833,0.16602140938242277,1,1,30276,503x503
f3net,C:\deepfake_eval\leakfree_eval\sessions\validation\validation_real_only_01.mp4,547,0.21681903302669525,0.17542914176980653,1,2,32041,503x503
f3net,C:\deepfake_eval\leakfree_eval\sessions\validation\validation_real_only_01.mp4,548,0.10192675143480301,0.1787240092953046,1,1,36864,503x503
f3net,C:\deepfake_eval\leakfree_eval\sessions\validation\validation_real_only_01.mp4,549,0.18635264039039612,0.18888262361288072,1,1,31329,503x503
f3net,C:\deepfake_eval\leakfree_eval\sessions\validation\validation_real_only_01.mp4,550,0.27077025175094604,0.20354424516359965,1,1,32761,503x503
f3net,C:\deepfake_eval\leakfree_eval\sessions\validation\validation_real_only_01.mp4,551,0.2094348669052124,0.21024123628934224,1,1,32761,503x503
f3net,C:\deepfake_eval\leakfree_eval\sessions\validation\validation_real_only_01.mp4,552,0.12495581060647964,0.19455861300230026,1,1,33124,503x503
f3net,C:\deepfake_eval\leakfree_eval\sessions\validation\validation_real_only_01.mp4,553,0.20088016986846924,0.19430286139249803,1,1,35344,503x503
f3net,C:\deepfake_eval\leakfree_eval\sessions\validation\validation_real_only_01.mp4,554,0.1616048514842987,0.1771495466430982,1,2,28900,503x503
f3net,C:\deepfake_eval\leakfree_eval\sessions\validation\validation_real_only_01.mp4,555,0.11221213638782501,0.1768301506837209,1,2,32761,503x503
f3net,C:\deepfake_eval\leakfree_eval\sessions\validation\validation_real_only_01.mp4,556,0.12992243468761444,0.17523966034253438,1,1,33124,503x503
f3net,C:\deepfake_eval\leakfree_eval\sessions\validation\validation_real_only_01.mp4,557,0.2102491408586502,0.17568618853886922,1,1,33856,503x503
f3net,C:\deepfake_eval\leakfree_eval\sessions\validation\validation_real_only_01.mp4,558,0.10610577464103699,0.1754342863957087,1,2,33124,503x503
f3net,C:\deepfake_eval\leakfree_eval\sessions\validation\validation_real_only_01.mp4,559,0.1618318110704422,0.17886740664641063,1,1,33489,503x503
f3net,C:\deepfake_eval\leakfree_eval\sessions\validation\validation_real_only_01.mp4,560,0.05803675577044487,0.18012874002257984,1,2,35721,503x503
f3net,C:\deepfake_eval\leakfree_eval\sessions\validation\validation_real_only_01.mp4,561,0.10187503695487976,0.1568651643892129,1,2,32761,503x503
f3net,C:\deepfake_eval\leakfree_eval\sessions\validation\validation_real_only_01.mp4,562,0.13008323311805725,0.15108277772863707,1,1,33489,503x503
f3net,C:\deepfake_eval\leakfree_eval\sessions\validation\validation_real_only_01.mp4,563,0.11013832688331604,0.15163021609187127,1,1,34969,503x503
f3net,C:\deepfake_eval\leakfree_eval\sessions\validation\validation_real_only_01.mp4,564,0.17831581830978394,0.15109442795316377,1,1,33489,503x503
f3net,C:\deepfake_eval\leakfree_eval\sessions\validation\validation_real_only_01.mp4,565,0.24816222488880157,0.14958722616235415,1,2,33124,503x503
f3net,C:\deepfake_eval\leakfree_eval\sessions\validation\validation_real_only_01.mp4,566,0.18399085104465485,0.14789095843831698,1,1,34596,503x503
f3net,C:\deepfake_eval\leakfree_eval\sessions\validation\validation_real_only_01.mp4,567,0.09815152734518051,0.14610400622089703,1,2,33856,503x503
f3net,C:\deepfake_eval\leakfree_eval\sessions\validation\validation_real_only_01.mp4,568,0.11484730988740921,0.1403684822221597,1,2,33124,503x503
f3net,C:\deepfake_eval\leakfree_eval\sessions\validation\validation_real_only_01.mp4,569,0.14072206616401672,0.1389762965341409,1,1,31684,503x503
f3net,C:\deepfake_eval\leakfree_eval\sessions\validation\validation_real_only_01.mp4,570,0.0750858336687088,0.13650120968619983,1,1,32041,503x503
f3net,C:\deepfake_eval\leakfree_eval\sessions\validation\validation_real_only_01.mp4,571,0.20836816728115082,0.14173092519243558,1,3,33489,503x503
f3net,C:\deepfake_eval\leakfree_eval\sessions\validation\validation_real_only_01.mp4,572,0.19893118739128113,0.14097639496127765,1,2,34596,503x503
f3net,C:\deepfake_eval\leakfree_eval\sessions\validation\validation_real_only_01.mp4,573,0.29201874136924744,0.15337059274315834,1,1,34225,503x503
f3net,C:\deepfake_eval\leakfree_eval\sessions\validation\validation_real_only_01.mp4,574,0.19753612577915192,0.15575088039040566,1,2,36100,503x503
f3net,C:\deepfake_eval\leakfree_eval\sessions\validation\validation_real_only_01.mp4,575,0.635463535785675,0.19424599905808768,1,1,148225,577x577
f3net,C:\deepfake_eval\leakfree_eval\sessions\validation\validation_real_only_01.mp4,576,0.8290612697601318,0.24272508124510447,1,1,119716,519x519
f3net,C:\deepfake_eval\leakfree_eval\sessions\validation\validation_real_only_01.mp4,577,0.6240304708480835,0.2756548970937729,1,1,123201,526x526
f3net,C:\deepfake_eval\leakfree_eval\sessions\validation\validation_real_only_01.mp4,578,0.5449913144111633,0.304645096262296,1,1,122500,525x525
f3net,C:\deepfake_eval\leakfree_eval\sessions\validation\validation_real_only_01.mp4,579,0.9875085949897766,0.3585912813742956,1,2,109561,503x503
f3net,C:\deepfake_eval\leakfree_eval\sessions\validation\validation_real_only_01.mp4,580,0.982032835483551,0.40751598874727885,1,1,119025,517x517
f3net,C:\deepfake_eval\leakfree_eval\sessions\validation\validation_real_only_01.mp4,581,0.8510995507240295,0.45198990205923717,1,1,116964,513x513
f3net,C:\deepfake_eval\leakfree_eval\sessions\validation\validation_real_only_01.mp4,582,0.7902218699455261,0.4981279248992602,1,1,129600,540x540
f3net,C:\deepfake_eval\leakfree_eval\sessions\validation\validation_real_only_01.mp4,583,0.6241887807846069,0.5320840229590734,1,1,127449,535x535
f3net,C:\deepfake_eval\leakfree_eval\sessions\validation\validation_real_only_01.mp4,584,0.8514212369918823,0.5794639676809311,1,1,128881,538x538
f3net,C:\deepfake_eval\leakfree_eval\sessions\validation\validation_real_only_01.mp4,585,0.9550144076347351,0.6381258726119995,1,3,110889,503x503
f3net,C:\deepfake_eval\leakfree_eval\sessions\validation\validation_real_only_01.mp4,586,0.8904934525489807,0.6836008916298548,1,2,140625,562x562
f3net,C:\deepfake_eval\leakfree_eval\sessions\validation\validation_real_only_01.mp4,587,0.9802281260490417,0.7356873542070389,1,1,131769,544x544
f3net,C:\deepfake_eval\leakfree_eval\sessions\validation\validation_real_only_01.mp4,588,0.21554003655910492,0.7305887738863627,1,1,124609,529x529
f3net,C:\deepfake_eval\leakfree_eval\sessions\validation\validation_real_only_01.mp4,589,0.9771725535392761,0.7825645357370377,1,2,152100,585x585
f3net,C:\deepfake_eval\leakfree_eval\sessions\validation\validation_real_only_01.mp4,590,0.41316619515419006,0.767744713028272,1,1,162409,604x604
f3net,C:\deepfake_eval\leakfree_eval\sessions\validation\validation_real_only_01.mp4,591,0.5420805811882019,0.7486126671234766,1,1,42849,503x503
f3net,C:\deepfake_eval\leakfree_eval\sessions\validation\validation_real_only_01.mp4,592,0.3808187246322632,0.7323985507090887,1,1,43264,503x503
f3net,C:\deepfake_eval\leakfree_eval\sessions\validation\validation_real_only_01.mp4,593,0.38885754346847534,0.7219896326462428,1,1,42025,503x503
f3net,C:\deepfake_eval\leakfree_eval\sessions\validation\validation_real_only_01.mp4,594,0.4691048562526703,0.6874293833971024,1,1,44100,503x503
f3net,C:\deepfake_eval\leakfree_eval\sessions\validation\validation_real_only_01.mp4,595,0.6585850119590759,0.6658661951621373,1,1,38809,503x503
f3net,C:\deepfake_eval\leakfree_eval\sessions\validation\validation_real_only_01.mp4,596,0.5114077925682068,0.6432200779517492,1,1,44944,503x503
f3net,C:\deepfake_eval\leakfree_eval\sessions\validation\validation_real_only_01.mp4,597,0.6407904028892517,0.6332579801479975,1,1,43264,503x503
f3net,C:\deepfake_eval\leakfree_eval\sessions\validation\validation_real_only_01.mp4,598,0.5945267081260681,0.6312805086374282,1,2,42436,503x503
f3net,C:\deepfake_eval\leakfree_eval\sessions\validation\validation_real_only_01.mp4,599,0.4935902953147888,0.607425112525622,1,1,42436,503x503
f3net,C:\deepfake_eval\leakfree_eval\sessions\validation\validation_fake_only_01.mp4,0,0.6985053420066833,0.6985053420066833,1,1,40804,503x503
f3net,C:\deepfake_eval\leakfree_eval\sessions\validation\validation_fake_only_01.mp4,1,0.6598519682884216,0.6791786551475525,1,1,40804,503x503
f3net,C:\deepfake_eval\leakfree_eval\sessions\validation\validation_fake_only_01.mp4,2,0.7404271960258484,0.6995948354403178,1,1,43264,503x503
f3net,C:\deepfake_eval\leakfree_eval\sessions\validation\validation_fake_only_01.mp4,3,0.8181284666061401,0.7292282432317734,1,1,40804,503x503
f3net,C:\deepfake_eval\leakfree_eval\sessions\validation\validation_fake_only_01.mp4,4,0.79572594165802,0.7425277829170227,1,2,40000,503x503
f3net,C:\deepfake_eval\leakfree_eval\sessions\validation\validation_fake_only_01.mp4,5,0.9734077453613281,0.7810077766577402,1,1,40000,503x503
f3net,C:\deepfake_eval\leakfree_eval\sessions\validation\validation_fake_only_01.mp4,6,0.5846124291419983,0.7529512984412057,1,1,39601,503x503
f3net,C:\deepfake_eval\leakfree_eval\sessions\validation\validation_fake_only_01.mp4,7,0.8672744631767273,0.7672416940331459,1,1,42025,503x503
f3net,C:\deepfake_eval\leakfree_eval\sessions\validation\validation_fake_only_01.mp4,8,0.9215688109397888,0.7843891514672173,1,1,40000,503x503
f3net,C:\deepfake_eval\leakfree_eval\sessions\validation\validation_fake_only_01.mp4,9,0.7724227905273438,0.78319251537323,1,1,40401,503x503
f3net,C:\deepfake_eval\leakfree_eval\sessions\validation\validation_fake_only_01.mp4,10,0.9464787244796753,0.7980367162010886,1,1,41209,503x503
f3net,C:\deepfake_eval\leakfree_eval\sessions\validation\validation_fake_only_01.mp4,11,0.6535216569900513,0.7859937946001688,1,1,40401,503x503
f3net,C:\deepfake_eval\leakfree_eval\sessions\validation\validation_fake_only_01.mp4,12,0.8479111194610596,0.7907566657433143,1,1,41209,503x503
f3net,C:\deepfake_eval\leakfree_eval\sessions\validation\validation_fake_only_01.mp4,13,0.8136522173881531,0.7923920622893742,1,1,39204,503x503
f3net,C:\deepfake_eval\leakfree_eval\sessions\validation\validation_fake_only_01.mp4,14,0.9996296167373657,0.8062078992525736,1,1,202500,675x675
f3net,C:\deepfake_eval\leakfree_eval\sessions\validation\validation_fake_only_01.mp4,15,0.9996930360794067,0.8262870788574219,1,2,198025,667x667
f3net,C:\deepfake_eval\leakfree_eval\sessions\validation\validation_fake_only_01.mp4,16,0.9995777010917664,0.8489354610443115,1,1,173056,624x624
f3net,C:\deepfake_eval\leakfree_eval\sessions\validation\validation_fake_only_01.mp4,17,0.9997627139091492,0.8662244955698649,1,1,194481,661x661
f3net,C:\deepfake_eval\leakfree_eval\sessions\validation\validation_fake_only_01.mp4,18,0.9979609251022339,0.8782133261362711,1,1,227529,715x715
f3net,C:\deepfake_eval\leakfree_eval\sessions\validation\validation_fake_only_01.mp4,19,0.9995920062065125,0.8918043971061707,1,1,207025,682x682
f3net,C:\deepfake_eval\leakfree_eval\sessions\validation\validation_fake_only_01.mp4,20,0.9996421337127686,0.8935533563296,1,1,207025,682x682
f3net,C:\deepfake_eval\leakfree_eval\sessions\validation\validation_fake_only_01.mp4,21,0.9998635053634644,0.9212367614110311,1,1,191844,657x657
f3net,C:\deepfake_eval\leakfree_eval\sessions\validation\validation_fake_only_01.mp4,22,0.999693751335144,0.9300647139549255,1,1,211600,690x690
f3net,C:\deepfake_eval\leakfree_eval\sessions\validation\validation_fake_only_01.mp4,23,0.9998594522476196,0.9352840900421142,1,2,192721,658x658
f3net,C:\deepfake_eval\leakfree_eval\sessions\validation\validation_fake_only_01.mp4,24,0.9997424483299255,0.9504387338956197,1,1,190969,655x655
f3net,C:\deepfake_eval\leakfree_eval\sessions\validation\validation_fake_only_01.mp4,25,0.9990363121032715,0.9539425730705261,1,1,194481,661x661
f3net,C:\deepfake_eval\leakfree_eval\sessions\validation\validation_fake_only_01.mp4,26,0.9997090697288513,0.9770217339197794,1,1,206116,681x681
f3net,C:\deepfake_eval\leakfree_eval\sessions\validation\validation_fake_only_01.mp4,27,0.9990746974945068,0.987099305788676,1,1,214369,694x694
f3net,C:\deepfake_eval\leakfree_eval\sessions\validation\validation_fake_only_01.mp4,28,0.9996904134750366,0.9995018521944682,1,1,215296,696x696
f3net,C:\deepfake_eval\leakfree_eval\sessions\validation\validation_fake_only_01.mp4,29,0.9996753931045532,0.9995049039522806,1,2,198025,667x667
f3net,C:\deepfake_eval\leakfree_eval\sessions\validation\validation_fake_only_01.mp4,30,0.9995453953742981,0.9994950612386068,1,1,187489,649x649
f3net,C:\deepfake_eval\leakfree_eval\sessions\validation\validation_fake_only_01.mp4,31,0.9987213015556335,0.9994379679361979,1,1,186624,648x648
f3net,C:\deepfake_eval\leakfree_eval\sessions\validation\validation_fake_only_01.mp4,32,0.9995279312133789,0.9994223157564799,1,2,201601,673x673
f3net,C:\deepfake_eval\leakfree_eval\sessions\validation\validation_fake_only_01.mp4,33,0.37490761280059814,0.9578854282697041,0,1,20736,720x720
f3net,C:\deepfake_eval\leakfree_eval\sessions\validation\validation_fake_only_01.mp4,34,0.2882554531097412,0.9104629913965862,0,1,18769,720x720
f3net,C:\deepfake_eval\leakfree_eval\sessions\validation\validation_fake_only_01.mp4,35,0.1872703582048416,0.856304873029391,0,2,19321,720x720
f3net,C:\deepfake_eval\leakfree_eval\sessions\validation\validation_fake_only_01.mp4,36,0.20215632021427155,0.8031243940194448,0,2,17956,720x720
f3net,C:\deepfake_eval\leakfree_eval\sessions\validation\validation_fake_only_01.mp4,37,0.2111532837152481,0.7505550295114517,0,1,19044,720x720
f3net,C:\deepfake_eval\leakfree_eval\sessions\validation\validation_fake_only_01.mp4,38,0.17601576447486877,0.6956321169932683,0,1,19881,720x720
f3net,C:\deepfake_eval\leakfree_eval\sessions\validation\validation_fake_only_01.mp4,39,0.23334282636642456,0.6445388088623683,0,1,20449,720x720
f3net,C:\deepfake_eval\leakfree_eval\sessions\validation\validation_fake_only_01.mp4,40,0.2952558100223541,0.5976201087236405,0,1,20736,720x720
f3net,C:\deepfake_eval\leakfree_eval\sessions\validation\validation_fake_only_01.mp4,41,0.3335183560848236,0.5532073944807052,0,1,22500,720x720
f3net,C:\deepfake_eval\leakfree_eval\sessions\validation\validation_fake_only_01.mp4,42,0.23728172481060028,0.5024211963017782,0,2,19600,720x720
f3net,C:\deepfake_eval\leakfree_eval\sessions\validation\validation_fake_only_01.mp4,43,0.22530174255371094,0.4507952849070231,0,1,19321,720x720
f3net,C:\deepfake_eval\leakfree_eval\sessions\validation\validation_fake_only_01.mp4,44,0.1916557252407074,0.3969273070494334,0,1,20449,720x720
f3net,C:\deepfake_eval\leakfree_eval\sessions\validation\validation_fake_only_01.mp4,45,0.3043679893016815,0.3505821466445923,0,1,20736,720x720
f3net,C:\deepfake_eval\leakfree_eval\sessions\validation\validation_fake_only_01.mp4,46,0.25759634375572205,0.3011738161245982,0,1,20164,720x720
f3net,C:\deepfake_eval\leakfree_eval\sessions\validation\validation_fake_only_01.mp4,47,0.2830612063407898,0.2534093677997589,0,2,18496,720x720
f3net,C:\deepfake_eval\leakfree_eval\sessions\validation\validation_fake_only_01.mp4,48,0.23286709189414978,0.24393999973932903,0,1,19881,720x720
f3net,C:\deepfake_eval\leakfree_eval\sessions\validation\validation_fake_only_01.mp4,49,0.15540754795074463,0.23508347272872926,0,1,18225,720x720
f3net,C:\deepfake_eval\leakfree_eval\sessions\validation\validation_fake_only_01.mp4,50,0.09316544234752655,0.2288098116715749,1,1,126736,534x534
f3net,C:\deepfake_eval\leakfree_eval\sessions\validation\validation_fake_only_01.mp4,51,0.21379654109477997,0.22958582639694214,1,1,136161,553x553
f3net,C:\deepfake_eval\leakfree_eval\sessions\validation\validation_fake_only_01.mp4,52,0.24884384870529175,0.2320985307296117,1,1,133956,549x549
f3net,C:\deepfake_eval\leakfree_eval\sessions\validation\validation_fake_only_01.mp4,53,0.9826140999794006,0.2858717530965805,1,1,139876,561x561
f3net,C:\deepfake_eval\leakfree_eval\sessions\validation\validation_fake_only_01.mp4,54,0.47095832228660583,0.3017127861579259,1,1,133956,549x549
f3net,C:\deepfake_eval\leakfree_eval\sessions\validation\validation_fake_only_01.mp4,55,0.020478032529354095,0.2833942676583926,1,1,136161,553x553
f3net,C:\deepfake_eval\leakfree_eval\sessions\validation\validation_fake_only_01.mp4,56,0.03819189593195915,0.26370583698153494,1,1,139876,561x561
f3net,C:\deepfake_eval\leakfree_eval\sessions\validation\validation_fake_only_01.mp4,57,0.7107481360435486,0.29527026439706483,1,1,137641,556x556
f3net,C:\deepfake_eval\leakfree_eval\sessions\validation\validation_fake_only_01.mp4,58,0.2763248682022095,0.29867180610696475,1,1,161604,603x603
f3net,C:\deepfake_eval\leakfree_eval\sessions\validation\validation_fake_only_01.mp4,59,0.016247788444161415,0.2869779436538617,1,1,151321,583x583
f3net,C:\deepfake_eval\leakfree_eval\sessions\validation\validation_fake_only_01.mp4,60,0.44969063997268677,0.296666120365262,0,1,6241,720x720
f3net,C:\deepfake_eval\leakfree_eval\sessions\validation\validation_fake_only_01.mp4,61,0.5505428910255432,0.3161958901832501,0,1,11449,720x720
f3net,C:\deepfake_eval\leakfree_eval\sessions\validation\validation_fake_only_01.mp4,62,0.6383118629455566,0.33987926729023454,0,1,19044,720x720
f3net,C:\deepfake_eval\leakfree_eval\sessions\validation\validation_fake_only_01.mp4,63,0.585625946521759,0.3633965242654085,0,1,20164,720x720
f3net,C:\deepfake_eval\leakfree_eval\sessions\validation\validation_fake_only_01.mp4,64,0.5771441459655762,0.39151229746639726,0,1,19600,720x720
f3net,C:\deepfake_eval\leakfree_eval\sessions\validation\validation_fake_only_01.mp4,65,0.5720669031143188,0.42343906151751676,0,1,21025,720x720
f3net,C:\deepfake_eval\leakfree_eval\sessions\validation\validation_fake_only_01.mp4,66,0.5859842300415039,0.44825157411396505,0,1,21609,720x720
f3net,C:\deepfake_eval\leakfree_eval\sessions\validation\validation_fake_only_01.mp4,67,0.5411787629127502,0.46774056839446226,0,1,20449,720x720
f3net,C:\deepfake_eval\leakfree_eval\sessions\validation\validation_fake_only_01.mp4,68,0.5915259122848511,0.44166802254815896,0,1,20736,720x720
f3net,C:\deepfake_eval\leakfree_eval\sessions\validation\validation_fake_only_01.mp4,69,0.4724057614803314,0.44176451849440734,0,1,20449,720x720
f3net,C:\deepfake_eval\leakfree_eval\sessions\validation\validation_fake_only_01.mp4,70,0.5495967864990234,0.4770391020923853,0,1,20736,720x720
f3net,C:\deepfake_eval\leakfree_eval\sessions\validation\validation_fake_only_01.mp4,71,0.6767845749855042,0.5196119473626216,0,1,22801,720x720
f3net,C:\deepfake_eval\leakfree_eval\sessions\validation\validation_fake_only_01.mp4,72,0.8423306345939636,0.5283841139326493,1,1,28900,503x503
f3net,C:\deepfake_eval\leakfree_eval\sessions\validation\validation_fake_only_01.mp4,73,0.8015238046646118,0.5633973763634761,1,2,30625,503x503
f3net,C:\deepfake_eval\leakfree_eval\sessions\validation\validation_fake_only_01.mp4,74,0.5782351493835449,0.6008632004261016,0,2,18225,720x720
f3net,C:\deepfake_eval\leakfree_eval\sessions\validation\validation_fake_only_01.mp4,75,0.7976504564285278,0.6240605215231577,1,3,30976,503x503
f3net,C:\deepfake_eval\leakfree_eval\sessions\validation\validation_fake_only_01.mp4,76,0.5743366479873657,0.6256467719872792,0,3,18769,720x720
f3net,C:\deepfake_eval\leakfree_eval\sessions\validation\validation_fake_only_01.mp4,77,0.8441058397293091,0.6393663704395294,1,3,33856,503x503
f3net,C:\deepfake_eval\leakfree_eval\sessions\validation\validation_fake_only_01.mp4,78,0.8365634083747864,0.6560955345630646,1,3,32761,503x503
f3net,C:\deepfake_eval\leakfree_eval\sessions\validation\validation_fake_only_01.mp4,79,0.6048283576965332,0.6579411486784618,0,3,20736,720x720
f3net,C:\deepfake_eval\leakfree_eval\sessions\validation\validation_fake_only_01.mp4,80,0.6248250007629395,0.6614583551883697,0,2,26244,720x720
f3net,C:\deepfake_eval\leakfree_eval\sessions\validation\validation_fake_only_01.mp4,81,0.6002250909805298,0.6624077459176382,0,2,22500,720x720
f3net,C:\deepfake_eval\leakfree_eval\sessions\validation\validation_fake_only_01.mp4,82,0.5626454949378967,0.6638388613859812,0,1,20736,720x720
f3net,C:\deepfake_eval\leakfree_eval\sessions\validation\validation_fake_only_01.mp4,83,0.71793532371521,0.6722661554813385,1,2,31684,503x503
f3net,C:\deepfake_eval\leakfree_eval\sessions\validation\validation_fake_only_01.mp4,84,0.823324978351593,0.6956607699394226,1,2,32761,503x503
f3net,C:\deepfake_eval\leakfree_eval\sessions\validation\validation_fake_only_01.mp4,85,0.7237639427185059,0.7072719136873881,1,2,29241,503x503
f3net,C:\deepfake_eval\leakfree_eval\sessions\validation\validation_fake_only_01.mp4,86,0.4893497824668884,0.6947762608528137,1,1,41209,503x503
f3net,C:\deepfake_eval\leakfree_eval\sessions\validation\validation_fake_only_01.mp4,87,0.4798920154571533,0.670613686243693,1,1,37636,503x503
f3net,C:\deepfake_eval\leakfree_eval\sessions\validation\validation_fake_only_01.mp4,88,0.5885419845581055,0.6564148982365926,1,2,39601,503x503
f3net,C:\deepfake_eval\leakfree_eval\sessions\validation\validation_fake_only_01.mp4,89,0.4771665334701538,0.6496769905090332,1,1,37249,503x503
f3net,C:\deepfake_eval\leakfree_eval\sessions\validation\validation_fake_only_01.mp4,90,0.5857310891151428,0.6355490326881409,1,1,39601,503x503
f3net,C:\deepfake_eval\leakfree_eval\sessions\validation\validation_fake_only_01.mp4,91,0.4427281618118286,0.6267751336097718,1,1,36864,503x503
f3net,C:\deepfake_eval\leakfree_eval\sessions\validation\validation_fake_only_01.mp4,92,0.5941634774208069,0.6101123094558716,1,1,39204,503x503
f3net,C:\deepfake_eval\leakfree_eval\sessions\validation\validation_fake_only_01.mp4,93,0.5857683420181274,0.5933926383654277,1,1,38809,503x503
f3net,C:\deepfake_eval\leakfree_eval\sessions\validation\validation_fake_only_01.mp4,94,0.5338466167449951,0.5886605223019917,1,1,37249,503x503
f3net,C:\deepfake_eval\leakfree_eval\sessions\validation\validation_fake_only_01.mp4,95,0.5391964316368103,0.5829519510269165,1,2,38025,503x503
f3net,C:\deepfake_eval\leakfree_eval\sessions\validation\validation_fake_only_01.mp4,96,0.5553070902824402,0.5799574176470439,1,1,38416,503x503
f3net,C:\deepfake_eval\leakfree_eval\sessions\validation\validation_fake_only_01.mp4,97,0.5715281367301941,0.5805495937665304,1,1,39601,503x503
f3net,C:\deepfake_eval\leakfree_eval\sessions\validation\validation_fake_only_01.mp4,98,0.9992749094963074,0.5993055661519369,1,1,94249,503x503
f3net,C:\deepfake_eval\leakfree_eval\sessions\validation\validation_fake_only_01.mp4,99,0.9827819466590881,0.6099360307057698,1,1,82369,503x503
f3net,C:\deepfake_eval\leakfree_eval\sessions\validation\validation_fake_only_01.mp4,100,0.9884117245674133,0.6275792161623637,1,2,86436,503x503
f3net,C:\deepfake_eval\leakfree_eval\sessions\validation\validation_fake_only_01.mp4,101,0.9961985945701599,0.6613691369692485,1,1,90601,503x503
f3net,C:\deepfake_eval\leakfree_eval\sessions\validation\validation_fake_only_01.mp4,102,0.9605212807655334,0.6934110879898071,1,1,82369,503x503
f3net,C:\deepfake_eval\leakfree_eval\sessions\validation\validation_fake_only_01.mp4,103,0.993645191192627,0.7204179684321086,1,1,81796,503x503
f3net,C:\deepfake_eval\leakfree_eval\sessions\validation\validation_fake_only_01.mp4,104,0.9615350961685181,0.7527092059453329,1,1,85264,503x503
f3net,C:\deepfake_eval\leakfree_eval\sessions\validation\validation_fake_only_01.mp4,105,0.9314550757408142,0.7757574717203776,1,1,91809,503x503
f3net,C:\deepfake_eval\leakfree_eval\sessions\validation\validation_fake_only_01.mp4,106,0.9965757727622986,0.8126806457837422,1,1,86436,503x503
f3net,C:\deepfake_eval\leakfree_eval\sessions\validation\validation_fake_only_01.mp4,107,0.978750467300415,0.8383197784423828,1,1,85849,503x503
f3net,C:\deepfake_eval\leakfree_eval\sessions\validation\validation_fake_only_01.mp4,108,0.9997144341468811,0.8659161845842998,1,1,82369,503x503
f3net,C:\deepfake_eval\leakfree_eval\sessions\validation\validation_fake_only_01.mp4,109,0.9991642236709595,0.8969373583793641,1,1,78400,503x503
f3net,C:\deepfake_eval\leakfree_eval\sessions\validation\validation_fake_only_01.mp4,110,0.9996788501739502,0.92763618628184,1,1,78961,503x503
f3net,C:\deepfake_eval\leakfree_eval\sessions\validation\validation_fake_only_01.mp4,111,0.9956430196762085,0.9569919149080912,1,1,77284,503x503
f3net,C:\deepfake_eval\leakfree_eval\sessions\validation\validation_fake_only_01.mp4,112,0.9999109506607056,0.9855507691701253,1,1,73984,503x503
f3net,C:\deepfake_eval\leakfree_eval\sessions\validation\validation_fake_only_01.mp4,113,0.999752938747406,0.9855826377868653,1,1,81796,503x503
f3net,C:\deepfake_eval\leakfree_eval\sessions\validation\validation_fake_only_01.mp4,114,0.9998704195022583,0.9867218693097433,1,1,77284,503x503
f3net,C:\deepfake_eval\leakfree_eval\sessions\validation\validation_fake_only_01.mp4,115,0.9998989105224609,0.9874876817067464,1,1,78961,503x503
f3net,C:\deepfake_eval\leakfree_eval\sessions\validation\validation_fake_only_01.mp4,116,0.9985186457633972,0.9876423517862956,1,1,74529,503x503
f3net,C:\deepfake_eval\leakfree_eval\sessions\validation\validation_fake_only_01.mp4,117,0.993351936340332,0.9898310621579488,1,1,69696,503x503
f3net,C:\deepfake_eval\leakfree_eval\sessions\validation\validation_fake_only_01.mp4,118,0.32017120718955994,0.9449327965577443,0,1,13924,720x720
f3net,C:\deepfake_eval\leakfree_eval\sessions\validation\validation_fake_only_01.mp4,119,0.17530721426010132,0.8925176044305165,0,1,15376,720x720
f3net,C:\deepfake_eval\leakfree_eval\sessions\validation\validation_fake_only_01.mp4,120,0.2240632176399231,0.8453581472237904,0,1,16641,720x720
f3net,C:\deepfake_eval\leakfree_eval\sessions\validation\validation_fake_only_01.mp4,121,0.40740451216697693,0.8060800631841024,0,1,15876,720x720
f3net,C:\deepfake_eval\leakfree_eval\sessions\validation\validation_fake_only_01.mp4,122,0.09837418794631958,0.7473883112271626,0,1,12769,720x720
f3net,C:\deepfake_eval\leakfree_eval\sessions\validation\validation_fake_only_01.mp4,123,0.2156773805618286,0.6951191743214925,0,1,14641,720x720
f3net,C:\deepfake_eval\leakfree_eval\sessions\validation\validation_fake_only_01.mp4,124,0.30223891139030457,0.6486574868361156,0,1,14641,720x720
f3net,C:\deepfake_eval\leakfree_eval\sessions\validation\validation_fake_only_01.mp4,125,0.290778785943985,0.6013974825541178,0,1,17956,720x720
f3net,C:\deepfake_eval\leakfree_eval\sessions\validation\validation_fake_only_01.mp4,126,0.35870203375816345,0.5589347501595815,0,1,15625,720x720
f3net,C:\deepfake_eval\leakfree_eval\sessions\validation\validation_fake_only_01.mp4,127,0.22452576458454132,0.5072424044211705,0,1,16129,720x720
f3net,C:\deepfake_eval\leakfree_eval\sessions\validation\validation_fake_only_01.mp4,128,0.38701242208480835,0.46639303664366405,0,1,19321,720x720
f3net,C:\deepfake_eval\leakfree_eval\sessions\validation\validation_fake_only_01.mp4,129,0.2434110790491104,0.4159624139467875,0,1,17956,720x720
f3net,C:\deepfake_eval\leakfree_eval\sessions\validation\validation_fake_only_01.mp4,130,0.20915421843528748,0.36324610114097594,0,1,15876,720x720
f3net,C:\deepfake_eval\leakfree_eval\sessions\validation\validation_fake_only_01.mp4,131,0.10754640400409698,0.30384795169035594,0,1,14161,720x720
f3net,C:\deepfake_eval\leakfree_eval\sessions\validation\validation_fake_only_01.mp4,132,0.36677902936935425,0.2620764245589574,0,0,,720x720
f3net,C:\deepfake_eval\leakfree_eval\sessions\validation\validation_fake_only_01.mp4,133,0.41754525899887085,0.26856802801291146,0,1,18225,720x720
f3net,C:\deepfake_eval\leakfree_eval\sessions\validation\validation_fake_only_01.mp4,134,0.46816104650497437,0.28809161682923634,0,1,12544,720x720
f3net,C:\deepfake_eval\leakfree_eval\sessions\validation\validation_fake_only_01.mp4,135,0.3683902323246002,0.2977134178082148,0,0,,720x720
f3net,C:\deepfake_eval\leakfree_eval\sessions\validation\validation_fake_only_01.mp4,136,0.22319269180297852,0.2854326297839483,0,1,14641,720x720
f3net,C:\deepfake_eval\leakfree_eval\sessions\validation\validation_fake_only_01.mp4,137,0.15688252449035645,0.2893331855535507,0,1,14400,720x720
f3net,C:\deepfake_eval\leakfree_eval\sessions\validation\validation_fake_only_01.mp4,138,0.19215813279151917,0.28776523570219675,0,1,15876,720x720
f3net,C:\deepfake_eval\leakfree_eval\sessions\validation\validation_fake_only_01.mp4,139,0.23503057658672333,0.28328468004862467,0,0,,720x720
f3net,C:\deepfake_eval\leakfree_eval\sessions\validation\validation_fake_only_01.mp4,140,0.2654409110546112,0.28159548838933307,0,1,17424,720x720
f3net,C:\deepfake_eval\leakfree_eval\sessions\validation\validation_fake_only_01.mp4,141,0.14958760142326355,0.2676545262336731,0,1,13924,720x720
f3net,C:\deepfake_eval\leakfree_eval\sessions\validation\validation_fake_only_01.mp4,142,0.19242312014102936,0.26551434993743894,0,1,15625,720x720
f3net,C:\deepfake_eval\leakfree_eval\sessions\validation\validation_fake_only_01.mp4,143,0.7004544734954834,0.2864104866981506,1,1,51076,503x503
f3net,C:\deepfake_eval\leakfree_eval\sessions\validation\validation_fake_only_01.mp4,144,0.9824042916297913,0.335676700870196,1,1,49729,503x503
f3net,C:\deepfake_eval\leakfree_eval\sessions\validation\validation_fake_only_01.mp4,145,0.9868494272232056,0.3875230481227239,1,1,50625,503x503
f3net,C:\deepfake_eval\leakfree_eval\sessions\validation\validation_fake_only_01.mp4,146,0.9848516583442688,0.44601006507873536,1,1,48400,503x503
f3net,C:\deepfake_eval\leakfree_eval\sessions\validation\validation_fake_only_01.mp4,147,0.7919901609420776,0.47435747385025023,1,2,47089,503x503
f3net,C:\deepfake_eval\leakfree_eval\sessions\validation\validation_fake_only_01.mp4,148,0.9456043243408203,0.5095614115397136,1,1,48841,503x503
f3net,C:\deepfake_eval\leakfree_eval\sessions\validation\validation_fake_only_01.mp4,149,0.644413411617279,0.5213115692138672,1,1,47089,503x503
f3net,C:\deepfake_eval\leakfree_eval\sessions\validation\validation_fake_only_01.mp4,150,0.8329346179962158,0.5522811949253082,1,1,45796,503x503
f3net,C:\deepfake_eval\leakfree_eval\sessions\validation\validation_fake_only_01.mp4,151,0.8336238265037537,0.5929766039053599,1,1,46656,503x503
f3net,C:\deepfake_eval\leakfree_eval\sessions\validation\validation_fake_only_01.mp4,152,0.8064407706260681,0.636280486981074,1,1,49729,503x503
f3net,C:\deepfake_eval\leakfree_eval\sessions\validation\validation_fake_only_01.mp4,153,0.46753665804862976,0.6546390553315481,1,1,46656,503x503
f3net,C:\deepfake_eval\leakfree_eval\sessions\validation\validation_fake_only_01.mp4,154,0.18870458006858826,0.6515506555636724,1,1,44100,503x503
f3net,C:\deepfake_eval\leakfree_eval\sessions\validation\validation_fake_only_01.mp4,155,0.42331022024154663,0.6620752761761347,1,1,43264,503x503
f3net,C:\deepfake_eval\leakfree_eval\sessions\validation\validation_fake_only_01.mp4,156,0.4075832962989807,0.6792749891678492,0,3,13225,720x720
f3net,C:\deepfake_eval\leakfree_eval\sessions\validation\validation_fake_only_01.mp4,157,0.42161476612091064,0.6945544322331746,0,2,14400,720x720
f3net,C:\deepfake_eval\leakfree_eval\sessions\validation\validation_fake_only_01.mp4,158,0.421709805727005,0.6759714543819427,0,1,13456,720x720
f3net,C:\deepfake_eval\leakfree_eval\sessions\validation\validation_fake_only_01.mp4,159,0.5279293656349182,0.6456731259822845,0,1,12321,720x720
f3net,C:\deepfake_eval\leakfree_eval\sessions\validation\validation_fake_only_01.mp4,160,0.4272926151752472,0.6083693385124207,0,1,17161,720x720
f3net,C:\deepfake_eval\leakfree_eval\sessions\validation\validation_fake_only_01.mp4,161,0.3169947862625122,0.5638455470403035,0,1,20449,720x720
f3net,C:\deepfake_eval\leakfree_eval\sessions\validation\validation_fake_only_01.mp4,162,0.5223209857940674,0.5458676020304362,0,0,,720x720
f3net,C:\deepfake_eval\leakfree_eval\sessions\validation\validation_fake_only_01.mp4,163,0.39608171582221985,0.5092327614625295,0,0,,720x720
f3net,C:\deepfake_eval\leakfree_eval\sessions\validation\validation_fake_only_01.mp4,164,0.5626922845840454,0.5037846863269806,0,1,14641,720x720
f3net,C:\deepfake_eval\leakfree_eval\sessions\validation\validation_fake_only_01.mp4,165,0.46145251393318176,0.4790192127227783,0,1,14161,720x720
f3net,C:\deepfake_eval\leakfree_eval\sessions\validation\validation_fake_only_01.mp4,166,0.48680514097213745,0.4558979670206706,1,2,193600,660x660
f3net,C:\deepfake_eval\leakfree_eval\sessions\validation\validation_fake_only_01.mp4,167,0.517875611782074,0.4366602897644043,1,2,186624,648x648
f3net,C:\deepfake_eval\leakfree_eval\sessions\validation\validation_fake_only_01.mp4,168,0.4734105169773102,0.43705188035964965,1,2,182329,640x640
f3net,C:\deepfake_eval\leakfree_eval\sessions\validation\validation_fake_only_01.mp4,169,0.6474360823631287,0.467633980512619,1,1,50625,503x503
f3net,C:\deepfake_eval\leakfree_eval\sessions\validation\validation_fake_only_01.mp4,170,0.6071895360946655,0.4798926015694936,1,1,40401,503x503
f3net,C:\deepfake_eval\leakfree_eval\sessions\validation\validation_fake_only_01.mp4,171,0.46894270181655884,0.48398322860399884,1,1,33489,503x503
f3net,C:\deepfake_eval\leakfree_eval\sessions\validation\validation_fake_only_01.mp4,172,0.8165492415428162,0.5103121936321259,1,1,51529,503x503
f3net,C:\deepfake_eval\leakfree_eval\sessions\validation\validation_fake_only_01.mp4,173,0.6749792098999023,0.5271968205769857,1,2,47089,503x503
f3net,C:\deepfake_eval\leakfree_eval\sessions\validation\validation_fake_only_01.mp4,174,0.45042988657951355,0.5220301886399586,1,2,36481,503x503
f3net,C:\deepfake_eval\leakfree_eval\sessions\validation\validation_fake_only_01.mp4,175,0.47659677267074585,0.5253171324729919,1,3,193600,660x660
f3net,C:\deepfake_eval\leakfree_eval\sessions\validation\validation_fake_only_01.mp4,176,0.6281332969665527,0.5460596998532613,1,2,40401,503x503
f3net,C:\deepfake_eval\leakfree_eval\sessions\validation\validation_fake_only_01.mp4,177,0.48751959204673767,0.5437396069367727,1,2,193600,660x660
f3net,C:\deepfake_eval\leakfree_eval\sessions\validation\validation_fake_only_01.mp4,178,0.4522867500782013,0.5474866092205047,1,1,49284,503x503
f3net,C:\deepfake_eval\leakfree_eval\sessions\validation\validation_fake_only_01.mp4,179,0.49404022097587585,0.5429098049799601,1,3,193600,660x660
f3net,C:\deepfake_eval\leakfree_eval\sessions\validation\validation_fake_only_01.mp4,180,0.4490605592727661,0.5420836746692658,1,1,51529,503x503
f3net,C:\deepfake_eval\leakfree_eval\sessions\validation\validation_fake_only_01.mp4,181,0.7086372375488281,0.5568724811077118,1,2,43681,503x503
f3net,C:\deepfake_eval\leakfree_eval\sessions\validation\validation_fake_only_01.mp4,182,0.7559748291969299,0.5727457622687022,1,1,41616,503x503
f3net,C:\deepfake_eval\leakfree_eval\sessions\validation\validation_fake_only_01.mp4,183,0.5877235531806946,0.5803666313489279,1,1,42025,503x503
f3net,C:\deepfake_eval\leakfree_eval\sessions\validation\validation_fake_only_01.mp4,184,0.500149130821228,0.5705475012461344,1,2,40401,503x503
f3net,C:\deepfake_eval\leakfree_eval\sessions\validation\validation_fake_only_01.mp4,185,0.34019580483436584,0.5527479191621144,1,1,48400,503x503
f3net,C:\deepfake_eval\leakfree_eval\sessions\validation\validation_fake_only_01.mp4,186,0.49845385551452637,0.5547153294086457,1,1,43264,503x503
f3net,C:\deepfake_eval\leakfree_eval\sessions\validation\validation_fake_only_01.mp4,187,0.8129957318305969,0.5544784287611644,1,1,54289,503x503
f3net,C:\deepfake_eval\leakfree_eval\sessions\validation\validation_fake_only_01.mp4,188,0.7101010680198669,0.556819885969162,1,2,40000,503x503
f3net,C:\deepfake_eval\leakfree_eval\sessions\validation\validation_fake_only_01.mp4,189,0.6609172821044922,0.5708523790041605,1,1,40000,503x503
f3net,C:\deepfake_eval\leakfree_eval\sessions\validation\validation_fake_only_01.mp4,190,0.40726086497306824,0.5662299851576488,1,2,40000,503x503
f3net,C:\deepfake_eval\leakfree_eval\sessions\validation\validation_fake_only_01.mp4,191,0.48003196716308594,0.5563565631707509,1,1,40401,503x503
f3net,C:\deepfake_eval\leakfree_eval\sessions\validation\validation_fake_only_01.mp4,192,0.6187253594398499,0.5651036143302918,1,2,41209,503x503
f3net,C:\deepfake_eval\leakfree_eval\sessions\validation\validation_fake_only_01.mp4,193,0.6486489772796631,0.5781944294770559,1,2,43264,503x503
f3net,C:\deepfake_eval\leakfree_eval\sessions\validation\validation_fake_only_01.mp4,194,0.8270978331565857,0.6003982702891032,1,3,43681,503x503
f3net,C:\deepfake_eval\leakfree_eval\sessions\validation\validation_fake_only_01.mp4,195,0.7989044189453125,0.6237211942672729,1,3,41616,503x503
f3net,C:\deepfake_eval\leakfree_eval\sessions\validation\validation_fake_only_01.mp4,196,0.9280678033828735,0.6383498986562093,1,3,42849,503x503
f3net,C:\deepfake_eval\leakfree_eval\sessions\validation\validation_fake_only_01.mp4,197,0.7909148335456848,0.6406792322794597,1,3,42436,503x503
f3net,C:\deepfake_eval\leakfree_eval\sessions\validation\validation_fake_only_01.mp4,198,0.7637136578559875,0.6524119059244792,1,2,43264,503x503
f3net,C:\deepfake_eval\leakfree_eval\sessions\validation\validation_fake_only_01.mp4,199,0.9515690207481384,0.6825065652529398,1,2,43681,503x503
f3net,C:\deepfake_eval\leakfree_eval\sessions\validation\validation_fake_only_01.mp4,200,0.9786499738693237,0.7250701765219371,1,1,68644,503x503
f3net,C:\deepfake_eval\leakfree_eval\sessions\validation\validation_fake_only_01.mp4,201,0.9568347930908203,0.75562890569369,1,2,62500,503x503
f3net,C:\deepfake_eval\leakfree_eval\sessions\validation\validation_fake_only_01.mp4,202,0.965865433216095,0.7658202191193898,1,2,62001,503x503
f3net,C:\deepfake_eval\leakfree_eval\sessions\validation\validation_fake_only_01.mp4,203,0.9632987976074219,0.7827000677585602,1,1,60516,503x503
f3net,C:\deepfake_eval\leakfree_eval\sessions\validation\validation_fake_only_01.mp4,204,0.9394484758377075,0.8012688140074412,1,1,55225,503x503
f3net,C:\deepfake_eval\leakfree_eval\sessions\validation\validation_fake_only_01.mp4,205,0.164230614900589,0.7850667973359425,1,1,53824,503x503
f3net,C:\deepfake_eval\leakfree_eval\sessions\validation\validation_fake_only_01.mp4,206,0.8990430235862732,0.813000867764155,1,1,62500,503x503
f3net,C:\deepfake_eval\leakfree_eval\sessions\validation\validation_fake_only_01.mp4,207,0.9715455770492554,0.8365222156047821,1,3,64516,503x503
f3net,C:\deepfake_eval\leakfree_eval\sessions\validation\validation_fake_only_01.mp4,208,0.9648114442825317,0.8575997134049733,1,1,60516,503x503
f3net,C:\deepfake_eval\leakfree_eval\sessions\validation\validation_fake_only_01.mp4,209,0.9806251525878906,0.867834868033727,1,2,55225,503x503
f3net,C:\deepfake_eval\leakfree_eval\sessions\validation\validation_fake_only_01.mp4,210,0.9166126251220703,0.8756820817788442,0,0,,720x720
f3net,C:\deepfake_eval\leakfree_eval\sessions\validation\validation_fake_only_01.mp4,211,0.6915815472602844,0.8599163313706716,1,2,72900,503x503
f3net,C:\deepfake_eval\leakfree_eval\sessions\validation\validation_fake_only_01.mp4,212,0.9679503440856934,0.8717186987400055,1,1,63001,503x503
f3net,C:\deepfake_eval\leakfree_eval\sessions\validation\validation_fake_only_01.mp4,213,0.280231237411499,0.8394865373770396,1,1,61009,503x503
f3net,C:\deepfake_eval\leakfree_eval\sessions\validation\validation_fake_only_01.mp4,214,0.6191918253898621,0.8173280576864879,1,3,44944,503x503
f3net,C:\deepfake_eval\leakfree_eval\sessions\validation\validation_fake_only_01.mp4,215,0.5197480320930481,0.7867345949014027,1,3,49729,503x503
f3net,C:\deepfake_eval\leakfree_eval\sessions\validation\validation_fake_only_01.mp4,216,0.19375135004520416,0.7358623653650284,1,3,51984,503x503
f3net,C:\deepfake_eval\leakfree_eval\sessions\validation\validation_fake_only_01.mp4,217,0.6202497482299805,0.7128213196992874,1,3,45796,503x503
f3net,C:\deepfake_eval\leakfree_eval\sessions\validation\validation_fake_only_01.mp4,218,0.13287101686000824,0.6574594676494598,1,3,49284,503x503
f3net,C:\deepfake_eval\leakfree_eval\sessions\validation\validation_fake_only_01.mp4,219,0.09925621002912521,0.6014466499288876,1,3,52441,503x503
f3net,C:\deepfake_eval\leakfree_eval\sessions\validation\validation_fake_only_01.mp4,220,0.22781036794185638,0.6056853001316388,1,4,44100,503x503
f3net,C:\deepfake_eval\leakfree_eval\sessions\validation\validation_fake_only_01.mp4,221,0.26429012417793274,0.5633684401710828,1,3,47089,503x503
f3net,C:\deepfake_eval\leakfree_eval\sessions\validation\validation_fake_only_01.mp4,222,0.04600722715258598,0.5016658835113048,1,3,50625,503x503
f3net,C:\deepfake_eval\leakfree_eval\sessions\validation\validation_fake_only_01.mp4,223,0.4379478991031647,0.4665416471660137,1,4,44521,503x503
f3net,C:\deepfake_eval\leakfree_eval\sessions\validation\validation_fake_only_01.mp4,224,0.4715000092983246,0.4325999709467093,1,3,47961,503x503
f3net,C:\deepfake_eval\leakfree_eval\sessions\validation\validation_fake_only_01.mp4,225,0.4766319990158081,0.40326792920629184,1,3,54289,503x503
f3net,C:\deepfake_eval\leakfree_eval\sessions\validation\validation_fake_only_01.mp4,226,0.2866854965686798,0.3762748591601849,1,3,50176,503x503
f3net,C:\deepfake_eval\leakfree_eval\sessions\validation\validation_fake_only_01.mp4,227,0.04560088366270065,0.3147848951319853,1,3,49284,503x503
f3net,C:\deepfake_eval\leakfree_eval\sessions\validation\validation_fake_only_01.mp4,228,0.31679970026016235,0.31722279265522957,1,3,49729,503x503
f3net,C:\deepfake_eval\leakfree_eval\sessions\validation\validation_fake_only_01.mp4,229,0.03075777366757393,0.2779938558737437,1,3,51529,503x503
f3net,C:\deepfake_eval\leakfree_eval\sessions\validation\validation_fake_only_01.mp4,230,0.4550984501838684,0.2736838837464651,1,3,47961,503x503
f3net,C:\deepfake_eval\leakfree_eval\sessions\validation\validation_fake_only_01.mp4,231,0.3338768780231476,0.2830255856116613,1,3,38416,503x503
f3net,C:\deepfake_eval\leakfree_eval\sessions\validation\validation_fake_only_01.mp4,232,0.7602633237838745,0.2923598239819209,1,2,54289,503x503
f3net,C:\deepfake_eval\leakfree_eval\sessions\validation\validation_fake_only_01.mp4,233,0.45223432779312134,0.31365071137746176,1,3,51076,503x503
f3net,C:\deepfake_eval\leakfree_eval\sessions\validation\validation_fake_only_01.mp4,234,0.1290423721075058,0.31563645551602043,1,1,69169,503x503
f3net,C:\deepfake_eval\leakfree_eval\sessions\validation\validation_fake_only_01.mp4,235,0.08746232092380524,0.3062799190481504,1,1,66564,503x503
f3net,C:\deepfake_eval\leakfree_eval\sessions\validation\validation_fake_only_01.mp4,236,0.4282211661338806,0.3172086551785469,1,3,60516,503x503
f3net,C:\deepfake_eval\leakfree_eval\sessions\validation\validation_fake_only_01.mp4,237,0.3083888292312622,0.334700761983792,1,1,49729,503x503
f3net,C:\deepfake_eval\leakfree_eval\sessions\validation\validation_fake_only_01.mp4,238,0.3046533763408661,0.3258144604663054,1,1,53824,503x503
f3net,C:\deepfake_eval\leakfree_eval\sessions\validation\validation_fake_only_01.mp4,239,0.033724915236234665,0.2966294541954994,1,1,76176,503x503
f3net,C:\deepfake_eval\leakfree_eval\sessions\validation\validation_fake_only_01.mp4,240,0.22241002321243286,0.2796813224752744,1,1,51076,503x503
f3net,C:\deepfake_eval\leakfree_eval\sessions\validation\validation_fake_only_01.mp4,241,0.08852051198482513,0.2664703235030174,1,1,53361,503x503
f3net,C:\deepfake_eval\leakfree_eval\sessions\validation\validation_fake_only_01.mp4,242,0.028368765488266945,0.26532151562472184,1,1,56169,503x503
f3net,C:\deepfake_eval\leakfree_eval\sessions\validation\validation_fake_only_01.mp4,243,0.5181064605712891,0.2787419663121303,1,1,34969,503x503
f3net,C:\deepfake_eval\leakfree_eval\sessions\validation\validation_fake_only_01.mp4,244,0.28269100189208984,0.29553751486043134,1,1,34596,503x503
f3net,C:\deepfake_eval\leakfree_eval\sessions\validation\validation_fake_only_01.mp4,245,0.40250176191329956,0.2920310689757268,1,1,32400,503x503
f3net,C:\deepfake_eval\leakfree_eval\sessions\validation\validation_fake_only_01.mp4,246,0.2966611087322235,0.28955001768966515,1,2,36100,503x503
f3net,C:\deepfake_eval\leakfree_eval\sessions\validation\validation_fake_only_01.mp4,247,0.3927723169326782,0.26505061723291873,1,1,34225,503x503
f3net,C:\deepfake_eval\leakfree_eval\sessions\validation\validation_fake_only_01.mp4,248,0.3125050365924835,0.2557353311528762,1,2,32400,503x503
f3net,C:\deepfake_eval\leakfree_eval\sessions\validation\validation_fake_only_01.mp4,249,0.32177311182022095,0.2685840471337239,1,2,33489,503x503
f3net,C:\deepfake_eval\leakfree_eval\sessions\validation\validation_fake_only_01.mp4,250,0.2834022641181946,0.28164671001334984,1,1,32400,503x503
f3net,C:\deepfake_eval\leakfree_eval\sessions\validation\validation_fake_only_01.mp4,251,0.41935524344444275,0.2810556485007207,1,1,34225,503x503
f3net,C:\deepfake_eval\leakfree_eval\sessions\validation\validation_fake_only_01.mp4,252,0.6346186399459839,0.30280430254836876,1,2,30625,503x503
f3net,C:\deepfake_eval\leakfree_eval\sessions\validation\validation_fake_only_01.mp4,253,0.366491436958313,0.30692683992286524,1,2,30276,503x503
f3net,C:\deepfake_eval\leakfree_eval\sessions\validation\validation_fake_only_01.mp4,254,0.5154675841331482,0.3390430178493261,1,2,34969,503x503
f3net,C:\deepfake_eval\leakfree_eval\sessions\validation\validation_fake_only_01.mp4,255,0.5204659104347229,0.35891341033081214,1,2,32400,503x503
f3net,C:\deepfake_eval\leakfree_eval\sessions\validation\validation_fake_only_01.mp4,256,0.19897018373012543,0.3662767217804988,1,2,33489,503x503
f3net,C:\deepfake_eval\leakfree_eval\sessions\validation\validation_fake_only_01.mp4,257,0.4049992561340332,0.39138542115688324,1,2,29241,503x503
f3net,C:\deepfake_eval\leakfree_eval\sessions\validation\validation_fake_only_01.mp4,258,0.4006977379322052,0.3835581729809443,1,1,32761,503x503
f3net,C:\deepfake_eval\leakfree_eval\sessions\validation\validation_fake_only_01.mp4,259,0.29352864623069763,0.38428068260351816,1,1,32761,503x503
f3net,C:\deepfake_eval\leakfree_eval\sessions\validation\validation_fake_only_01.mp4,260,0.4010739326477051,0.38418549398581187,1,2,34969,503x503
f3net,C:\deepfake_eval\leakfree_eval\sessions\validation\validation_fake_only_01.mp4,261,0.20324186980724335,0.3779575447241465,1,2,33856,503x503
f3net,C:\deepfake_eval\leakfree_eval\sessions\validation\validation_fake_only_01.mp4,262,0.2040538638830185,0.36537631452083585,1,2,32761,503x503
f3net,C:\deepfake_eval\leakfree_eval\sessions\validation\validation_fake_only_01.mp4,263,0.34866005182266235,0.36778664886951445,1,2,35721,503x503
f3net,C:\deepfake_eval\leakfree_eval\sessions\validation\validation_fake_only_01.mp4,264,0.33110880851745605,0.3684090286493301,1,2,36481,503x503
f3net,C:\deepfake_eval\leakfree_eval\sessions\validation\validation_fake_only_01.mp4,265,0.32876870036125183,0.3714334577322006,1,1,32761,503x503
f3net,C:\deepfake_eval\leakfree_eval\sessions\validation\validation_fake_only_01.mp4,266,0.7962896227836609,0.39656241635481515,1,1,34969,503x503
f3net,C:\deepfake_eval\leakfree_eval\sessions\validation\validation_fake_only_01.mp4,267,0.49174219369888306,0.3870373199383418,1,2,34596,503x503
f3net,C:\deepfake_eval\leakfree_eval\sessions\validation\validation_fake_only_01.mp4,268,0.32289689779281616,0.38413101732730864,1,2,33489,503x503
f3net,C:\deepfake_eval\leakfree_eval\sessions\validation\validation_fake_only_01.mp4,269,0.37178337574005127,0.3745520701011022,1,2,36100,503x503
f3net,C:\deepfake_eval\leakfree_eval\sessions\validation\validation_fake_only_01.mp4,270,0.35670703649520874,0.3636348118384679,1,2,38025,503x503
f3net,C:\deepfake_eval\leakfree_eval\sessions\validation\validation_fake_only_01.mp4,271,0.26281318068504333,0.36789101163546245,1,2,35721,503x503
f3net,C:\deepfake_eval\leakfree_eval\sessions\validation\validation_fake_only_01.mp4,272,0.9890313744544983,0.4068264861901601,1,1,178929,634x634
f3net,C:\deepfake_eval\leakfree_eval\sessions\validation\validation_fake_only_01.mp4,273,0.9986053109169006,0.4466869910558065,1,1,184900,645x645
f3net,C:\deepfake_eval\leakfree_eval\sessions\validation\validation_fake_only_01.mp4,274,0.9932476282119751,0.4933349231878916,1,1,183184,642x642
f3net,C:\deepfake_eval\leakfree_eval\sessions\validation\validation_fake_only_01.mp4,275,0.9939659237861633,0.5328610559304555,1,1,178084,633x633
f3net,C:\deepfake_eval\leakfree_eval\sessions\validation\validation_fake_only_01.mp4,276,0.9973148703575134,0.5857992559671402,1,1,186624,648x648
f3net,C:\deepfake_eval\leakfree_eval\sessions\validation\validation_fake_only_01.mp4,277,0.9929218888282776,0.6383904576301574,1,1,183184,642x642
f3net,C:\deepfake_eval\leakfree_eval\sessions\validation\validation_fake_only_01.mp4,278,0.9983088970184326,0.6817003806432088,1,1,183184,642x642
f3net,C:\deepfake_eval\leakfree_eval\sessions\validation\validation_fake_only_01.mp4,279,0.9935033917427063,0.7258600195248922,1,1,186624,648x648
f3net,C:\deepfake_eval\leakfree_eval\sessions\validation\validation_fake_only_01.mp4,280,0.9982078075408936,0.7704892933368683,1,1,183184,642x642
f3net,C:\deepfake_eval\leakfree_eval\sessions\validation\validation_fake_only_01.mp4,281,0.9988657236099243,0.7839943667252859,1,1,176400,630x630
f3net,C:\deepfake_eval\leakfree_eval\sessions\validation\validation_fake_only_01.mp4,282,0.6532416343688965,0.7947609961032868,1,1,51529,503x503
f3net,C:\deepfake_eval\leakfree_eval\sessions\validation\validation_fake_only_01.mp4,283,0.9586904048919678,0.8371472299098969,1,1,48400,503x503
f3net,C:\deepfake_eval\leakfree_eval\sessions\validation\validation_fake_only_01.mp4,284,0.9917489290237427,0.8784782667954762,1,1,48400,503x503
f3net,C:\deepfake_eval\leakfree_eval\sessions\validation\validation_fake_only_01.mp4,285,0.9861220717430115,0.9204392691453298,1,1,48841,503x503
f3net,C:\deepfake_eval\leakfree_eval\sessions\validation\validation_fake_only_01.mp4,286,0.981758713722229,0.9683689713478089,1,1,51529,503x503
f3net,C:\deepfake_eval\leakfree_eval\sessions\validation\validation_fake_only_01.mp4,287,0.9639841914176941,0.9666991591453552,1,2,46225,503x503
f3net,C:\deepfake_eval\leakfree_eval\sessions\validation\validation_fake_only_01.mp4,288,0.6540274024009705,0.9437272985776265,1,1,51076,503x503
f3net,C:\deepfake_eval\leakfree_eval\sessions\validation\validation_fake_only_01.mp4,289,0.9849228858947754,0.9431723157564799,1,1,48841,503x503
f3net,C:\deepfake_eval\leakfree_eval\sessions\validation\validation_fake_only_01.mp4,290,0.7977158427238464,0.9300889770189921,1,1,48400,503x503
f3net,C:\deepfake_eval\leakfree_eval\sessions\validation\validation_fake_only_01.mp4,291,0.9632877111434937,0.9278204997380575,1,1,48841,503x503
f3net,C:\deepfake_eval\leakfree_eval\sessions\validation\validation_fake_only_01.mp4,292,0.6899940371513367,0.9076253096262614,1,1,44100,503x503
f3net,C:\deepfake_eval\leakfree_eval\sessions\validation\validation_fake_only_01.mp4,293,0.8536778092384338,0.8979832371075948,1,2,47089,503x503
f3net,C:\deepfake_eval\leakfree_eval\sessions\validation\validation_fake_only_01.mp4,294,0.2843155264854431,0.8507040460904439,1,1,38025,503x503
f3net,C:\deepfake_eval\leakfree_eval\sessions\validation\validation_fake_only_01.mp4,295,0.19537410140037537,0.7971817990144093,1,1,41616,503x503
f3net,C:\deepfake_eval\leakfree_eval\sessions\validation\validation_fake_only_01.mp4,296,0.4470703601837158,0.7603954414526621,1,2,40000,503x503
f3net,C:\deepfake_eval\leakfree_eval\sessions\validation\validation_fake_only_01.mp4,297,0.25967705249786377,0.73415780266126,1,1,44944,503x503
f3net,C:\deepfake_eval\leakfree_eval\sessions\validation\validation_fake_only_01.mp4,298,0.27367720007896423,0.6884902556737263,1,1,40000,503x503
f3net,C:\deepfake_eval\leakfree_eval\sessions\validation\validation_fake_only_01.mp4,299,0.41903096437454224,0.6503090580304464,1,1,44944,503x503
f3net,C:\deepfake_eval\leakfree_eval\sessions\validation\validation_fake_only_01.mp4,300,0.17523357272148132,0.5962498247623443,1,1,47524,503x503
f3net,C:\deepfake_eval\leakfree_eval\sessions\validation\validation_fake_only_01.mp4,301,0.2062612622976303,0.5445499946673711,1,1,38809,503x503
f3net,C:\deepfake_eval\leakfree_eval\sessions\validation\validation_fake_only_01.mp4,302,0.32279112935066223,0.501803790529569,1,1,44944,503x503
f3net,C:\deepfake_eval\leakfree_eval\sessions\validation\validation_fake_only_01.mp4,303,0.2920295298099518,0.47767059902350106,1,1,43681,503x503
f3net,C:\deepfake_eval\leakfree_eval\sessions\validation\validation_fake_only_01.mp4,304,0.19182462990283966,0.42479738195737204,1,1,43681,503x503
f3net,C:\deepfake_eval\leakfree_eval\sessions\validation\validation_fake_only_01.mp4,305,0.2570379674434662,0.38875219027201335,1,1,43681,503x503
f3net,C:\deepfake_eval\leakfree_eval\sessions\validation\validation_fake_only_01.mp4,306,0.3982718288898468,0.3510844647884369,1,1,44521,503x503
f3net,C:\deepfake_eval\leakfree_eval\sessions\validation\validation_fake_only_01.mp4,307,0.29305511713027954,0.3246218701203664,1,1,46225,503x503
f3net,C:\deepfake_eval\leakfree_eval\sessions\validation\validation_fake_only_01.mp4,308,0.1659838855266571,0.2787756085395813,1,1,44100,503x503
f3net,C:\deepfake_eval\leakfree_eval\sessions\validation\validation_fake_only_01.mp4,309,0.1818637102842331,0.27194548745950065,1,1,46225,503x503
f3net,C:\deepfake_eval\leakfree_eval\sessions\validation\validation_fake_only_01.mp4,310,0.6567571759223938,0.3027043590943019,1,1,45369,503x503
f3net,C:\deepfake_eval\leakfree_eval\sessions\validation\validation_fake_only_01.mp4,311,0.7537835836410522,0.32315190732479093,1,1,41616,503x503
f3net,C:\deepfake_eval\leakfree_eval\sessions\validation\validation_fake_only_01.mp4,312,0.4248560070991516,0.3341638376315435,1,1,43264,503x503
f3net,C:\deepfake_eval\leakfree_eval\sessions\validation\validation_fake_only_01.mp4,313,0.288043737411499,0.3351216067870458,1,1,44944,503x503
f3net,C:\deepfake_eval\leakfree_eval\sessions\validation\validation_fake_only_01.mp4,314,0.3582700192928314,0.3310708771149317,1,1,40804,503x503
f3net,C:\deepfake_eval\leakfree_eval\sessions\validation\validation_fake_only_01.mp4,315,0.3008434474468231,0.3394448687632879,1,1,45796,503x503
f3net,C:\deepfake_eval\leakfree_eval\sessions\validation\validation_fake_only_01.mp4,316,0.19667963683605194,0.33880609373251597,1,1,43681,503x503
f3net,C:\deepfake_eval\leakfree_eval\sessions\validation\validation_fake_only_01.mp4,317,0.11169487982988358,0.32473301043113073,1,1,42436,503x503
f3net,C:\deepfake_eval\leakfree_eval\sessions\validation\validation_fake_only_01.mp4,318,0.2544313073158264,0.3222264622648557,1,1,42849,503x503
f3net,C:\deepfake_eval\leakfree_eval\sessions\validation\validation_fake_only_01.mp4,319,0.1837337762117386,0.32168707201878227,1,1,39204,503x503
f3net,C:\deepfake_eval\leakfree_eval\sessions\validation\validation_fake_only_01.mp4,320,0.09362222999334335,0.3107926895221074,1,1,38416,503x503
f3net,C:\deepfake_eval\leakfree_eval\sessions\validation\validation_fake_only_01.mp4,321,0.4346851408481598,0.31322024365266166,1,1,42849,503x503
f3net,C:\deepfake_eval\leakfree_eval\sessions\validation\validation_fake_only_01.mp4,322,0.17835770547389984,0.3055737495422363,1,1,40804,503x503
f3net,C:\deepfake_eval\leakfree_eval\sessions\validation\validation_fake_only_01.mp4,323,0.15014410018920898,0.3045177638530731,1,1,42436,503x503
f3net,C:\deepfake_eval\leakfree_eval\sessions\validation\validation_fake_only_01.mp4,324,0.12664513289928436,0.3008365253607432,1,1,43681,503x503
f3net,C:\deepfake_eval\leakfree_eval\sessions\validation\validation_fake_only_01.mp4,325,0.6618406772613525,0.30117542545000714,0,1,5329,720x720
f3net,C:\deepfake_eval\leakfree_eval\sessions\validation\validation_fake_only_01.mp4,326,0.568289041519165,0.2888091226418813,0,1,7056,720x720
f3net,C:\deepfake_eval\leakfree_eval\sessions\validation\validation_fake_only_01.mp4,327,0.6059132814407349,0.3008796075979869,0,2,7056,720x720
f3net,C:\deepfake_eval\leakfree_eval\sessions\validation\validation_fake_only_01.mp4,328,0.5692981481552124,0.31962990164756777,0,1,8836,720x720
f3net,C:\deepfake_eval\leakfree_eval\sessions\validation\validation_fake_only_01.mp4,329,0.7502315044403076,0.3457606673240662,0,1,7056,720x720
f3net,C:\deepfake_eval\leakfree_eval\sessions\validation\validation_fake_only_01.mp4,330,0.6581241488456726,0.3695793807506561,0,1,6889,720x720
f3net,C:\deepfake_eval\leakfree_eval\sessions\validation\validation_fake_only_01.mp4,331,0.48493170738220215,0.3887961854537328,0,1,8649,720x720
f3net,C:\deepfake_eval\leakfree_eval\sessions\validation\validation_fake_only_01.mp4,332,0.5289216041564941,0.4166113004088402,0,2,7056,720x720
f3net,C:\deepfake_eval\leakfree_eval\sessions\validation\validation_fake_only_01.mp4,333,0.7685588598251343,0.45088647057612735,0,1,7396,720x720
f3net,C:\deepfake_eval\leakfree_eval\sessions\validation\validation_fake_only_01.mp4,334,0.7050365209579468,0.48563998689254123,0,1,8281,720x720
f3net,C:\deepfake_eval\leakfree_eval\sessions\validation\validation_fake_only_01.mp4,335,0.730246365070343,0.5280815958976746,0,1,8100,720x720
f3net,C:\deepfake_eval\leakfree_eval\sessions\validation\validation_fake_only_01.mp4,336,0.6364266276359558,0.5415310283501943,0,2,7744,720x720
f3net,C:\deepfake_eval\leakfree_eval\sessions\validation\validation_fake_only_01.mp4,337,0.5922746062278748,0.5691254884004593,0,2,7921,720x720
f3net,C:\deepfake_eval\leakfree_eval\sessions\validation\validation_fake_only_01.mp4,338,0.554984450340271,0.5961148450771968,0,2,7921,720x720
f3net,C:\deepfake_eval\leakfree_eval\sessions\validation\validation_fake_only_01.mp4,339,0.5781719088554382,0.6262166301409403,0,2,7744,720x720
f3net,C:\deepfake_eval\leakfree_eval\sessions\validation\validation_fake_only_01.mp4,340,0.6611720323562622,0.6261720538139344,0,1,8281,720x720
f3net,C:\deepfake_eval\leakfree_eval\sessions\validation\validation_fake_only_01.mp4,341,0.8131810426712036,0.6424981872240703,0,2,14400,720x720
f3net,C:\deepfake_eval\leakfree_eval\sessions\validation\validation_fake_only_01.mp4,342,0.9598487615585327,0.6660938858985901,1,6,67600,503x503
f3net,C:\deepfake_eval\leakfree_eval\sessions\validation\validation_fake_only_01.mp4,343,0.9787794947624207,0.6933926423390706,1,4,69696,503x503
f3net,C:\deepfake_eval\leakfree_eval\sessions\validation\validation_fake_only_01.mp4,344,0.9944631457328796,0.7096747517585754,1,4,68121,503x503
f3net,C:\deepfake_eval\leakfree_eval\sessions\validation\validation_fake_only_01.mp4,345,0.9798606038093567,0.7311238487561543,1,5,71289,503x503
f3net,C:\deepfake_eval\leakfree_eval\sessions\validation\validation_fake_only_01.mp4,346,0.9967505931854248,0.7652451078097026,1,6,73984,503x503
f3net,C:\deepfake_eval\leakfree_eval\sessions\validation\validation_fake_only_01.mp4,347,0.9859958291053772,0.7957167228062948,1,7,68644,503x503
f3net,C:\deepfake_eval\leakfree_eval\sessions\validation\validation_fake_only_01.mp4,348,0.9981426000595093,0.8110223054885864,1,5,73441,503x503
f3net,C:\deepfake_eval\leakfree_eval\sessions\validation\validation_fake_only_01.mp4,349,0.9992392063140869,0.8306358178456624,1,6,79524,503x503
f3net,C:\deepfake_eval\leakfree_eval\sessions\validation\validation_fake_only_01.mp4,350,0.996752917766571,0.8484029213587443,1,7,78961,503x503
f3net,C:\deepfake_eval\leakfree_eval\sessions\validation\validation_fake_only_01.mp4,351,0.9964985847473145,0.8724077184995015,1,6,74529,503x503
f3net,C:\deepfake_eval\leakfree_eval\sessions\validation\validation_fake_only_01.mp4,352,0.996501088142395,0.8993561506271363,1,6,62001,503x503
f3net,C:\deepfake_eval\leakfree_eval\sessions\validation\validation_fake_only_01.mp4,353,0.993298351764679,0.9285770773887634,1,5,69169,503x503
f3net,C:\deepfake_eval\leakfree_eval\sessions\validation\validation_fake_only_01.mp4,354,0.9990058541297913,0.956632673740387,1,5,62001,503x503
f3net,C:\deepfake_eval\leakfree_eval\sessions\validation\validation_fake_only_01.mp4,355,0.9971858859062195,0.9790335973103841,1,5,63504,503x503
f3net,C:\deepfake_eval\leakfree_eval\sessions\validation\validation_fake_only_01.mp4,356,0.9986253976821899,0.9913965543111165,1,6,69169,503x503
f3net,C:\deepfake_eval\leakfree_eval\sessions\validation\validation_fake_only_01.mp4,357,0.9991829991340637,0.9940188368161519,1,8,73984,503x503
f3net,C:\deepfake_eval\leakfree_eval\sessions\validation\validation_fake_only_01.mp4,358,0.9992352724075317,0.995382555325826,1,1,104329,503x503
f3net,C:\deepfake_eval\leakfree_eval\sessions\validation\validation_fake_only_01.mp4,359,0.9994072914123535,0.9957121650377909,1,1,92416,503x503
f3net,C:\deepfake_eval\leakfree_eval\sessions\validation\validation_fake_only_01.mp4,360,0.7489296197891235,0.9803167661031087,1,1,99856,503x503
f3net,C:\deepfake_eval\leakfree_eval\sessions\validation\validation_fake_only_01.mp4,361,0.9989351630210876,0.9804624040921529,1,1,106276,503x503
f3net,C:\deepfake_eval\leakfree_eval\sessions\validation\validation_fake_only_01.mp4,362,0.9998149275779724,0.9813836773236593,1,1,112225,503x503
f3net,C:\deepfake_eval\leakfree_eval\sessions\validation\validation_fake_only_01.mp4,363,0.9973524808883667,0.9813310027122497,1,1,110224,503x503
f3net,C:\deepfake_eval\leakfree_eval\sessions\validation\validation_fake_only_01.mp4,364,0.9987661838531494,0.9812994678815206,1,1,107584,503x503
f3net,C:\deepfake_eval\leakfree_eval\sessions\validation\validation_fake_only_01.mp4,365,0.9995359182357788,0.9814850012461345,1,1,110889,503x503
f3net,C:\deepfake_eval\leakfree_eval\sessions\validation\validation_fake_only_01.mp4,366,0.9997530579566956,0.9817019661267599,1,1,108900,503x503
f3net,C:\deepfake_eval\leakfree_eval\sessions\validation\validation_fake_only_01.mp4,367,0.9993031024932861,0.9818887670834859,1,1,108241,503x503
f3net,C:\deepfake_eval\leakfree_eval\sessions\validation\validation_fake_only_01.mp4,368,0.99899822473526,0.982268758614858,1,1,108900,503x503
f3net,C:\deepfake_eval\leakfree_eval\sessions\validation\validation_fake_only_01.mp4,369,0.9996647834777832,0.9823126872380574,1,1,103041,503x503
f3net,C:\deepfake_eval\leakfree_eval\sessions\validation\validation_fake_only_01.mp4,370,0.999494194984436,0.9824665745099386,1,1,103684,503x503
f3net,C:\deepfake_eval\leakfree_eval\sessions\validation\validation_fake_only_01.mp4,371,0.9995580315589905,0.9825287501017252,1,1,100489,503x503
f3net,C:\deepfake_eval\leakfree_eval\sessions\validation\validation_fake_only_01.mp4,372,0.999382734298706,0.9825420657793681,1,1,113569,505x505
f3net,C:\deepfake_eval\leakfree_eval\sessions\validation\validation_fake_only_01.mp4,373,0.9997864365577698,0.9825788100560506,1,1,113569,505x505
f3net,C:\deepfake_eval\leakfree_eval\sessions\validation\validation_fake_only_01.mp4,374,0.9994441866874695,0.9825812697410583,1,1,104976,503x503
f3net,C:\deepfake_eval\leakfree_eval\sessions\validation\validation_fake_only_01.mp4,375,0.9995443224906921,0.9992889165878296,1,1,103041,503x503
f3net,C:\deepfake_eval\leakfree_eval\sessions\validation\validation_fake_only_01.mp4,376,0.9998065829277039,0.9993470112482706,1,1,106276,503x503
f3net,C:\deepfake_eval\leakfree_eval\sessions\validation\validation_fake_only_01.mp4,377,0.9995666146278381,0.9993304570515951,1,1,101761,503x503
f3net,C:\deepfake_eval\leakfree_eval\sessions\validation\validation_fake_only_01.mp4,378,0.9993389248847961,0.999462886651357,1,1,100489,503x503
f3net,C:\deepfake_eval\leakfree_eval\sessions\validation\validation_fake_only_01.mp4,379,0.9995959401130676,0.9995182037353516,1,1,102400,503x503
f3net,C:\deepfake_eval\leakfree_eval\sessions\validation\validation_fake_only_01.mp4,380,0.9996498823165894,0.999525801340739,1,1,103684,503x503
f3net,C:\deepfake_eval\leakfree_eval\sessions\validation\validation_fake_only_01.mp4,381,0.9997203946113586,0.9995236237843831,1,1,101124,503x503
f3net,C:\deepfake_eval\leakfree_eval\sessions\validation\validation_fake_only_01.mp4,382,0.9996730089187622,0.9995482842127482,1,1,100489,503x503
f3net,C:\deepfake_eval\leakfree_eval\sessions\validation\validation_fake_only_01.mp4,383,0.9997732043266296,0.9995999495188396,1,1,108241,503x503
f3net,C:\deepfake_eval\leakfree_eval\sessions\validation\validation_fake_only_01.mp4,384,0.9997527003288269,0.9996058106422424,1,1,95481,503x503
f3net,C:\deepfake_eval\leakfree_eval\sessions\validation\validation_fake_only_01.mp4,385,0.9996384382247925,0.9996154268582662,1,1,99225,503x503
f3net,C:\deepfake_eval\leakfree_eval\sessions\validation\validation_fake_only_01.mp4,386,0.9997879862785339,0.9996307571729024,1,1,97344,503x503
f3net,C:\deepfake_eval\leakfree_eval\sessions\validation\validation_fake_only_01.mp4,387,0.9998414516448975,0.9996613383293151,1,1,94864,503x503
f3net,C:\deepfake_eval\leakfree_eval\sessions\validation\validation_fake_only_01.mp4,388,0.9995929598808289,0.9996484398841858,1,1,104976,503x503
f3net,C:\deepfake_eval\leakfree_eval\sessions\validation\validation_fake_only_01.mp4,389,0.9994239807128906,0.9996470928192138,1,1,101761,503x503
f3net,C:\deepfake_eval\leakfree_eval\sessions\validation\validation_fake_only_01.mp4,390,0.9997841715812683,0.9996630827585856,1,1,96721,503x503
f3net,C:\deepfake_eval\leakfree_eval\sessions\validation\validation_fake_only_01.mp4,391,0.9998660087585449,0.9996670444806417,1,1,96721,503x503
f3net,C:\deepfake_eval\leakfree_eval\sessions\validation\validation_fake_only_01.mp4,392,0.9998207688331604,0.9996839880943298,1,1,99225,503x503
f3net,C:\deepfake_eval\leakfree_eval\sessions\validation\validation_fake_only_01.mp4,393,0.9998455047607422,0.9997177600860596,1,1,94864,503x503
f3net,C:\deepfake_eval\leakfree_eval\sessions\validation\validation_fake_only_01.mp4,394,0.9995525479316711,0.9997148672739665,1,1,100489,503x503
f3net,C:\deepfake_eval\leakfree_eval\sessions\validation\validation_fake_only_01.mp4,395,0.9996064305305481,0.9997119704882304,1,1,103041,503x503
f3net,C:\deepfake_eval\leakfree_eval\sessions\validation\validation_fake_only_01.mp4,396,0.08300989866256714,0.9385979374249777,1,1,130321,541x541
f3net,C:\deepfake_eval\leakfree_eval\sessions\validation\validation_fake_only_01.mp4,397,0.6648744940757751,0.9162780364354451,1,1,144400,570x570
f3net,C:\deepfake_eval\leakfree_eval\sessions\validation\validation_fake_only_01.mp4,398,0.16602300107479095,0.8606946895519892,1,1,137641,556x556
f3net,C:\deepfake_eval\leakfree_eval\sessions\validation\validation_fake_only_01.mp4,399,0.1115538626909256,0.8014814337094625,1,1,173056,624x624
f3net,C:\deepfake_eval\leakfree_eval\sessions\validation\validation_fake_only_01.mp4,400,0.5801429152488708,0.7735150655110677,1,1,190096,654x654
f3net,C:\deepfake_eval\leakfree_eval\sessions\validation\validation_fake_only_01.mp4,401,0.9967169165611267,0.7733103275299072,1,1,146689,574x574
f3net,C:\deepfake_eval\leakfree_eval\sessions\validation\validation_fake_only_01.mp4,402,0.9984264373779297,0.7732159932454427,1,1,129600,540x540
f3net,C:\deepfake_eval\leakfree_eval\sessions\validation\validation_fake_only_01.mp4,403,0.9951155185699463,0.7729174971580506,1,1,133956,549x549
f3net,C:\deepfake_eval\leakfree_eval\sessions\validation\validation_fake_only_01.mp4,404,0.994519054889679,0.7725905021031697,1,1,122500,525x525
f3net,C:\deepfake_eval\leakfree_eval\sessions\validation\validation_fake_only_01.mp4,405,0.9895688891410828,0.771909483273824,1,1,112225,503x503
f3net,C:\deepfake_eval\leakfree_eval\sessions\validation\validation_fake_only_01.mp4,406,0.36966830492019653,0.7298963030179342,1,1,119716,519x519
f3net,C:\deepfake_eval\leakfree_eval\sessions\validation\validation_fake_only_01.mp4,407,0.6524046063423157,0.7067352255185445,1,1,119025,517x517
f3net,C:\deepfake_eval\leakfree_eval\sessions\validation\validation_fake_only_01.mp4,408,0.9618772268295288,0.7042040069897969,1,1,96721,503x503
f3net,C:\deepfake_eval\leakfree_eval\sessions\validation\validation_fake_only_01.mp4,409,0.8944355845451355,0.6971962094306946,1,1,123904,528x528
f3net,C:\deepfake_eval\leakfree_eval\sessions\validation\validation_fake_only_01.mp4,410,0.740757167339325,0.6799395918846131,1,1,114244,507x507
f3net,C:\deepfake_eval\leakfree_eval\sessions\validation\validation_fake_only_01.mp4,411,0.4208483397960663,0.7024621546268464,1,1,126025,532x532
f3net,C:\deepfake_eval\leakfree_eval\sessions\validation\validation_fake_only_01.mp4,412,0.9825021028518677,0.7236373285452525,1,1,97969,503x503
f3net,C:\deepfake_eval\leakfree_eval\sessions\validation\validation_fake_only_01.mp4,413,0.9984918832778931,0.7791352540254592,1,1,109561,503x503
f3net,C:\deepfake_eval\leakfree_eval\sessions\validation\validation_fake_only_01.mp4,414,0.9972424507141113,0.8381811598936717,1,1,99856,503x503
f3net,C:\deepfake_eval\leakfree_eval\sessions\validation\validation_fake_only_01.mp4,415,0.5177586674690247,0.834022210041682,1,2,56169,503x503
f3net,C:\deepfake_eval\leakfree_eval\sessions\validation\validation_fake_only_01.mp4,416,0.1968815177679062,0.7806998501221339,1,1,53824,503x503
f3net,C:\deepfake_eval\leakfree_eval\sessions\validation\validation_fake_only_01.mp4,417,0.15764543414115906,0.7246477832396825,1,3,51984,503x503
f3net,C:\deepfake_eval\leakfree_eval\sessions\validation\validation_fake_only_01.mp4,418,0.37118205428123474,0.6830522189537684,1,2,52441,503x503
f3net,C:\deepfake_eval\leakfree_eval\sessions\validation\validation_fake_only_01.mp4,419,0.13778334856033325,0.6259365051984787,1,1,53361,503x503
f3net,C:\deepfake_eval\leakfree_eval\sessions\validation\validation_fake_only_01.mp4,420,0.1241888552904129,0.5682445029417674,1,1,51529,503x503
f3net,C:\deepfake_eval\leakfree_eval\sessions\validation\validation_fake_only_01.mp4,421,0.2744418680667877,0.5618960738182068,1,2,50625,503x503
f3net,C:\deepfake_eval\leakfree_eval\sessions\validation\validation_fake_only_01.mp4,422,0.12241627275943756,0.5265635182460149,1,1,56644,503x503
f3net,C:\deepfake_eval\leakfree_eval\sessions\validation\validation_fake_only_01.mp4,423,0.25233039259910583,0.47926039596398673,1,4,51529,503x503
f3net,C:\deepfake_eval\leakfree_eval\sessions\validation\validation_fake_only_01.mp4,424,0.13592909276485443,0.42869329651196797,1,1,54756,503x503
f3net,C:\deepfake_eval\leakfree_eval\sessions\validation\validation_fake_only_01.mp4,425,0.14111755788326263,0.3887173225482305,1,2,54756,503x503
f3net,C:\deepfake_eval\leakfree_eval\sessions\validation\validation_fake_only_01.mp4,426,0.43927356600761414,0.3899456709623337,1,2,79524,503x503
f3net,C:\deepfake_eval\leakfree_eval\sessions\validation\validation_fake_only_01.mp4,427,0.33884763717651367,0.34703537325064343,1,1,51076,503x503
f3net,C:\deepfake_eval\leakfree_eval\sessions\validation\validation_fake_only_01.mp4,428,0.040658943355083466,0.2831798439224561,1,2,51529,503x503
f3net,C:\deepfake_eval\leakfree_eval\sessions\validation\validation_fake_only_01.mp4,429,0.09473685920238495,0.22301280448834102,1,2,53361,503x503
f3net,C:\deepfake_eval\leakfree_eval\sessions\validation\validation_fake_only_01.mp4,430,0.7093580365180969,0.23578609575827916,1,3,52441,503x503
f3net,C:\deepfake_eval\leakfree_eval\sessions\validation\validation_fake_only_01.mp4,431,0.1471201330423355,0.2324686701099078,1,3,52900,503x503
f3net,C:\deepfake_eval\leakfree_eval\sessions\validation\validation_fake_only_01.mp4,432,0.257701575756073,0.23913907955090205,1,2,53824,503x503
f3net,C:\deepfake_eval\leakfree_eval\sessions\validation\validation_fake_only_01.mp4,433,0.7459543943405151,0.26412390222152077,1,2,52900,503x503
f3net,C:\deepfake_eval\leakfree_eval\sessions\validation\validation_fake_only_01.mp4,434,0.21359139680862427,0.26917777210474014,1,2,54289,503x503
f3net,C:\deepfake_eval\leakfree_eval\sessions\validation\validation_fake_only_01.mp4,435,0.3901338577270508,0.28690743893384935,1,1,51984,503x503
f3net,C:\deepfake_eval\leakfree_eval\sessions\validation\validation_fake_only_01.mp4,436,0.2993697226047516,0.2885692959030469,1,3,51076,503x503
f3net,C:\deepfake_eval\leakfree_eval\sessions\validation\validation_fake_only_01.mp4,437,0.8200783729553223,0.3350801025827726,1,3,52441,503x503
f3net,C:\deepfake_eval\leakfree_eval\sessions\validation\validation_fake_only_01.mp4,438,0.9959521293640137,0.38465488503376644,1,5,88804,503x503
f3net,C:\deepfake_eval\leakfree_eval\sessions\validation\validation_fake_only_01.mp4,439,0.9995118379592896,0.4422270680467288,1,5,78961,503x503
f3net,C:\deepfake_eval\leakfree_eval\sessions\validation\validation_fake_only_01.mp4,440,0.9989227652549744,0.49941408187150954,1,5,86436,503x503
f3net,C:\deepfake_eval\leakfree_eval\sessions\validation\validation_fake_only_01.mp4,441,0.99883633852005,0.5367182667056719,1,5,82369,503x503
f3net,C:\deepfake_eval\leakfree_eval\sessions\validation\validation_fake_only_01.mp4,442,0.9967585206031799,0.5805789922674497,1,5,90601,503x503
f3net,C:\deepfake_eval\leakfree_eval\sessions\validation\validation_fake_only_01.mp4,443,0.9966511130332947,0.6443118035793305,1,5,93025,503x503
f3net,C:\deepfake_eval\leakfree_eval\sessions\validation\validation_fake_only_01.mp4,444,0.9946017265319824,0.704302794734637,1,5,89401,503x503
f3net,C:\deepfake_eval\leakfree_eval\sessions\validation\validation_fake_only_01.mp4,445,0.9960739612579346,0.7234171897172927,1,5,97344,503x503
f3net,C:\deepfake_eval\leakfree_eval\sessions\validation\validation_fake_only_01.mp4,446,0.9980365633964539,0.7801449517409007,1,4,94864,503x503
f3net,C:\deepfake_eval\leakfree_eval\sessions\validation\validation_fake_only_01.mp4,447,0.9942634701728821,0.8292490780353546,1,4,67081,503x503
f3net,C:\deepfake_eval\leakfree_eval\sessions\validation\validation_fake_only_01.mp4,448,0.9378166794776917,0.8420398970444997,1,4,72361,503x503
f3net,C:\deepfake_eval\leakfree_eval\sessions\validation\validation_fake_only_01.mp4,449,0.9967478513717651,0.8942503273487091,1,4,84681,503x503
f3net,C:\deepfake_eval\leakfree_eval\sessions\validation\validation_fake_only_01.mp4,450,0.9911672472953796,0.9343192199865977,1,4,95481,503x503
f3net,C:\deepfake_eval\leakfree_eval\sessions\validation\validation_fake_only_01.mp4,451,0.1908777356147766,0.9270864208539327,1,2,40804,503x503
f3net,C:\deepfake_eval\leakfree_eval\sessions\validation\validation_fake_only_01.mp4,452,0.2519044578075409,0.8892081598440806,1,3,37636,503x503
f3net,C:\deepfake_eval\leakfree_eval\sessions\validation\validation_fake_only_01.mp4,453,0.3341141641139984,0.8450856288274129,1,1,36100,503x503
f3net,C:\deepfake_eval\leakfree_eval\sessions\validation\validation_fake_only_01.mp4,454,0.3428625464439392,0.8013090093930563,1,2,38025,503x503
f3net,C:\deepfake_eval\leakfree_eval\sessions\validation\validation_fake_only_01.mp4,455,0.47321611642837524,0.766261899471283,1,5,40401,503x503
f3net,C:\deepfake_eval\leakfree_eval\sessions\validation\validation_fake_only_01.mp4,456,0.3783974349498749,0.7248993058999379,1,1,36481,503x503
f3net,C:\deepfake_eval\leakfree_eval\sessions\validation\validation_fake_only_01.mp4,457,0.43280816078186035,0.6873026152451833,1,2,41209,503x503
f3net,C:\deepfake_eval\leakfree_eval\sessions\validation\validation_fake_only_01.mp4,458,0.2410673052072525,0.6369303613901138,1,2,40401,503x503
f3net,C:\deepfake_eval\leakfree_eval\sessions\validation\validation_fake_only_01.mp4,459,0.2240319550037384,0.5855590432882309,1,2,40401,503x503
f3net,C:\deepfake_eval\leakfree_eval\sessions\validation\validation_fake_only_01.mp4,460,0.24351274967193604,0.5353882958491644,1,4,36864,503x503
f3net,C:\deepfake_eval\leakfree_eval\sessions\validation\validation_fake_only_01.mp4,461,0.4460142254829407,0.4985868066549301,1,3,42849,503x503
f3net,C:\deepfake_eval\leakfree_eval\sessions\validation\validation_fake_only_01.mp4,462,0.15853920578956604,0.44287185569604237,1,3,40000,503x503
f3net,C:\deepfake_eval\leakfree_eval\sessions\validation\validation_fake_only_01.mp4,463,0.20906634628772736,0.39428850015004474,1,3,38809,503x503
f3net,C:\deepfake_eval\leakfree_eval\sessions\validation\validation_fake_only_01.mp4,464,0.23408879339694977,0.3434445629517237,1,2,36481,503x503
f3net,C:\deepfake_eval\leakfree_eval\sessions\validation\validation_fake_only_01.mp4,465,0.3641894459724426,0.3016460428635279,1,4,39601,503x503
f3net,C:\deepfake_eval\leakfree_eval\sessions\validation\validation_fake_only_01.mp4,466,0.1425221860408783,0.29842233955860137,1,3,37636,503x503
f3net,C:\deepfake_eval\leakfree_eval\sessions\validation\validation_fake_only_01.mp4,467,0.5597063302993774,0.31894246439139046,0,1,25600,720x720
f3net,C:\deepfake_eval\leakfree_eval\sessions\validation\validation_fake_only_01.mp4,468,0.5949519872665405,0.33633165260155995,0,1,24964,720x720
f3net,C:\deepfake_eval\leakfree_eval\sessions\validation\validation_fake_only_01.mp4,469,0.5557145476341248,0.350521786014239,0,1,24964,720x720
f3net,C:\deepfake_eval\leakfree_eval\sessions\validation\validation_fake_only_01.mp4,470,0.5554757118225098,0.3560057590405146,0,1,24649,720x720
f3net,C:\deepfake_eval\leakfree_eval\sessions\validation\validation_fake_only_01.mp4,471,0.5398330092430115,0.3667681306600571,0,1,25600,720x720
f3net,C:\deepfake_eval\leakfree_eval\sessions\validation\validation_fake_only_01.mp4,472,0.5334546566009521,0.3734778970479965,0,1,24649,720x720
f3net,C:\deepfake_eval\leakfree_eval\sessions\validation\validation_fake_only_01.mp4,473,0.595137894153595,0.39708260297775266,0,1,24649,720x720
f3net,C:\deepfake_eval\leakfree_eval\sessions\validation\validation_fake_only_01.mp4,474,0.5872841477394104,0.4212994158267975,1,2,164836,609x609
f3net,C:\deepfake_eval\leakfree_eval\sessions\validation\validation_fake_only_01.mp4,475,0.5962810516357422,0.44481730262438457,0,1,24964,720x720
f3net,C:\deepfake_eval\leakfree_eval\sessions\validation\validation_fake_only_01.mp4,476,0.5250365138053894,0.4500854551792145,0,1,24964,720x720
f3net,C:\deepfake_eval\leakfree_eval\sessions\validation\validation_fake_only_01.mp4,477,0.5382035970687866,0.47539641459782916,0,1,24336,720x720
f3net,C:\deepfake_eval\leakfree_eval\sessions\validation\validation_fake_only_01.mp4,478,0.5764158964157104,0.49988638460636137,0,1,24025,720x720
f3net,C:\deepfake_eval\leakfree_eval\sessions\validation\validation_fake_only_01.mp4,479,0.4997236430644989,0.517595374584198,0,1,26244,720x720
f3net,C:\deepfake_eval\leakfree_eval\sessions\validation\validation_fake_only_01.mp4,480,0.5524734258651733,0.53014763991038,0,1,24964,720x720
f3net,C:\deepfake_eval\leakfree_eval\sessions\validation\validation_fake_only_01.mp4,481,0.6022374033927917,0.5607953210671742,0,1,24964,720x720
f3net,C:\deepfake_eval\leakfree_eval\sessions\validation\validation_fake_only_01.mp4,482,0.5417348742485046,0.5595972239971161,0,1,24649,720x720
f3net,C:\deepfake_eval\leakfree_eval\sessions\validation\validation_fake_only_01.mp4,483,0.5513461828231812,0.5566901703675587,0,1,24025,720x720
f3net,C:\deepfake_eval\leakfree_eval\sessions\validation\validation_fake_only_01.mp4,484,0.5737887024879456,0.5578951140244802,0,1,23716,720x720
f3net,C:\deepfake_eval\leakfree_eval\sessions\validation\validation_fake_only_01.mp4,485,0.5753783583641052,0.5592219571272532,0,1,25921,720x720
f3net,C:\deepfake_eval\leakfree_eval\sessions\validation\validation_fake_only_01.mp4,486,0.592542290687561,0.5627359092235565,0,1,22500,720x720
f3net,C:\deepfake_eval\leakfree_eval\sessions\validation\validation_fake_only_01.mp4,487,0.6519454121589661,0.5706352929274241,0,1,23716,720x720
f3net,C:\deepfake_eval\leakfree_eval\sessions\validation\validation_fake_only_01.mp4,488,0.6627262830734253,0.5751411855220795,0,1,24649,720x720
f3net,C:\deepfake_eval\leakfree_eval\sessions\validation\validation_fake_only_01.mp4,489,0.6220691800117493,0.5774601876735688,0,1,24649,720x720
f3net,C:\deepfake_eval\leakfree_eval\sessions\validation\validation_fake_only_01.mp4,490,0.4842045307159424,0.5699884196122488,1,2,155236,591x591
f3net,C:\deepfake_eval\leakfree_eval\sessions\validation\validation_fake_only_01.mp4,491,0.779818058013916,0.5869738558928171,0,1,2401,720x720
f3net,C:\deepfake_eval\leakfree_eval\sessions\validation\validation_fake_only_01.mp4,492,0.9994848966598511,0.6177259425322215,1,2,217156,699x699
f3net,C:\deepfake_eval\leakfree_eval\sessions\validation\validation_fake_only_01.mp4,493,0.9897783398628235,0.645283438762029,1,3,193600,660x660
f3net,C:\deepfake_eval\leakfree_eval\sessions\validation\validation_fake_only_01.mp4,494,0.8594244122505188,0.669263490041097,1,2,196249,664x664
f3net,C:\deepfake_eval\leakfree_eval\sessions\validation\validation_fake_only_01.mp4,495,0.9343011379241943,0.6947186708450317,1,3,190096,654x654
f3net,C:\deepfake_eval\leakfree_eval\sessions\validation\validation_fake_only_01.mp4,496,0.9976444840431213,0.721079142888387,1,3,191844,657x657
f3net,C:\deepfake_eval\leakfree_eval\sessions\validation\validation_fake_only_01.mp4,497,0.9970182180404663,0.7514313658078512,1,3,196249,664x664
f3net,C:\deepfake_eval\leakfree_eval\sessions\validation\validation_fake_only_01.mp4,498,0.42715322971343994,0.7431518356005351,1,2,213444,693x693
f3net,C:\deepfake_eval\leakfree_eval\sessions\validation\validation_fake_only_01.mp4,499,0.9977619647979736,0.771416719754537,1,2,192721,658x658
f3net,C:\deepfake_eval\leakfree_eval\sessions\validation\validation_fake_only_01.mp4,500,0.9600632190704346,0.7970623771349589,0,2,4489,720x720
f3net,C:\deepfake_eval\leakfree_eval\sessions\validation\validation_fake_only_01.mp4,501,0.459360808134079,0.7881836116313934,0,1,24025,720x720
f3net,C:\deepfake_eval\leakfree_eval\sessions\validation\validation_fake_only_01.mp4,502,0.44113889336586,0.774129843711853,0,2,24336,720x720
f3net,C:\deepfake_eval\leakfree_eval\sessions\validation\validation_fake_only_01.mp4,503,0.5076549649238586,0.7637917558352153,0,2,22500,720x720
f3net,C:\deepfake_eval\leakfree_eval\sessions\validation\validation_fake_only_01.mp4,504,0.5045903325080872,0.7559598326683045,0,2,21609,720x720
f3net,C:\deepfake_eval\leakfree_eval\sessions\validation\validation_fake_only_01.mp4,505,0.5798978805541992,0.7623393893241882,0,3,21609,720x720
f3net,C:\deepfake_eval\leakfree_eval\sessions\validation\validation_fake_only_01.mp4,506,0.5747371315956116,0.7486673275629679,0,3,21316,720x720
f3net,C:\deepfake_eval\leakfree_eval\sessions\validation\validation_fake_only_01.mp4,507,0.5882512331008911,0.7212517499923706,0,1,21904,720x720
f3net,C:\deepfake_eval\leakfree_eval\sessions\validation\validation_fake_only_01.mp4,508,0.5442374348640442,0.691549022992452,0,1,20164,720x720
f3net,C:\deepfake_eval\leakfree_eval\sessions\validation\validation_fake_only_01.mp4,509,0.47254127264022827,0.6657568136850993,0,1,21904,720x720
f3net,C:\deepfake_eval\leakfree_eval\sessions\validation\validation_fake_only_01.mp4,510,0.896112322807312,0.6632108926773072,1,3,28900,503x503
f3net,C:\deepfake_eval\leakfree_eval\sessions\validation\validation_fake_only_01.mp4,511,0.667850136756897,0.6412246028582255,1,2,28561,503x503
f3net,C:\deepfake_eval\leakfree_eval\sessions\validation\validation_fake_only_01.mp4,512,0.5536777377128601,0.611668570836385,0,2,22500,720x720
f3net,C:\deepfake_eval\leakfree_eval\sessions\validation\validation_fake_only_01.mp4,513,0.5041865110397339,0.6168041229248047,0,1,22801,720x720
f3net,C:\deepfake_eval\leakfree_eval\sessions\validation\validation_fake_only_01.mp4,514,0.5150496959686279,0.5846233050028483,0,3,23104,720x720
f3net,C:\deepfake_eval\leakfree_eval\sessions\validation\validation_fake_only_01.mp4,515,0.5394203066825867,0.5565804441769918,0,2,21609,720x720
f3net,C:\deepfake_eval\leakfree_eval\sessions\validation\validation_fake_only_01.mp4,516,0.5070687532424927,0.5597609738508861,0,1,23716,720x720
f3net,C:\deepfake_eval\leakfree_eval\sessions\validation\validation_fake_only_01.mp4,517,0.523260235786438,0.5652357300122579,0,1,23104,720x720
f3net,C:\deepfake_eval\leakfree_eval\sessions\validation\validation_fake_only_01.mp4,518,0.5140578150749207,0.5656625866889954,0,2,24025,720x720
f3net,C:\deepfake_eval\leakfree_eval\sessions\validation\validation_fake_only_01.mp4,519,0.5124496221542358,0.566186539332072,0,1,21904,720x720
f3net,C:\deepfake_eval\leakfree_eval\sessions\validation\validation_fake_only_01.mp4,520,0.5144062042236328,0.5618204275767008,0,2,21904,720x720
f3net,C:\deepfake_eval\leakfree_eval\sessions\validation\validation_fake_only_01.mp4,521,0.4937262535095215,0.5564197023709615,0,1,22500,720x720
f3net,C:\deepfake_eval\leakfree_eval\sessions\validation\validation_fake_only_01.mp4,522,0.5107946395874023,0.5512559294700623,0,2,21609,720x720
f3net,C:\deepfake_eval\leakfree_eval\sessions\validation\validation_fake_only_01.mp4,523,0.441905677318573,0.5444338123003641,0,1,20736,720x720
f3net,C:\deepfake_eval\leakfree_eval\sessions\validation\validation_fake_only_01.mp4,524,0.5110099911689758,0.546998393535614,0,2,22801,720x720
f3net,C:\deepfake_eval\leakfree_eval\sessions\validation\validation_fake_only_01.mp4,525,0.5735070705413818,0.5254913767178854,0,2,21609,720x720
f3net,C:\deepfake_eval\leakfree_eval\sessions\validation\validation_fake_only_01.mp4,526,0.5086665749549866,0.5148791392644246,0,2,25600,720x720
f3net,C:\deepfake_eval\leakfree_eval\sessions\validation\validation_fake_only_01.mp4,527,0.5288803577423096,0.5132259805997212,0,1,23104,720x720
f3net,C:\deepfake_eval\leakfree_eval\sessions\validation\validation_fake_only_01.mp4,528,0.6968991756439209,0.5260734915733337,1,2,28900,503x503
f3net,C:\deepfake_eval\leakfree_eval\sessions\validation\validation_fake_only_01.mp4,529,0.5571596622467041,0.5288808226585389,0,1,22500,720x720
f3net,C:\deepfake_eval\leakfree_eval\sessions\validation\validation_fake_only_01.mp4,530,0.5177302956581116,0.5274348219235738,0,1,22500,720x720
f3net,C:\deepfake_eval\leakfree_eval\sessions\validation\validation_fake_only_01.mp4,531,0.5076976418495178,0.5274767478307089,0,1,23104,720x720
f3net,C:\deepfake_eval\leakfree_eval\sessions\validation\validation_fake_only_01.mp4,532,0.5522395968437195,0.5294087052345275,1,1,30276,503x503
f3net,C:\deepfake_eval\leakfree_eval\sessions\validation\validation_fake_only_01.mp4,533,0.4060080945491791,0.5222053905328115,1,1,28900,503x503
f3net,C:\deepfake_eval\leakfree_eval\sessions\validation\validation_fake_only_01.mp4,534,0.23827460408210754,0.5039270559946696,1,1,31329,503x503
f3net,C:\deepfake_eval\leakfree_eval\sessions\validation\validation_fake_only_01.mp4,535,0.516163170337677,0.5040441870689392,1,1,28900,503x503
f3net,C:\deepfake_eval\leakfree_eval\sessions\validation\validation_fake_only_01.mp4,536,0.4833713173866272,0.5033538579940796,1,1,32041,503x503
f3net,C:\deepfake_eval\leakfree_eval\sessions\validation\validation_fake_only_01.mp4,537,0.49438580870628357,0.5022599359353384,1,1,28224,503x503
f3net,C:\deepfake_eval\leakfree_eval\sessions\validation\validation_fake_only_01.mp4,538,0.5048946142196655,0.5064591983954112,1,2,27889,503x503
f3net,C:\deepfake_eval\leakfree_eval\sessions\validation\validation_fake_only_01.mp4,539,0.495678186416626,0.5054370780785878,1,1,30625,503x503
f3net,C:\deepfake_eval\leakfree_eval\sessions\validation\validation_fake_only_01.mp4,540,0.3912942111492157,0.49328955411911013,1,1,32400,503x503
f3net,C:\deepfake_eval\leakfree_eval\sessions\validation\validation_fake_only_01.mp4,541,0.555809497833252,0.4964324156443278,0,3,27225,720x720
f3net,C:\deepfake_eval\leakfree_eval\sessions\validation\validation_fake_only_01.mp4,542,0.49288079142570496,0.49403244455655415,1,1,28224,503x503
f3net,C:\deepfake_eval\leakfree_eval\sessions\validation\validation_fake_only_01.mp4,543,0.44306790828704834,0.477110360066096,1,1,30625,503x503
f3net,C:\deepfake_eval\leakfree_eval\sessions\validation\validation_fake_only_01.mp4,544,0.4874185621738434,0.47246095339457195,1,1,31684,503x503
f3net,C:\deepfake_eval\leakfree_eval\sessions\validation\validation_fake_only_01.mp4,545,0.5134451389312744,0.47217527627944944,0,1,27225,720x720
f3net,C:\deepfake_eval\leakfree_eval\sessions\validation\validation_fake_only_01.mp4,546,0.49003440141677856,0.4709977269172668,1,1,30625,503x503
f3net,C:\deepfake_eval\leakfree_eval\sessions\validation\validation_fake_only_01.mp4,547,0.5017049908638,0.4676287531852722,1,1,32041,503x503
f3net,C:\deepfake_eval\leakfree_eval\sessions\validation\validation_fake_only_01.mp4,548,0.9528303742408752,0.5040835718313853,1,1,67600,503x503
f3net,C:\deepfake_eval\leakfree_eval\sessions\validation\validation_fake_only_01.mp4,549,0.646190345287323,0.5312779545783997,1,1,66049,503x503
f3net,C:\deepfake_eval\leakfree_eval\sessions\validation\validation_fake_only_01.mp4,550,0.9895137548446655,0.5628346602121989,1,1,63001,503x503
f3net,C:\deepfake_eval\leakfree_eval\sessions\validation\validation_fake_only_01.mp4,551,0.9127621054649353,0.5914607127507527,1,1,68644,503x503
f3net,C:\deepfake_eval\leakfree_eval\sessions\validation\validation_fake_only_01.mp4,552,0.9813024401664734,0.6239218215147654,1,1,77284,503x503
f3net,C:\deepfake_eval\leakfree_eval\sessions\validation\validation_fake_only_01.mp4,553,0.9955436587333679,0.656631757815679,1,1,72361,503x503
f3net,C:\deepfake_eval\leakfree_eval\sessions\validation\validation_fake_only_01.mp4,554,0.9073635935783386,0.6840774516264597,1,1,76729,503x503
f3net,C:\deepfake_eval\leakfree_eval\sessions\validation\validation_fake_only_01.mp4,555,0.9925097227096558,0.7241584857304891,1,1,75076,503x503
f3net,C:\deepfake_eval\leakfree_eval\sessions\validation\validation_fake_only_01.mp4,556,0.9890989065170288,0.7530444463094076,1,1,67081,503x503
f3net,C:\deepfake_eval\leakfree_eval\sessions\validation\validation_fake_only_01.mp4,557,0.9966709017753601,0.7866304536660512,1,1,62500,503x503
f3net,C:\deepfake_eval\leakfree_eval\sessions\validation\validation_fake_only_01.mp4,558,0.9438768029212952,0.8200177133083344,1,2,64516,503x503
f3net,C:\deepfake_eval\leakfree_eval\sessions\validation\validation_fake_only_01.mp4,559,0.9555900692939758,0.8512291471163432,1,1,64516,503x503
f3net,C:\deepfake_eval\leakfree_eval\sessions\validation\validation_fake_only_01.mp4,560,0.9773029088973999,0.8821529984474182,1,1,69169,503x503
f3net,C:\deepfake_eval\leakfree_eval\sessions\validation\validation_fake_only_01.mp4,561,0.9891855716705322,0.9154297431310018,1,1,69169,503x503
f3net,C:\deepfake_eval\leakfree_eval\sessions\validation\validation_fake_only_01.mp4,562,0.8365203142166138,0.937750764687856,1,1,65536,503x503
f3net,C:\deepfake_eval\leakfree_eval\sessions\validation\validation_fake_only_01.mp4,563,0.9434595108032227,0.9371260404586792,1,1,72900,503x503
f3net,C:\deepfake_eval\leakfree_eval\sessions\validation\validation_fake_only_01.mp4,564,0.5315046310424805,0.9294803261756897,0,0,,720x720
f3net,C:\deepfake_eval\leakfree_eval\sessions\validation\validation_fake_only_01.mp4,565,0.3002888858318329,0.8835320015748341,1,2,33856,503x503
f3net,C:\deepfake_eval\leakfree_eval\sessions\validation\validation_fake_only_01.mp4,566,0.13318879902362823,0.8315604478120804,1,2,53361,503x503
f3net,C:\deepfake_eval\leakfree_eval\sessions\validation\validation_fake_only_01.mp4,567,0.5026493668556213,0.7996502429246902,1,1,33124,503x503
f3net,C:\deepfake_eval\leakfree_eval\sessions\validation\validation_fake_only_01.mp4,568,0.49775266647338867,0.766464176774025,1,1,32761,503x503
f3net,C:\deepfake_eval\leakfree_eval\sessions\validation\validation_fake_only_01.mp4,569,0.23919019103050232,0.7219192832708359,1,3,31684,503x503
f3net,C:\deepfake_eval\leakfree_eval\sessions\validation\validation_fake_only_01.mp4,570,0.4267110526561737,0.6841993719339371,1,1,30976,503x503
f3net,C:\deepfake_eval\leakfree_eval\sessions\validation\validation_fake_only_01.mp4,571,0.4125041663646698,0.6457597225904464,1,2,34596,503x503
f3net,C:\deepfake_eval\leakfree_eval\sessions\validation\validation_fake_only_01.mp4,572,0.36470046639442444,0.6036283602317174,1,3,34596,503x503
f3net,C:\deepfake_eval\leakfree_eval\sessions\validation\validation_fake_only_01.mp4,573,0.363172322511673,0.5649147282044092,1,2,30976,503x503
f3net,C:\deepfake_eval\leakfree_eval\sessions\validation\validation_fake_only_01.mp4,574,0.6735438108444214,0.5461116443077724,1,2,34225,503x503
f3net,C:\deepfake_eval\leakfree_eval\sessions\validation\validation_fake_only_01.mp4,575,0.27513784170150757,0.4993006398280462,1,2,31329,503x503
f3net,C:\deepfake_eval\leakfree_eval\sessions\validation\validation_fake_only_01.mp4,576,0.24725651741027832,0.44983870287736255,1,2,30625,503x503
f3net,C:\deepfake_eval\leakfree_eval\sessions\validation\validation_fake_only_01.mp4,577,0.5489088296890259,0.4306646039088567,1,2,28900,503x503
f3net,C:\deepfake_eval\leakfree_eval\sessions\validation\validation_fake_only_01.mp4,578,0.35851964354515076,0.3916686127583186,1,2,29584,503x503
f3net,C:\deepfake_eval\leakfree_eval\sessions\validation\validation_fake_only_01.mp4,579,0.2795034945011139,0.37486853698889416,1,2,32041,503x503
f3net,C:\deepfake_eval\leakfree_eval\sessions\validation\validation_fake_only_01.mp4,580,0.27059587836265564,0.37288900315761564,1,2,29929,503x503
f3net,C:\deepfake_eval\leakfree_eval\sessions\validation\validation_fake_only_01.mp4,581,0.2627219259738922,0.38152454495429994,1,3,32400,503x503
f3net,C:\deepfake_eval\leakfree_eval\sessions\validation\validation_fake_only_01.mp4,582,0.17074935138225555,0.3593978772560755,1,2,32400,503x503
f3net,C:\deepfake_eval\leakfree_eval\sessions\validation\validation_fake_only_01.mp4,583,0.21539054811000824,0.3405737360318502,1,1,34225,503x503
f3net,C:\deepfake_eval\leakfree_eval\sessions\validation\validation_fake_only_01.mp4,584,0.20550735294818878,0.3383282134930293,1,2,40804,503x503
f3net,C:\deepfake_eval\leakfree_eval\sessions\validation\validation_fake_only_01.mp4,585,0.14800161123275757,0.3197475840648015,1,1,39204,503x503
f3net,C:\deepfake_eval\leakfree_eval\sessions\validation\validation_fake_only_01.mp4,586,0.7002450227737427,0.3389303078254064,1,1,36864,503x503
f3net,C:\deepfake_eval\leakfree_eval\sessions\validation\validation_fake_only_01.mp4,587,0.9584176540374756,0.3785114536682765,1,1,30976,503x503
f3net,C:\deepfake_eval\leakfree_eval\sessions\validation\validation_fake_only_01.mp4,588,0.9934839606285095,0.4205322295427322,0,0,,720x720
f3net,C:\deepfake_eval\leakfree_eval\sessions\validation\validation_fake_only_01.mp4,589,0.7673857808113098,0.42678836087385813,0,1,25600,720x720
f3net,C:\deepfake_eval\leakfree_eval\sessions\validation\validation_fake_only_01.mp4,590,0.7257485389709473,0.4568290740251541,1,1,30625,503x503
f3net,C:\deepfake_eval\leakfree_eval\sessions\validation\validation_fake_only_01.mp4,591,0.7168072462081909,0.488132455945015,1,1,31329,503x503
f3net,C:\deepfake_eval\leakfree_eval\sessions\validation\validation_fake_only_01.mp4,592,0.5166360139846802,0.48598093489805855,0,1,24336,720x720
f3net,C:\deepfake_eval\leakfree_eval\sessions\validation\validation_fake_only_01.mp4,593,0.511909544467926,0.49620692829291024,0,0,,720x720
f3net,C:\deepfake_eval\leakfree_eval\sessions\validation\validation_fake_only_01.mp4,594,0.582032322883606,0.5163755168517431,0,2,24964,720x720
f3net,C:\deepfake_eval\leakfree_eval\sessions\validation\validation_fake_only_01.mp4,595,0.5821491479873657,0.5371457348267238,0,2,24964,720x720
f3net,C:\deepfake_eval\leakfree_eval\sessions\validation\validation_fake_only_01.mp4,596,0.6065158843994141,0.5600653320550919,0,1,23716,720x720
f3net,C:\deepfake_eval\leakfree_eval\sessions\validation\validation_fake_only_01.mp4,597,0.9161466360092163,0.609758484363556,1,1,28561,503x503
f3net,C:\deepfake_eval\leakfree_eval\sessions\validation\validation_fake_only_01.mp4,598,0.5217669010162354,0.6301835745573043,0,3,25281,720x720
f3net,C:\deepfake_eval\leakfree_eval\sessions\validation\validation_fake_only_01.mp4,599,0.5527685880661011,0.6533343235651652,0,2,25281,720x720
f3net,C:\deepfake_eval\leakfree_eval\sessions\validation\validation_mixed_01.mp4,0,0.08784838020801544,0.08784838020801544,1,1,84681,503x503
f3net,C:\deepfake_eval\leakfree_eval\sessions\validation\validation_mixed_01.mp4,1,0.06456084549427032,0.07620461285114288,1,1,71289,503x503
f3net,C:\deepfake_eval\leakfree_eval\sessions\validation\validation_mixed_01.mp4,2,0.1618531048297882,0.10475411017735799,1,1,79524,503x503
f3net,C:\deepfake_eval\leakfree_eval\sessions\validation\validation_mixed_01.mp4,3,0.44584786891937256,0.19002754986286163,1,1,71824,503x503
f3net,C:\deepfake_eval\leakfree_eval\sessions\validation\validation_mixed_01.mp4,4,0.1456426978111267,0.18115057945251464,1,1,82944,503x503
f3net,C:\deepfake_eval\leakfree_eval\sessions\validation\validation_mixed_01.mp4,5,0.049274131655693054,0.15917117148637772,1,1,75076,503x503
f3net,C:\deepfake_eval\leakfree_eval\sessions\validation\validation_mixed_01.mp4,6,0.036575231701135635,0.1416574658027717,1,1,87025,503x503
f3net,C:\deepfake_eval\leakfree_eval\sessions\validation\validation_mixed_01.mp4,7,0.08849286288022995,0.13501189043745399,1,1,70225,503x503
f3net,C:\deepfake_eval\leakfree_eval\sessions\validation\validation_mixed_01.mp4,8,0.03892630711197853,0.12433571451240116,1,2,72900,503x503
f3net,C:\deepfake_eval\leakfree_eval\sessions\validation\validation_mixed_01.mp4,9,0.022517165169119835,0.11415385957807303,1,1,81225,503x503
f3net,C:\deepfake_eval\leakfree_eval\sessions\validation\validation_mixed_01.mp4,10,0.036881040781736374,0.10712905786931515,1,2,81225,503x503
f3net,C:\deepfake_eval\leakfree_eval\sessions\validation\validation_mixed_01.mp4,11,0.08115947246551514,0.10496492575233181,1,2,77841,503x503
f3net,C:\deepfake_eval\leakfree_eval\sessions\validation\validation_mixed_01.mp4,12,0.6156484484672546,0.14424827365347972,1,1,82944,503x503
f3net,C:\deepfake_eval\leakfree_eval\sessions\validation\validation_mixed_01.mp4,13,0.24955594539642334,0.15177025020654714,1,1,93636,503x503
f3net,C:\deepfake_eval\leakfree_eval\sessions\validation\validation_mixed_01.mp4,14,0.050534553825855255,0.14502120378116767,1,1,85264,503x503
f3net,C:\deepfake_eval\leakfree_eval\sessions\validation\validation_mixed_01.mp4,15,0.021669384092092514,0.14060927070677282,1,1,54289,503x503
f3net,C:\deepfake_eval\leakfree_eval\sessions\validation\validation_mixed_01.mp4,16,0.07829901576042175,0.14152514872451624,1,1,54756,503x503
f3net,C:\deepfake_eval\leakfree_eval\sessions\validation\validation_mixed_01.mp4,17,0.306148886680603,0.15114486751457054,1,1,50176,503x503
f3net,C:\deepfake_eval\leakfree_eval\sessions\validation\validation_mixed_01.mp4,18,0.03534211218357086,0.1237778170655171,1,1,48400,503x503
f3net,C:\deepfake_eval\leakfree_eval\sessions\validation\validation_mixed_01.mp4,19,0.056920476257801056,0.1178630022952954,1,1,47524,503x503
f3net,C:\deepfake_eval\leakfree_eval\sessions\validation\validation_mixed_01.mp4,20,0.10104954242706299,0.12131469634672006,1,1,47961,503x503
f3net,C:\deepfake_eval\leakfree_eval\sessions\validation\validation_mixed_01.mp4,21,0.03858990967273712,0.12144900821149349,1,1,48400,503x503
f3net,C:\deepfake_eval\leakfree_eval\sessions\validation\validation_mixed_01.mp4,22,0.5672544240951538,0.15336644562582175,1,1,43681,503x503
f3net,C:\deepfake_eval\leakfree_eval\sessions\validation\validation_mixed_01.mp4,23,0.3081347644329071,0.17131367611388365,1,1,50176,503x503
f3net,C:\deepfake_eval\leakfree_eval\sessions\validation\validation_mixed_01.mp4,24,0.8723225593566895,0.22796736905972162,1,2,44100,503x503
f3net,C:\deepfake_eval\leakfree_eval\sessions\validation\validation_mixed_01.mp4,25,0.5597177743911743,0.26282315130035083,1,2,45369,503x503
f3net,C:\deepfake_eval\leakfree_eval\sessions\validation\validation_mixed_01.mp4,26,0.5024653673171997,0.2909102109571298,1,1,47961,503x503
f3net,C:\deepfake_eval\leakfree_eval\sessions\validation\validation_mixed_01.mp4,27,0.7624217867851257,0.3006951001783212,1,2,47524,503x503
f3net,C:\deepfake_eval\leakfree_eval\sessions\validation\validation_mixed_01.mp4,28,0.8707144260406494,0.3421056655546029,1,1,41616,503x503
f3net,C:\deepfake_eval\leakfree_eval\sessions\validation\validation_mixed_01.mp4,29,0.6913517713546753,0.38482681338985764,1,2,44100,503x503
f3net,C:\deepfake_eval\leakfree_eval\sessions\validation\validation_mixed_01.mp4,30,0.8616557121276855,0.4408259019255638,1,4,43264,503x503
f3net,C:\deepfake_eval\leakfree_eval\sessions\validation\validation_mixed_01.mp4,31,0.7994519472122192,0.48890276402235033,1,2,45796,503x503
f3net,C:\deepfake_eval\leakfree_eval\sessions\validation\validation_mixed_01.mp4,32,0.662041187286377,0.5126289173960685,0,1,13225,720x720
f3net,C:\deepfake_eval\leakfree_eval\sessions\validation\validation_mixed_01.mp4,33,0.5689201951026917,0.5482007895906766,0,1,12769,720x720
f3net,C:\deepfake_eval\leakfree_eval\sessions\validation\validation_mixed_01.mp4,34,0.661317765712738,0.5884939422210057,0,1,12321,720x720
f3net,C:\deepfake_eval\leakfree_eval\sessions\validation\validation_mixed_01.mp4,35,0.7066622376441956,0.6288681219021479,0,1,13924,720x720
f3net,C:\deepfake_eval\leakfree_eval\sessions\validation\validation_mixed_01.mp4,36,0.6782816052436829,0.671514234940211,0,1,13225,720x720
f3net,C:\deepfake_eval\leakfree_eval\sessions\validation\validation_mixed_01.mp4,37,0.6808033585548401,0.67908416390419,0,1,13225,720x720
f3net,C:\deepfake_eval\leakfree_eval\sessions\validation\validation_mixed_01.mp4,38,0.6390038728713989,0.7011421044667562,0,1,12769,720x720
f3net,C:\deepfake_eval\leakfree_eval\sessions\validation\validation_mixed_01.mp4,39,0.6486503481864929,0.6862306237220764,0,1,12769,720x720
f3net,C:\deepfake_eval\leakfree_eval\sessions\validation\validation_mixed_01.mp4,40,0.697403609752655,0.6954096794128418,0,1,12769,720x720
f3net,C:\deepfake_eval\leakfree_eval\sessions\validation\validation_mixed_01.mp4,41,0.6605515480041504,0.7059487581253052,0,1,13456,720x720
f3net,C:\deepfake_eval\leakfree_eval\sessions\validation\validation_mixed_01.mp4,42,0.60288006067276,0.6953126430511475,0,1,13456,720x720
f3net,C:\deepfake_eval\leakfree_eval\sessions\validation\validation_mixed_01.mp4,43,0.6598391532897949,0.6812542915344239,0,1,13225,720x720
f3net,C:\deepfake_eval\leakfree_eval\sessions\validation\validation_mixed_01.mp4,44,0.6514622569084167,0.6785949905713399,0,1,13689,720x720
f3net,C:\deepfake_eval\leakfree_eval\sessions\validation\validation_mixed_01.mp4,45,0.6746675372123718,0.6661291122436523,0,1,13689,720x720
f3net,C:\deepfake_eval\leakfree_eval\sessions\validation\validation_mixed_01.mp4,46,0.6707653403282166,0.6575500051180522,0,1,12769,720x720
f3net,C:\deepfake_eval\leakfree_eval\sessions\validation\validation_mixed_01.mp4,47,0.6991741061210632,0.6600255330403646,0,1,12996,720x720
f3net,C:\deepfake_eval\leakfree_eval\sessions\validation\validation_mixed_01.mp4,48,0.6452805399894714,0.6651162226994832,0,1,11236,720x720
f3net,C:\deepfake_eval\leakfree_eval\sessions\validation\validation_mixed_01.mp4,49,0.5297964215278625,0.6563481330871582,0,1,13456,720x720
f3net,C:\deepfake_eval\leakfree_eval\sessions\validation\validation_mixed_01.mp4,50,0.5815574526786804,0.6480078140894572,0,1,12544,720x720
f3net,C:\deepfake_eval\leakfree_eval\sessions\validation\validation_mixed_01.mp4,51,0.6904882788658142,0.6488215923309326,0,1,12100,720x720
f3net,C:\deepfake_eval\leakfree_eval\sessions\validation\validation_mixed_01.mp4,52,0.6543405055999756,0.6470574021339417,0,1,13225,720x720
f3net,C:\deepfake_eval\leakfree_eval\sessions\validation\validation_mixed_01.mp4,53,0.7102417349815369,0.6518065929412842,0,1,12996,720x720
f3net,C:\deepfake_eval\leakfree_eval\sessions\validation\validation_mixed_01.mp4,54,0.6173040270805359,0.649716838200887,0,1,13924,720x720
f3net,C:\deepfake_eval\leakfree_eval\sessions\validation\validation_mixed_01.mp4,55,0.6738301515579224,0.6481452743212383,0,1,12769,720x720
f3net,C:\deepfake_eval\leakfree_eval\sessions\validation\validation_mixed_01.mp4,56,0.6541097164154053,0.6477158188819885,0,1,12100,720x720
f3net,C:\deepfake_eval\leakfree_eval\sessions\validation\validation_mixed_01.mp4,57,0.6848264336585999,0.6531789104143778,0,1,11664,720x720
f3net,C:\deepfake_eval\leakfree_eval\sessions\validation\validation_mixed_01.mp4,58,0.646862268447876,0.65231378475825,0,1,11664,720x720
f3net,C:\deepfake_eval\leakfree_eval\sessions\validation\validation_mixed_01.mp4,59,0.7944297194480896,0.6618449489275614,0,1,13225,720x720
f3net,C:\deepfake_eval\leakfree_eval\sessions\validation\validation_mixed_01.mp4,60,0.7165672779083252,0.6646382649739583,0,1,12769,720x720
f3net,C:\deepfake_eval\leakfree_eval\sessions\validation\validation_mixed_01.mp4,61,0.7363784909248352,0.669012475013733,0,1,13456,720x720
f3net,C:\deepfake_eval\leakfree_eval\sessions\validation\validation_mixed_01.mp4,62,0.6845268607139587,0.6680359919865926,0,1,13689,720x720
f3net,C:\deepfake_eval\leakfree_eval\sessions\validation\validation_mixed_01.mp4,63,0.8861281275749207,0.6840924978256225,0,1,12996,720x720
f3net,C:\deepfake_eval\leakfree_eval\sessions\validation\validation_mixed_01.mp4,64,0.6708114743232727,0.6934935013453166,0,1,13689,720x720
f3net,C:\deepfake_eval\leakfree_eval\sessions\validation\validation_mixed_01.mp4,65,0.6789118647575378,0.6999837954839071,0,1,13689,720x720
f3net,C:\deepfake_eval\leakfree_eval\sessions\validation\validation_mixed_01.mp4,66,0.019056862220168114,0.655221701040864,1,1,161604,603x603
f3net,C:\deepfake_eval\leakfree_eval\sessions\validation\validation_mixed_01.mp4,67,0.01420516800135374,0.6125460118676226,1,1,153664,588x588
f3net,C:\deepfake_eval\leakfree_eval\sessions\validation\validation_mixed_01.mp4,68,0.006799772381782532,0.5656498810276389,1,1,162409,604x604
f3net,C:\deepfake_eval\leakfree_eval\sessions\validation\validation_mixed_01.mp4,69,0.007158449850976467,0.524973509212335,1,1,179776,636x636
f3net,C:\deepfake_eval\leakfree_eval\sessions\validation\validation_mixed_01.mp4,70,0.0034652838949114084,0.4802825180348009,1,1,178084,633x633
f3net,C:\deepfake_eval\leakfree_eval\sessions\validation\validation_mixed_01.mp4,71,0.11410874873399734,0.444282453522707,1,1,162409,604x604
f3net,C:\deepfake_eval\leakfree_eval\sessions\validation\validation_mixed_01.mp4,72,0.012137126177549362,0.399436499690637,1,1,179776,636x636
f3net,C:\deepfake_eval\leakfree_eval\sessions\validation\validation_mixed_01.mp4,73,0.08888564258813858,0.3622380579666545,1,1,165649,610x610
f3net,C:\deepfake_eval\leakfree_eval\sessions\validation\validation_mixed_01.mp4,74,0.020905043929815292,0.3106697462654362,1,1,156025,592x592
f3net,C:\deepfake_eval\leakfree_eval\sessions\validation\validation_mixed_01.mp4,75,0.021114345639944077,0.2643062174475441,1,1,164836,609x609
f3net,C:\deepfake_eval\leakfree_eval\sessions\validation\validation_mixed_01.mp4,76,0.05265481397509575,0.21872463898422817,1,1,165649,610x610
f3net,C:\deepfake_eval\leakfree_eval\sessions\validation\validation_mixed_01.mp4,77,0.4458523690700531,0.2028130062079678,1,3,47961,503x503
f3net,C:\deepfake_eval\leakfree_eval\sessions\validation\validation_mixed_01.mp4,78,0.8651064038276672,0.2014115579581509,1,2,47089,503x503
f3net,C:\deepfake_eval\leakfree_eval\sessions\validation\validation_mixed_01.mp4,79,0.7293016314506531,0.20531090176664293,1,3,47524,503x503
f3net,C:\deepfake_eval\leakfree_eval\sessions\validation\validation_mixed_01.mp4,80,0.7102536559104919,0.2074003545101732,1,3,47089,503x503
f3net,C:\deepfake_eval\leakfree_eval\sessions\validation\validation_mixed_01.mp4,81,0.9000953435897827,0.2661362532681475,1,3,46656,503x503
f3net,C:\deepfake_eval\leakfree_eval\sessions\validation\validation_mixed_01.mp4,82,0.8162156939506531,0.31960362166476747,1,3,45796,503x503
f3net,C:\deepfake_eval\leakfree_eval\sessions\validation\validation_mixed_01.mp4,83,0.5850932002067566,0.35815651685309907,1,3,47089,503x503
f3net,C:\deepfake_eval\leakfree_eval\sessions\validation\validation_mixed_01.mp4,84,0.7111718654632568,0.4050907445605844,1,2,44944,503x503
f3net,C:\deepfake_eval\leakfree_eval\sessions\validation\validation_mixed_01.mp4,85,0.8092100620269775,0.4588070631027222,1,3,49729,503x503
f3net,C:\deepfake_eval\leakfree_eval\sessions\validation\validation_mixed_01.mp4,86,0.6120793223381042,0.49200510134299597,1,3,46225,503x503
f3net,C:\deepfake_eval\leakfree_eval\sessions\validation\validation_mixed_01.mp4,87,0.7461739182472229,0.5409408874809742,1,3,44100,503x503
f3net,C:\deepfake_eval\leakfree_eval\sessions\validation\validation_mixed_01.mp4,88,0.9523022770881653,0.5985019964476427,1,3,44100,503x503
f3net,C:\deepfake_eval\leakfree_eval\sessions\validation\validation_mixed_01.mp4,89,0.7776312232017517,0.6489504083991051,1,3,44944,503x503
f3net,C:\deepfake_eval\leakfree_eval\sessions\validation\validation_mixed_01.mp4,90,0.9270414710044861,0.7093455500900745,1,3,45369,503x503
f3net,C:\deepfake_eval\leakfree_eval\sessions\validation\validation_mixed_01.mp4,91,0.9522252082824707,0.7693169097105662,1,3,47961,503x503
f3net,C:\deepfake_eval\leakfree_eval\sessions\validation\validation_mixed_01.mp4,92,0.7457016110420227,0.7893068591753641,1,3,45796,503x503
f3net,C:\deepfake_eval\leakfree_eval\sessions\validation\validation_mixed_01.mp4,93,0.9782318472862244,0.7968485554059347,1,2,48400,503x503
f3net,C:\deepfake_eval\leakfree_eval\sessions\validation\validation_mixed_01.mp4,94,0.7536892294883728,0.798474395275116,1,2,44100,503x503
f3net,C:\deepfake_eval\leakfree_eval\sessions\validation\validation_mixed_01.mp4,95,0.9126203060150146,0.8119655052820841,1,2,44100,503x503
f3net,C:\deepfake_eval\leakfree_eval\sessions\validation\validation_mixed_01.mp4,96,0.7872785925865173,0.8044443885485332,1,3,44944,503x503
f3net,C:\deepfake_eval\leakfree_eval\sessions\validation\validation_mixed_01.mp4,97,0.7961086630821228,0.8031039198239645,1,2,44100,503x503
f3net,C:\deepfake_eval\leakfree_eval\sessions\validation\validation_mixed_01.mp4,98,0.7926798462867737,0.8169430295626322,1,3,44521,503x503
f3net,C:\deepfake_eval\leakfree_eval\sessions\validation\validation_mixed_01.mp4,99,0.4680286943912506,0.8007334848244985,0,1,24025,720x720
f3net,C:\deepfake_eval\leakfree_eval\sessions\validation\validation_mixed_01.mp4,100,0.4839804768562317,0.7790515124797821,0,1,21316,720x720
f3net,C:\deepfake_eval\leakfree_eval\sessions\validation\validation_mixed_01.mp4,101,0.4806728959083557,0.7702910840511322,0,1,21904,720x720
f3net,C:\deepfake_eval\leakfree_eval\sessions\validation\validation_mixed_01.mp4,102,0.46557438373565674,0.7515844484170278,0,1,23409,720x720
f3net,C:\deepfake_eval\leakfree_eval\sessions\validation\validation_mixed_01.mp4,103,0.4741283357143402,0.7197061856587728,0,1,21904,720x720
f3net,C:\deepfake_eval\leakfree_eval\sessions\validation\validation_mixed_01.mp4,104,0.48326218128204346,0.7000815828641256,0,2,21609,720x720
f3net,C:\deepfake_eval\leakfree_eval\sessions\validation\validation_mixed_01.mp4,105,0.47329238057136536,0.6698316435019175,0,2,23409,720x720
f3net,C:\deepfake_eval\leakfree_eval\sessions\validation\validation_mixed_01.mp4,106,0.4502173364162445,0.6363644520441691,0,1,22500,720x720
f3net,C:\deepfake_eval\leakfree_eval\sessions\validation\validation_mixed_01.mp4,107,0.48965731263160706,0.6192948321501414,0,1,22500,720x720
f3net,C:\deepfake_eval\leakfree_eval\sessions\validation\validation_mixed_01.mp4,108,0.5233966112136841,0.5889724830786387,0,1,23104,720x720
f3net,C:\deepfake_eval\leakfree_eval\sessions\validation\validation_mixed_01.mp4,109,0.48736265301704407,0.5712173779805502,0,1,23409,720x720
f3net,C:\deepfake_eval\leakfree_eval\sessions\validation\validation_mixed_01.mp4,110,0.48903152346611023,0.5429781258106232,0,1,22801,720x720
f3net,C:\deepfake_eval\leakfree_eval\sessions\validation\validation_mixed_01.mp4,111,0.4645788371562958,0.5214648087819417,0,1,19881,720x720
f3net,C:\deepfake_eval\leakfree_eval\sessions\validation\validation_mixed_01.mp4,112,0.4921322166919708,0.5011997123559316,0,1,22500,720x720
f3net,C:\deepfake_eval\leakfree_eval\sessions\validation\validation_mixed_01.mp4,113,0.4757499694824219,0.48007105390230814,0,1,23716,720x720
f3net,C:\deepfake_eval\leakfree_eval\sessions\validation\validation_mixed_01.mp4,114,0.9989836812019348,0.5154680530230205,1,1,115600,510x510
f3net,C:\deepfake_eval\leakfree_eval\sessions\validation\validation_mixed_01.mp4,115,0.999722421169281,0.549850849310557,1,1,120409,520x520
f3net,C:\deepfake_eval\leakfree_eval\sessions\validation\validation_mixed_01.mp4,116,0.9941520094871521,0.5840827902158101,1,1,121104,522x522
f3net,C:\deepfake_eval\leakfree_eval\sessions\validation\validation_mixed_01.mp4,117,0.9989280104637146,0.6196396986643473,1,1,131769,544x544
f3net,C:\deepfake_eval\leakfree_eval\sessions\validation\validation_mixed_01.mp4,118,0.9995107650756836,0.6546651939551036,1,1,131044,543x543
f3net,C:\deepfake_eval\leakfree_eval\sessions\validation\validation_mixed_01.mp4,119,0.999267041683197,0.6890655179818471,1,1,135424,552x552
f3net,C:\deepfake_eval\leakfree_eval\sessions\validation\validation_mixed_01.mp4,120,0.9974794983863831,0.7240113258361817,1,1,114244,507x507
f3net,C:\deepfake_eval\leakfree_eval\sessions\validation\validation_mixed_01.mp4,121,0.9990732669830322,0.7606017212073009,1,1,133956,549x549
f3net,C:\deepfake_eval\leakfree_eval\sessions\validation\validation_mixed_01.mp4,122,0.9982258677482605,0.794506291548411,1,1,133956,549x549
f3net,C:\deepfake_eval\leakfree_eval\sessions\validation\validation_mixed_01.mp4,123,0.9985650181770325,0.8261841853459676,1,1,135424,552x552
f3net,C:\deepfake_eval\leakfree_eval\sessions\validation\validation_mixed_01.mp4,124,0.9983102083206177,0.8602473556995391,1,1,132496,546x546
f3net,C:\deepfake_eval\leakfree_eval\sessions\validation\validation_mixed_01.mp4,125,0.9978010058403015,0.8941653211911519,1,1,128164,537x537
f3net,C:\deepfake_eval\leakfree_eval\sessions\validation\validation_mixed_01.mp4,126,0.998538613319397,0.9297626396020253,1,1,141376,564x564
f3net,C:\deepfake_eval\leakfree_eval\sessions\validation\validation_mixed_01.mp4,127,0.9978400468826294,0.9634764949480693,1,1,133956,549x549
f3net,C:\deepfake_eval\leakfree_eval\sessions\validation\validation_mixed_01.mp4,128,0.9975144863128662,0.9982607960700989,1,1,133225,547x547
f3net,C:\deepfake_eval\leakfree_eval\sessions\validation\validation_mixed_01.mp4,129,0.9996223449707031,0.9983033736546835,1,1,139876,561x561
f3net,C:\deepfake_eval\leakfree_eval\sessions\validation\validation_mixed_01.mp4,130,0.9991395473480225,0.9982645153999329,1,1,125316,531x531
f3net,C:\deepfake_eval\leakfree_eval\sessions\validation\validation_mixed_01.mp4,131,0.999085545539856,0.9985934178034465,1,1,139876,561x561
f3net,C:\deepfake_eval\leakfree_eval\sessions\validation\validation_mixed_01.mp4,132,0.9990026354789734,0.9985983928044637,1,1,134689,550x550
f3net,C:\deepfake_eval\leakfree_eval\sessions\validation\validation_mixed_01.mp4,133,0.9976576566696167,0.9984748522440593,1,1,138384,558x558
f3net,C:\deepfake_eval\leakfree_eval\sessions\validation\validation_mixed_01.mp4,134,0.9994605183601379,0.9984877506891886,1,1,136900,555x555
f3net,C:\deepfake_eval\leakfree_eval\sessions\validation\validation_mixed_01.mp4,135,0.991439700126648,0.998085097471873,1,1,116281,511x511
f3net,C:\deepfake_eval\leakfree_eval\sessions\validation\validation_mixed_01.mp4,136,0.9982858300209045,0.9980326016743978,1,1,127449,535x535
f3net,C:\deepfake_eval\leakfree_eval\sessions\validation\validation_mixed_01.mp4,137,0.9974321722984314,0.9979796886444092,1,1,136161,553x553
f3net,C:\deepfake_eval\leakfree_eval\sessions\validation\validation_mixed_01.mp4,138,0.9995481371879578,0.9980452299118042,1,1,141376,564x564
f3net,C:\deepfake_eval\leakfree_eval\sessions\validation\validation_mixed_01.mp4,139,0.998626708984375,0.9980663299560547,1,1,121801,523x523
f3net,C:\deepfake_eval\leakfree_eval\sessions\validation\validation_mixed_01.mp4,140,0.9979629516601562,0.998077126344045,1,1,119716,519x519
f3net,C:\deepfake_eval\leakfree_eval\sessions\validation\validation_mixed_01.mp4,141,0.9916155934333801,0.9976155916849773,1,1,112896,504x504
f3net,C:\deepfake_eval\leakfree_eval\sessions\validation\validation_mixed_01.mp4,142,0.9624372720718384,0.9952554066975912,1,1,126025,532x532
f3net,C:\deepfake_eval\leakfree_eval\sessions\validation\validation_mixed_01.mp4,143,0.9969127178192139,0.9952152887980144,1,1,120409,520x520
f3net,C:\deepfake_eval\leakfree_eval\sessions\validation\validation_mixed_01.mp4,144,0.9976420998573303,0.9950832724571228,1,1,125316,531x531
f3net,C:\deepfake_eval\leakfree_eval\sessions\validation\validation_mixed_01.mp4,145,0.0842888355255127,0.9340932250022889,1,1,97344,503x503
f3net,C:\deepfake_eval\leakfree_eval\sessions\validation\validation_mixed_01.mp4,146,0.242343008518219,0.8836437225341797,1,1,85849,503x503
f3net,C:\deepfake_eval\leakfree_eval\sessions\validation\validation_mixed_01.mp4,147,0.13616463541984558,0.8261211891969045,1,1,108900,503x503
f3net,C:\deepfake_eval\leakfree_eval\sessions\validation\validation_mixed_01.mp4,148,0.03471111133694649,0.7619247528413932,1,1,108241,503x503
f3net,C:\deepfake_eval\leakfree_eval\sessions\validation\validation_mixed_01.mp4,149,0.15728867053985596,0.7057799629867076,1,1,93025,503x503
f3net,C:\deepfake_eval\leakfree_eval\sessions\validation\validation_mixed_01.mp4,150,0.038029786199331284,0.6422193020582199,1,1,94864,503x503
f3net,C:\deepfake_eval\leakfree_eval\sessions\validation\validation_mixed_01.mp4,151,0.12378406524658203,0.5839191844065984,1,1,102400,503x503
f3net,C:\deepfake_eval\leakfree_eval\sessions\validation\validation_mixed_01.mp4,152,0.2524607479572296,0.5342544227838516,1,1,113569,505x505
f3net,C:\deepfake_eval\leakfree_eval\sessions\validation\validation_mixed_01.mp4,153,0.36676010489463806,0.492068553964297,1,1,94864,503x503
f3net,C:\deepfake_eval\leakfree_eval\sessions\validation\validation_mixed_01.mp4,154,0.19698989391326904,0.43862609962622323,1,1,107584,503x503
f3net,C:\deepfake_eval\leakfree_eval\sessions\validation\validation_mixed_01.mp4,155,0.06465914100408554,0.3764058455824852,1,1,106276,503x503
f3net,C:\deepfake_eval\leakfree_eval\sessions\validation\validation_mixed_01.mp4,156,0.19854149222373962,0.32353423883517585,1,1,98596,503x503
f3net,C:\deepfake_eval\leakfree_eval\sessions\validation\validation_mixed_01.mp4,157,0.15024913847446442,0.2693883632620176,1,1,101124,503x503
f3net,C:\deepfake_eval\leakfree_eval\sessions\validation\validation_mixed_01.mp4,158,0.3551527261734009,0.22660436381896337,1,1,103684,503x503
f3net,C:\deepfake_eval\leakfree_eval\sessions\validation\validation_mixed_01.mp4,159,0.8075451850891113,0.21393123616774876,1,1,110224,503x503
f3net,C:\deepfake_eval\leakfree_eval\sessions\validation\validation_mixed_01.mp4,160,0.38564327359199524,0.2340215320388476,1,1,111556,503x503
f3net,C:\deepfake_eval\leakfree_eval\sessions\validation\validation_mixed_01.mp4,161,0.04193590581417084,0.2206610585252444,1,1,88804,503x503
f3net,C:\deepfake_eval\leakfree_eval\sessions\validation\validation_mixed_01.mp4,162,0.6818163394927979,0.25703783879677455,0,1,17424,720x720
f3net,C:\deepfake_eval\leakfree_eval\sessions\validation\validation_mixed_01.mp4,163,0.6914187073707581,0.30081834519902867,0,1,19321,720x720
f3net,C:\deepfake_eval\leakfree_eval\sessions\validation\validation_mixed_01.mp4,164,0.6724326014518738,0.33516127392649653,0,2,17689,720x720
f3net,C:\deepfake_eval\leakfree_eval\sessions\validation\validation_mixed_01.mp4,165,0.6745036244392395,0.3775928631424904,0,2,18225,720x720
f3net,C:\deepfake_eval\leakfree_eval\sessions\validation\validation_mixed_01.mp4,166,0.6938287019729614,0.415595838924249,0,2,18496,720x720
f3net,C:\deepfake_eval\leakfree_eval\sessions\validation\validation_mixed_01.mp4,167,0.6861898899078369,0.4445111150542895,0,2,19044,720x720
f3net,C:\deepfake_eval\leakfree_eval\sessions\validation\validation_mixed_01.mp4,168,0.686310350894928,0.46581446478764216,0,2,18496,720x720
f3net,C:\deepfake_eval\leakfree_eval\sessions\validation\validation_mixed_01.mp4,169,0.6947299838066101,0.49899713744719826,0,1,17689,720x720
f3net,C:\deepfake_eval\leakfree_eval\sessions\validation\validation_mixed_01.mp4,170,0.7068977355957031,0.5418130437533061,0,1,18769,720x720
f3net,C:\deepfake_eval\leakfree_eval\sessions\validation\validation_mixed_01.mp4,171,0.7158204317092896,0.576298306385676,0,1,18496,720x720
f3net,C:\deepfake_eval\leakfree_eval\sessions\validation\validation_mixed_01.mp4,172,0.717983603477478,0.6141472707192103,0,2,18225,720x720
f3net,C:\deepfake_eval\leakfree_eval\sessions\validation\validation_mixed_01.mp4,173,0.7241023182868958,0.6387439101934433,0,1,18225,720x720
f3net,C:\deepfake_eval\leakfree_eval\sessions\validation\validation_mixed_01.mp4,174,0.7115811109542847,0.6323463052511216,0,1,17161,720x720
f3net,C:\deepfake_eval\leakfree_eval\sessions\validation\validation_mixed_01.mp4,175,0.7146577835083008,0.6542806059122086,0,1,18496,720x720
f3net,C:\deepfake_eval\leakfree_eval\sessions\validation\validation_mixed_01.mp4,176,0.7077165842056274,0.698665984471639,0,1,18769,720x720
f3net,C:\deepfake_eval\leakfree_eval\sessions\validation\validation_mixed_01.mp4,177,0.724861204624176,0.7015356421470642,0,2,19044,720x720
f3net,C:\deepfake_eval\leakfree_eval\sessions\validation\validation_mixed_01.mp4,178,0.729406476020813,0.7040681600570678,0,1,18225,720x720
f3net,C:\deepfake_eval\leakfree_eval\sessions\validation\validation_mixed_01.mp4,179,0.7158026695251465,0.7069594979286193,0,1,17424,720x720
f3net,C:\deepfake_eval\leakfree_eval\sessions\validation\validation_mixed_01.mp4,180,0.7072270512580872,0.7091410597165425,0,1,18496,720x720
f3net,C:\deepfake_eval\leakfree_eval\sessions\validation\validation_mixed_01.mp4,181,0.6979730129241943,0.7094173471132914,0,1,18769,720x720
f3net,C:\deepfake_eval\leakfree_eval\sessions\validation\validation_mixed_01.mp4,182,0.6952089667320251,0.7100186189015706,0,2,19044,720x720
f3net,C:\deepfake_eval\leakfree_eval\sessions\validation\validation_mixed_01.mp4,183,0.6990925669670105,0.7108707666397095,0,2,17956,720x720
f3net,C:\deepfake_eval\leakfree_eval\sessions\validation\validation_mixed_01.mp4,184,0.6835052967071533,0.7101224541664124,0,3,19044,720x720
f3net,C:\deepfake_eval\leakfree_eval\sessions\validation\validation_mixed_01.mp4,185,0.7080608606338501,0.7101999958356221,0,2,17956,720x720
f3net,C:\deepfake_eval\leakfree_eval\sessions\validation\validation_mixed_01.mp4,186,0.7051259279251099,0.7094870289166768,0,1,18769,720x720
f3net,C:\deepfake_eval\leakfree_eval\sessions\validation\validation_mixed_01.mp4,187,0.7097197771072388,0.7089361071586608,0,2,19881,720x720
f3net,C:\deepfake_eval\leakfree_eval\sessions\validation\validation_mixed_01.mp4,188,0.7078136801719666,0.7078501979509989,0,2,20736,720x720
f3net,C:\deepfake_eval\leakfree_eval\sessions\validation\validation_mixed_01.mp4,189,0.7417762875556946,0.7098632097244263,0,1,17424,720x720
f3net,C:\deepfake_eval\leakfree_eval\sessions\validation\validation_mixed_01.mp4,190,0.7229180335998535,0.7104138930638632,0,1,18496,720x720
f3net,C:\deepfake_eval\leakfree_eval\sessions\validation\validation_mixed_01.mp4,191,0.7433254718780518,0.7127878189086914,0,1,18225,720x720
f3net,C:\deepfake_eval\leakfree_eval\sessions\validation\validation_mixed_01.mp4,192,0.6923920512199402,0.7106232086817423,0,1,19881,720x720
f3net,C:\deepfake_eval\leakfree_eval\sessions\validation\validation_mixed_01.mp4,193,0.7458024024963379,0.7117162704467773,0,1,19321,720x720
f3net,C:\deepfake_eval\leakfree_eval\sessions\validation\validation_mixed_01.mp4,194,0.7346353530883789,0.7129717826843261,0,1,19600,720x720
f3net,C:\deepfake_eval\leakfree_eval\sessions\validation\validation_mixed_01.mp4,195,0.7150325775146484,0.7134921511014303,0,1,18769,720x720
f3net,C:\deepfake_eval\leakfree_eval\sessions\validation\validation_mixed_01.mp4,196,0.7410677671432495,0.7163651347160339,0,1,18225,720x720
f3net,C:\deepfake_eval\leakfree_eval\sessions\validation\validation_mixed_01.mp4,197,0.7589200735092163,0.7206125418345134,0,1,18496,720x720
f3net,C:\deepfake_eval\leakfree_eval\sessions\validation\validation_mixed_01.mp4,198,0.7494029998779297,0.7239665706952413,0,1,19044,720x720
f3net,C:\deepfake_eval\leakfree_eval\sessions\validation\validation_mixed_01.mp4,199,0.7569893002510071,0.7288655042648315,0,1,17689,720x720
f3net,C:\deepfake_eval\leakfree_eval\sessions\validation\validation_mixed_01.mp4,200,0.7461774945259094,0.7314066131909688,0,1,17956,720x720
f3net,C:\deepfake_eval\leakfree_eval\sessions\validation\validation_mixed_01.mp4,201,0.7567412257194519,0.734847633043925,0,1,17689,720x720
f3net,C:\deepfake_eval\leakfree_eval\sessions\validation\validation_mixed_01.mp4,202,0.7383447885513306,0.7367559671401978,0,2,17956,720x720
f3net,C:\deepfake_eval\leakfree_eval\sessions\validation\validation_mixed_01.mp4,203,0.7650593519210815,0.7405723452568054,0,1,18769,720x720
f3net,C:\deepfake_eval\leakfree_eval\sessions\validation\validation_mixed_01.mp4,204,0.7520930171012878,0.7412601272265117,0,1,19600,720x720
f3net,C:\deepfake_eval\leakfree_eval\sessions\validation\validation_mixed_01.mp4,205,0.7509533762931824,0.7431291500727336,0,1,17424,720x720
f3net,C:\deepfake_eval\leakfree_eval\sessions\validation\validation_mixed_01.mp4,206,0.7627716660499573,0.7444255630175273,0,1,18769,720x720
f3net,C:\deepfake_eval\leakfree_eval\sessions\validation\validation_mixed_01.mp4,207,0.770401656627655,0.7496262033780415,0,1,17424,720x720
f3net,C:\deepfake_eval\leakfree_eval\sessions\validation\validation_mixed_01.mp4,208,0.7619396448135376,0.7507020195325216,0,1,18496,720x720
f3net,C:\deepfake_eval\leakfree_eval\sessions\validation\validation_mixed_01.mp4,209,0.7345089912414551,0.7506935954093933,0,1,18496,720x720
f3net,C:\deepfake_eval\leakfree_eval\sessions\validation\validation_mixed_01.mp4,210,0.7475541234016418,0.7528616984685262,0,1,18769,720x720
f3net,C:\deepfake_eval\leakfree_eval\sessions\validation\validation_mixed_01.mp4,211,0.7488896250724792,0.7533831556638082,0,1,17161,720x720
f3net,C:\deepfake_eval\leakfree_eval\sessions\validation\validation_mixed_01.mp4,212,0.023284777998924255,0.7043408026297887,1,1,52900,503x503
f3net,C:\deepfake_eval\leakfree_eval\sessions\validation\validation_mixed_01.mp4,213,0.19555136561393738,0.6674173603455226,1,1,52441,503x503
f3net,C:\deepfake_eval\leakfree_eval\sessions\validation\validation_mixed_01.mp4,214,0.23827165365219116,0.6328361839056015,1,1,47089,503x503
f3net,C:\deepfake_eval\leakfree_eval\sessions\validation\validation_mixed_01.mp4,215,0.04466477781534195,0.5860686694582303,1,1,47089,503x503
f3net,C:\deepfake_eval\leakfree_eval\sessions\validation\validation_mixed_01.mp4,216,0.058341410011053085,0.5395086817443371,1,1,48400,503x503
f3net,C:\deepfake_eval\leakfree_eval\sessions\validation\validation_mixed_01.mp4,217,0.11998105049133301,0.4982844325403372,1,1,47089,503x503
f3net,C:\deepfake_eval\leakfree_eval\sessions\validation\validation_mixed_01.mp4,218,0.9986667633056641,0.5138582599659761,1,1,123904,528x528
f3net,C:\deepfake_eval\leakfree_eval\sessions\validation\validation_mixed_01.mp4,219,0.9980417490005493,0.5302548420925935,1,1,127449,535x535
f3net,C:\deepfake_eval\leakfree_eval\sessions\validation\validation_mixed_01.mp4,220,0.9978469610214233,0.5467144144078095,1,1,123904,528x528
f3net,C:\deepfake_eval\leakfree_eval\sessions\validation\validation_mixed_01.mp4,221,0.9987334609031677,0.562445200731357,1,1,115600,510x510
f3net,C:\deepfake_eval\leakfree_eval\sessions\validation\validation_mixed_01.mp4,222,0.9987056255340576,0.5776654653251171,1,1,123904,528x528
f3net,C:\deepfake_eval\leakfree_eval\sessions\validation\validation_mixed_01.mp4,223,0.9990251064300537,0.5934711627662181,1,1,126736,534x534
f3net,C:\deepfake_eval\leakfree_eval\sessions\validation\validation_mixed_01.mp4,224,0.9995385408401489,0.6111397994061311,1,1,123201,526x526
f3net,C:\deepfake_eval\leakfree_eval\sessions\validation\validation_mixed_01.mp4,225,0.9992868304252625,0.6279219798743725,1,1,105625,503x503
f3net,C:\deepfake_eval\leakfree_eval\sessions\validation\validation_mixed_01.mp4,226,0.9951565861701965,0.644339777280887,1,1,128881,538x538
f3net,C:\deepfake_eval\leakfree_eval\sessions\validation\validation_mixed_01.mp4,227,0.9989264607429504,0.7093825561304887,1,1,131769,544x544
f3net,C:\deepfake_eval\leakfree_eval\sessions\validation\validation_mixed_01.mp4,228,0.9996098875999451,0.7629864575962225,1,1,121104,522x522
f3net,C:\deepfake_eval\leakfree_eval\sessions\validation\validation_mixed_01.mp4,229,0.9981484413146973,0.8136449101070563,1,1,119025,517x517
f3net,C:\deepfake_eval\leakfree_eval\sessions\validation\validation_mixed_01.mp4,230,0.9986949563026428,0.8772469220062097,1,1,119025,517x517
f3net,C:\deepfake_eval\leakfree_eval\sessions\validation\validation_mixed_01.mp4,231,0.9984293580055237,0.9399194518725077,1,1,121104,522x522
f3net,C:\deepfake_eval\leakfree_eval\sessions\validation\validation_mixed_01.mp4,232,0.9982960820198059,0.9984737873077393,1,1,118336,516x516
f3net,C:\deepfake_eval\leakfree_eval\sessions\validation\validation_mixed_01.mp4,233,0.9991819262504578,0.9985081315040588,1,1,117649,514x514
f3net,C:\deepfake_eval\leakfree_eval\sessions\validation\validation_mixed_01.mp4,234,0.3326490521430969,0.9541486183802287,1,1,52441,503x503
f3net,C:\deepfake_eval\leakfree_eval\sessions\validation\validation_mixed_01.mp4,235,0.3961879014968872,0.9140380144119262,1,1,52900,503x503
f3net,C:\deepfake_eval\leakfree_eval\sessions\validation\validation_mixed_01.mp4,236,0.09432370960712433,0.8537440309921901,1,1,52441,503x503
f3net,C:\deepfake_eval\leakfree_eval\sessions\validation\validation_mixed_01.mp4,237,0.928441047668457,0.84905972580115,1,1,55696,503x503
f3net,C:\deepfake_eval\leakfree_eval\sessions\validation\validation_mixed_01.mp4,238,0.548255205154419,0.819008399049441,1,1,51529,503x503
f3net,C:\deepfake_eval\leakfree_eval\sessions\validation\validation_mixed_01.mp4,239,0.04171387478709221,0.7551534213125706,1,2,53824,503x503
f3net,C:\deepfake_eval\leakfree_eval\sessions\validation\validation_mixed_01.mp4,240,0.5699653625488281,0.7265319901208083,1,1,55696,503x503
f3net,C:\deepfake_eval\leakfree_eval\sessions\validation\validation_mixed_01.mp4,241,0.1542530506849289,0.6704717544217904,1,1,54289,503x503
f3net,C:\deepfake_eval\leakfree_eval\sessions\validation\validation_mixed_01.mp4,242,0.44867533445358276,0.6337883460024992,1,1,53361,503x503
f3net,C:\deepfake_eval\leakfree_eval\sessions\validation\validation_mixed_01.mp4,243,0.4874117970466614,0.5996418066322804,1,1,54289,503x503
f3net,C:\deepfake_eval\leakfree_eval\sessions\validation\validation_mixed_01.mp4,244,0.6997058987617493,0.5797456371287505,1,3,61009,503x503
f3net,C:\deepfake_eval\leakfree_eval\sessions\validation\validation_mixed_01.mp4,245,0.8743168115615845,0.57145376081268,1,2,33489,503x503
f3net,C:\deepfake_eval\leakfree_eval\sessions\validation\validation_mixed_01.mp4,246,0.22681987285614014,0.5200131284693877,1,2,35344,503x503
f3net,C:\deepfake_eval\leakfree_eval\sessions\validation\validation_mixed_01.mp4,247,0.32261237502098083,0.47496754800279933,1,3,46225,503x503
f3net,C:\deepfake_eval\leakfree_eval\sessions\validation\validation_mixed_01.mp4,248,0.812548816204071,0.4625253406663736,1,2,34969,503x503
f3net,C:\deepfake_eval\leakfree_eval\sessions\validation\validation_mixed_01.mp4,249,0.7956777811050415,0.49339392259716985,1,2,33856,503x503
f3net,C:\deepfake_eval\leakfree_eval\sessions\validation\validation_mixed_01.mp4,250,0.6273908019065857,0.5088074492911497,1,2,34596,503x503
f3net,C:\deepfake_eval\leakfree_eval\sessions\validation\validation_mixed_01.mp4,251,0.762691855430603,0.5533653256793817,1,2,34596,503x503
f3net,C:\deepfake_eval\leakfree_eval\sessions\validation\validation_mixed_01.mp4,252,0.7715221047401428,0.542904062817494,1,2,34596,503x503
f3net,C:\deepfake_eval\leakfree_eval\sessions\validation\validation_mixed_01.mp4,253,0.701765239238739,0.553138065089782,1,2,35344,503x503
f3net,C:\deepfake_eval\leakfree_eval\sessions\validation\validation_mixed_01.mp4,254,0.6275790333747864,0.5921957423289617,1,2,34969,503x503
f3net,C:\deepfake_eval\leakfree_eval\sessions\validation\validation_mixed_01.mp4,255,0.7586175799369812,0.6047725568215052,1,2,34596,503x503
f3net,C:\deepfake_eval\leakfree_eval\sessions\validation\validation_mixed_01.mp4,256,0.7507194876670837,0.6445369859536488,1,2,33856,503x503
f3net,C:\deepfake_eval\leakfree_eval\sessions\validation\validation_mixed_01.mp4,257,0.2125709354877472,0.6287966926892599,1,1,149769,580x580
f3net,C:\deepfake_eval\leakfree_eval\sessions\validation\validation_mixed_01.mp4,258,0.16470718383789062,0.6072830518086751,1,1,136161,553x553
f3net,C:\deepfake_eval\leakfree_eval\sessions\validation\validation_mixed_01.mp4,259,0.7374331951141357,0.6097982048988342,1,1,142884,567x567
f3net,C:\deepfake_eval\leakfree_eval\sessions\validation\validation_mixed_01.mp4,260,0.9663966298103333,0.6159368594487508,1,1,144400,570x570
f3net,C:\deepfake_eval\leakfree_eval\sessions\validation\validation_mixed_01.mp4,261,0.7124365568161011,0.6483113050460816,1,1,142129,565x565
f3net,C:\deepfake_eval\leakfree_eval\sessions\validation\validation_mixed_01.mp4,262,0.9811434745788574,0.69221337834994,1,1,137641,556x556
f3net,C:\deepfake_eval\leakfree_eval\sessions\validation\validation_mixed_01.mp4,263,0.9923228025436401,0.7041983107725779,1,1,152100,585x585
f3net,C:\deepfake_eval\leakfree_eval\sessions\validation\validation_mixed_01.mp4,264,0.027323363348841667,0.6529746829221647,1,1,162409,604x604
f3net,C:\deepfake_eval\leakfree_eval\sessions\validation\validation_mixed_01.mp4,265,0.64597487449646,0.6542136210948228,1,1,162409,604x604
f3net,C:\deepfake_eval\leakfree_eval\sessions\validation\validation_mixed_01.mp4,266,0.661967396736145,0.6474986571818591,0,0,,720x720
f3net,C:\deepfake_eval\leakfree_eval\sessions\validation\validation_mixed_01.mp4,267,0.7886061072349548,0.6486375906815132,0,0,,720x720
f3net,C:\deepfake_eval\leakfree_eval\sessions\validation\validation_mixed_01.mp4,268,0.4961708188056946,0.6349312959859769,1,1,159201,598x598
f3net,C:\deepfake_eval\leakfree_eval\sessions\validation\validation_mixed_01.mp4,269,0.2451741099357605,0.6094376344233752,1,1,159201,598x598
f3net,C:\deepfake_eval\leakfree_eval\sessions\validation\validation_mixed_01.mp4,270,0.34976130723953247,0.5821805495768786,1,1,159201,598x598
f3net,C:\deepfake_eval\leakfree_eval\sessions\validation\validation_mixed_01.mp4,271,0.7652377486228943,0.5831484336405992,1,1,159201,598x598
f3net,C:\deepfake_eval\leakfree_eval\sessions\validation\validation_mixed_01.mp4,272,0.9951815009117126,0.6353224713355303,1,1,165649,610x610
f3net,C:\deepfake_eval\leakfree_eval\sessions\validation\validation_mixed_01.mp4,273,0.7985692024230957,0.6775799392412106,1,2,48400,503x503
f3net,C:\deepfake_eval\leakfree_eval\sessions\validation\validation_mixed_01.mp4,274,0.26263877749443054,0.6459269780665636,1,2,44944,503x503
f3net,C:\deepfake_eval\leakfree_eval\sessions\validation\validation_mixed_01.mp4,275,0.47874563932418823,0.6134169120341539,1,2,48400,503x503
f3net,C:\deepfake_eval\leakfree_eval\sessions\validation\validation_mixed_01.mp4,276,0.41784536838531494,0.5937774994721016,1,1,43681,503x503
f3net,C:\deepfake_eval\leakfree_eval\sessions\validation\validation_mixed_01.mp4,277,0.5069409608840942,0.5621639985591174,1,2,48841,503x503
f3net,C:\deepfake_eval\leakfree_eval\sessions\validation\validation_mixed_01.mp4,278,0.4637129604816437,0.5269233424216508,1,2,48841,503x503
f3net,C:\deepfake_eval\leakfree_eval\sessions\validation\validation_mixed_01.mp4,279,0.6180508732795715,0.5663051764170329,1,2,50625,503x503
f3net,C:\deepfake_eval\leakfree_eval\sessions\validation\validation_mixed_01.mp4,280,0.18617857992649078,0.5356520901123683,1,2,51076,503x503
f3net,C:\deepfake_eval\leakfree_eval\sessions\validation\validation_mixed_01.mp4,281,0.3234788477420807,0.5130861868460973,1,2,51529,503x503
f3net,C:\deepfake_eval\leakfree_eval\sessions\validation\validation_mixed_01.mp4,282,0.6496987342834473,0.5038256953159969,1,2,48841,503x503
f3net,C:\deepfake_eval\leakfree_eval\sessions\validation\validation_mixed_01.mp4,283,0.7453569769859314,0.520438105861346,1,2,44944,503x503
f3net,C:\deepfake_eval\leakfree_eval\sessions\validation\validation_mixed_01.mp4,284,0.7894771099090576,0.5567249725262324,1,2,47961,503x503
f3net,C:\deepfake_eval\leakfree_eval\sessions\validation\validation_mixed_01.mp4,285,0.5571792721748352,0.5705528368552526,1,2,47524,503x503
f3net,C:\deepfake_eval\leakfree_eval\sessions\validation\validation_mixed_01.mp4,286,0.6177918314933777,0.5607231090466182,1,2,45369,503x503
f3net,C:\deepfake_eval\leakfree_eval\sessions\validation\validation_mixed_01.mp4,287,0.7296891212463379,0.5430236170689265,1,2,47961,503x503
f3net,C:\deepfake_eval\leakfree_eval\sessions\validation\validation_mixed_01.mp4,288,0.47110456228256226,0.5211926410595576,1,2,49284,503x503
f3net,C:\deepfake_eval\leakfree_eval\sessions\validation\validation_mixed_01.mp4,289,0.8084326386451721,0.5575788984696071,1,1,46225,503x503
f3net,C:\deepfake_eval\leakfree_eval\sessions\validation\validation_mixed_01.mp4,290,0.47385019063949585,0.5572525352239609,1,2,47524,503x503
f3net,C:\deepfake_eval\leakfree_eval\sessions\validation\validation_mixed_01.mp4,291,0.29474252462387085,0.5490456789731979,1,2,49729,503x503
f3net,C:\deepfake_eval\leakfree_eval\sessions\validation\validation_mixed_01.mp4,292,0.6421189308166504,0.5580575436353683,1,2,46656,503x503
f3net,C:\deepfake_eval\leakfree_eval\sessions\validation\validation_mixed_01.mp4,293,0.8438541293144226,0.5834002882242203,1,2,50176,503x503
f3net,C:\deepfake_eval\leakfree_eval\sessions\validation\validation_mixed_01.mp4,294,0.92154860496521,0.6036334703365962,1,2,69169,503x503
f3net,C:\deepfake_eval\leakfree_eval\sessions\validation\validation_mixed_01.mp4,295,0.33529919385910034,0.6135748445987701,1,2,75076,503x503
f3net,C:\deepfake_eval\leakfree_eval\sessions\validation\validation_mixed_01.mp4,296,0.6867928504943848,0.6377957781155904,1,3,69696,503x503
f3net,C:\deepfake_eval\leakfree_eval\sessions\validation\validation_mixed_01.mp4,297,0.5597255825996399,0.6317975680033366,1,3,68121,503x503
f3net,C:\deepfake_eval\leakfree_eval\sessions\validation\validation_mixed_01.mp4,298,0.17008784413337708,0.5934462924798329,1,2,69696,503x503
f3net,C:\deepfake_eval\leakfree_eval\sessions\validation\validation_mixed_01.mp4,299,0.8441938161849976,0.5970940728982289,1,2,74529,503x503
f3net,C:\deepfake_eval\leakfree_eval\sessions\validation\validation_mixed_01.mp4,300,0.12381104379892349,0.5682028576731681,1,2,71289,503x503
f3net,C:\deepfake_eval\leakfree_eval\sessions\validation\validation_mixed_01.mp4,301,0.11404773592948914,0.534619917968909,1,2,74529,503x503
f3net,C:\deepfake_eval\leakfree_eval\sessions\validation\validation_mixed_01.mp4,302,0.19033461809158325,0.4986629510919253,1,2,69169,503x503
f3net,C:\deepfake_eval\leakfree_eval\sessions\validation\validation_mixed_01.mp4,303,0.0457930862903595,0.4703088526924451,1,3,74529,503x503
f3net,C:\deepfake_eval\leakfree_eval\sessions\validation\validation_mixed_01.mp4,304,0.18855096399784088,0.4289834077159564,1,2,66564,503x503
f3net,C:\deepfake_eval\leakfree_eval\sessions\validation\validation_mixed_01.mp4,305,0.24142196774482727,0.4134881928563118,1,2,67081,503x503
f3net,C:\deepfake_eval\leakfree_eval\sessions\validation\validation_mixed_01.mp4,306,0.42307814955711365,0.42204390118519464,1,2,67600,503x503
f3net,C:\deepfake_eval\leakfree_eval\sessions\validation\validation_mixed_01.mp4,307,0.15144823491573334,0.38933252145846686,1,2,66049,503x503
f3net,C:\deepfake_eval\leakfree_eval\sessions\validation\validation_mixed_01.mp4,308,0.5862425565719604,0.37215841660896937,1,2,68644,503x503
f3net,C:\deepfake_eval\leakfree_eval\sessions\validation\validation_mixed_01.mp4,309,0.45699042081832886,0.3411878709991773,1,2,66049,503x503
f3net,C:\deepfake_eval\leakfree_eval\sessions\validation\validation_mixed_01.mp4,310,0.19969812035560608,0.3321477994322777,1,3,69169,503x503
f3net,C:\deepfake_eval\leakfree_eval\sessions\validation\validation_mixed_01.mp4,311,0.20160523056983948,0.29980195810397464,1,2,68121,503x503
f3net,C:\deepfake_eval\leakfree_eval\sessions\validation\validation_mixed_01.mp4,312,0.68917316198349,0.30843179672956467,1,2,65025,503x503
f3net,C:\deepfake_eval\leakfree_eval\sessions\validation\validation_mixed_01.mp4,313,0.26384490728378296,0.3146822676062584,1,2,69696,503x503
f3net,C:\deepfake_eval\leakfree_eval\sessions\validation\validation_mixed_01.mp4,314,0.30949005484580994,0.2790353501836459,1,2,64516,503x503
f3net,C:\deepfake_eval\leakfree_eval\sessions\validation\validation_mixed_01.mp4,315,0.04812401533126831,0.2739895482858022,1,2,65536,503x503
f3net,C:\deepfake_eval\leakfree_eval\sessions\validation\validation_mixed_01.mp4,316,0.4033191204071045,0.2932743072509766,1,2,70225,503x503
f3net,C:\deepfake_eval\leakfree_eval\sessions\validation\validation_mixed_01.mp4,317,0.09854607284069061,0.2871550709009171,1,2,67600,503x503
f3net,C:\deepfake_eval\leakfree_eval\sessions\validation\validation_mixed_01.mp4,318,0.06977793574333191,0.28875406086444855,1,1,67600,503x503
f3net,C:\deepfake_eval\leakfree_eval\sessions\validation\validation_mixed_01.mp4,319,0.5618449449539185,0.3136403262615204,1,2,69696,503x503
f3net,C:\deepfake_eval\leakfree_eval\sessions\validation\validation_mixed_01.mp4,320,0.19022679328918457,0.3102273146311442,1,2,67600,503x503
f3net,C:\deepfake_eval\leakfree_eval\sessions\validation\validation_mixed_01.mp4,321,0.35866209864616394,0.3059329112370809,1,2,68121,503x503
f3net,C:\deepfake_eval\leakfree_eval\sessions\validation\validation_mixed_01.mp4,322,0.1430111825466156,0.3053704410791397,1,2,65025,503x503
f3net,C:\deepfake_eval\leakfree_eval\sessions\validation\validation_mixed_01.mp4,323,0.7063812017440796,0.31337968409061434,1,2,70756,503x503
f3net,C:\deepfake_eval\leakfree_eval\sessions\validation\validation_mixed_01.mp4,324,0.2846773564815521,0.30189214646816254,1,2,69169,503x503
f3net,C:\deepfake_eval\leakfree_eval\sessions\validation\validation_mixed_01.mp4,325,0.5994789004325867,0.3285441984732946,1,2,71289,503x503
f3net,C:\deepfake_eval\leakfree_eval\sessions\validation\validation_mixed_01.mp4,326,0.8500036597251892,0.37177076041698454,1,2,66049,503x503
f3net,C:\deepfake_eval\leakfree_eval\sessions\validation\validation_mixed_01.mp4,327,0.11906091868877411,0.33376327753067014,1,2,65536,503x503
f3net,C:\deepfake_eval\leakfree_eval\sessions\validation\validation_mixed_01.mp4,328,0.38998734951019287,0.3421727736790975,1,1,42436,503x503
f3net,C:\deepfake_eval\leakfree_eval\sessions\validation\validation_mixed_01.mp4,329,0.38906094431877136,0.3474774996439616,1,1,42436,503x503
f3net,C:\deepfake_eval\leakfree_eval\sessions\validation\validation_mixed_01.mp4,330,0.5264197587966919,0.3793638825416565,1,1,40804,503x503
f3net,C:\deepfake_eval\leakfree_eval\sessions\validation\validation_mixed_01.mp4,331,0.6656849980354309,0.3968549410502116,1,1,39601,503x503
f3net,C:\deepfake_eval\leakfree_eval\sessions\validation\validation_mixed_01.mp4,332,0.700996994972229,0.4370183358589808,1,1,41616,503x503
f3net,C:\deepfake_eval\leakfree_eval\sessions\validation\validation_mixed_01.mp4,333,0.5996508598327637,0.4723431974649429,1,1,38416,503x503
f3net,C:\deepfake_eval\leakfree_eval\sessions\validation\validation_mixed_01.mp4,334,0.28266334533691406,0.4537310908238093,1,1,42025,503x503
f3net,C:\deepfake_eval\leakfree_eval\sessions\validation\validation_mixed_01.mp4,335,0.3561657667160034,0.46479368905226387,1,1,42025,503x503
f3net,C:\deepfake_eval\leakfree_eval\sessions\validation\validation_mixed_01.mp4,336,0.2681496739387512,0.45875952740510306,1,1,39204,503x503
f3net,C:\deepfake_eval\leakfree_eval\sessions\validation\validation_mixed_01.mp4,337,0.6457200050354004,0.49227344890435537,1,1,44944,503x503
f3net,C:\deepfake_eval\leakfree_eval\sessions\validation\validation_mixed_01.mp4,338,0.7646294832229614,0.49615666766961414,1,1,41616,503x503
f3net,C:\deepfake_eval\leakfree_eval\sessions\validation\validation_mixed_01.mp4,339,0.4742642939090729,0.5087957968314488,1,1,40804,503x503
f3net,C:\deepfake_eval\leakfree_eval\sessions\validation\validation_mixed_01.mp4,340,0.33414918184280396,0.49110714892546337,1,1,45369,503x503
f3net,C:\deepfake_eval\leakfree_eval\sessions\validation\validation_mixed_01.mp4,341,0.08325344324111938,0.43999046782652534,1,1,44521,503x503
f3net,C:\deepfake_eval\leakfree_eval\sessions\validation\validation_mixed_01.mp4,342,0.6249995231628418,0.4737197081247965,1,2,50625,503x503
f3net,C:\deepfake_eval\leakfree_eval\sessions\validation\validation_mixed_01.mp4,343,0.14405815303325653,0.45732442835966747,1,2,46656,503x503
f3net,C:\deepfake_eval\leakfree_eval\sessions\validation\validation_mixed_01.mp4,344,0.29808738827705383,0.45125952462355295,1,1,47524,503x503
f3net,C:\deepfake_eval\leakfree_eval\sessions\validation\validation_mixed_01.mp4,345,0.15044833719730377,0.42619476318359373,1,1,42025,503x503
f3net,C:\deepfake_eval\leakfree_eval\sessions\validation\validation_mixed_01.mp4,346,0.24964115023612976,0.39845850666364035,1,2,42436,503x503
f3net,C:\deepfake_eval\leakfree_eval\sessions\validation\validation_mixed_01.mp4,347,0.23065344989299774,0.3671022703250249,1,1,48841,503x503
f3net,C:\deepfake_eval\leakfree_eval\sessions\validation\validation_mixed_01.mp4,348,0.21865327656269073,0.3417024314403534,1,1,42849,503x503
f3net,C:\deepfake_eval\leakfree_eval\sessions\validation\validation_mixed_01.mp4,349,0.405247300863266,0.34987469514211017,1,1,38025,503x503
f3net,C:\deepfake_eval\leakfree_eval\sessions\validation\validation_mixed_01.mp4,350,0.13127189874649048,0.3348817706108093,1,1,48841,503x503
f3net,C:\deepfake_eval\leakfree_eval\sessions\validation\validation_mixed_01.mp4,351,0.09933286160230637,0.32362731645504633,1,1,42025,503x503
f3net,C:\deepfake_eval\leakfree_eval\sessions\validation\validation_mixed_01.mp4,352,0.19336500763893127,0.29347031662861506,1,1,43681,503x503
f3net,C:\deepfake_eval\leakfree_eval\sessions\validation\validation_mixed_01.mp4,353,0.1617569923400879,0.2532788172364235,1,1,47089,503x503
f3net,C:\deepfake_eval\leakfree_eval\sessions\validation\validation_mixed_01.mp4,354,0.21182851493358612,0.23578309863805771,1,2,44521,503x503
f3net,C:\deepfake_eval\leakfree_eval\sessions\validation\validation_mixed_01.mp4,355,0.23184415698051453,0.22896276364723842,1,2,40000,503x503
f3net,C:\deepfake_eval\leakfree_eval\sessions\validation\validation_mixed_01.mp4,356,0.4069961905479431,0.25054561346769333,1,1,47089,503x503
f3net,C:\deepfake_eval\leakfree_eval\sessions\validation\validation_mixed_01.mp4,357,0.3458949327468872,0.23193864077329635,1,1,45796,503x503
f3net,C:\deepfake_eval\leakfree_eval\sessions\validation\validation_mixed_01.mp4,358,0.2922460734844208,0.24181783547004063,1,1,46225,503x503
f3net,C:\deepfake_eval\leakfree_eval\sessions\validation\validation_mixed_01.mp4,359,0.4524731934070587,0.2521102224787076,1,1,47961,503x503
f3net,C:\deepfake_eval\leakfree_eval\sessions\validation\validation_mixed_01.mp4,360,0.18927159905433655,0.2546984399358431,1,2,46225,503x503
f3net,C:\deepfake_eval\leakfree_eval\sessions\validation\validation_mixed_01.mp4,361,0.25579503178596497,0.25510869870583214,1,2,44944,503x503
f3net,C:\deepfake_eval\leakfree_eval\sessions\validation\validation_mixed_01.mp4,362,0.14973561465740204,0.24971417635679244,1,2,47089,503x503
f3net,C:\deepfake_eval\leakfree_eval\sessions\validation\validation_mixed_01.mp4,363,0.15034568309783936,0.245160336792469,1,1,50176,503x503
f3net,C:\deepfake_eval\leakfree_eval\sessions\validation\validation_mixed_01.mp4,364,0.3133511543273926,0.2390339270234108,1,1,45796,503x503
f3net,C:\deepfake_eval\leakfree_eval\sessions\validation\validation_mixed_01.mp4,365,0.009529877454042435,0.23091779227058093,1,1,99225,503x503
f3net,C:\deepfake_eval\leakfree_eval\sessions\validation\validation_mixed_01.mp4,366,0.0515216663479805,0.22773037925362588,1,2,100489,503x503
f3net,C:\deepfake_eval\leakfree_eval\sessions\validation\validation_mixed_01.mp4,367,0.013176847249269485,0.21571783522764842,1,1,94864,503x503
f3net,C:\deepfake_eval\leakfree_eval\sessions\validation\validation_mixed_01.mp4,368,0.12860961258411407,0.2135080099105835,1,1,101124,503x503
f3net,C:\deepfake_eval\leakfree_eval\sessions\validation\validation_mixed_01.mp4,369,0.09483500570058823,0.20570844262838364,1,1,94249,503x503
f3net,C:\deepfake_eval\leakfree_eval\sessions\validation\validation_mixed_01.mp4,370,0.030552316457033157,0.19228898659348487,1,1,99225,503x503
f3net,C:\deepfake_eval\leakfree_eval\sessions\validation\validation_mixed_01.mp4,371,0.010846385732293129,0.16587899960577487,1,1,92416,503x503
f3net,C:\deepfake_eval\leakfree_eval\sessions\validation\validation_mixed_01.mp4,372,0.07821048051118851,0.1480333694567283,1,1,96721,503x503
f3net,C:\deepfake_eval\leakfree_eval\sessions\validation\validation_mixed_01.mp4,373,0.032887645065784454,0.13074280756215254,1,1,97969,503x503
f3net,C:\deepfake_eval\leakfree_eval\sessions\validation\validation_mixed_01.mp4,374,0.11540712416172028,0.10827173627912998,1,1,96100,503x503
f3net,C:\deepfake_eval\leakfree_eval\sessions\validation\validation_mixed_01.mp4,375,0.04364733770489693,0.09856345218916734,1,1,91204,503x503
f3net,C:\deepfake_eval\leakfree_eval\sessions\validation\validation_mixed_01.mp4,376,0.03357746824622154,0.08374894795318445,1,1,85849,503x503
f3net,C:\deepfake_eval\leakfree_eval\sessions\validation\validation_mixed_01.mp4,377,0.05465904623270035,0.07741051005820433,1,1,94864,503x503
f3net,C:\deepfake_eval\leakfree_eval\sessions\validation\validation_mixed_01.mp4,378,0.03298762068152428,0.06958663923045,1,1,108241,503x503
f3net,C:\deepfake_eval\leakfree_eval\sessions\validation\validation_mixed_01.mp4,379,0.22237645089626312,0.06352165900170803,1,1,110889,503x503
f3net,C:\deepfake_eval\leakfree_eval\sessions\validation\validation_mixed_01.mp4,380,0.029614072293043137,0.06486060532430808,1,1,80656,503x503
f3net,C:\deepfake_eval\leakfree_eval\sessions\validation\validation_mixed_01.mp4,381,0.03778746351599693,0.06394499180217585,1,1,85264,503x503
f3net,C:\deepfake_eval\leakfree_eval\sessions\validation\validation_mixed_01.mp4,382,0.08413319289684296,0.06867541484534741,1,1,95481,503x503
f3net,C:\deepfake_eval\leakfree_eval\sessions\validation\validation_mixed_01.mp4,383,0.17233772575855255,0.07159062239030997,1,1,97969,503x503
f3net,C:\deepfake_eval\leakfree_eval\sessions\validation\validation_mixed_01.mp4,384,0.09879506379365921,0.07185462626318137,1,1,87616,503x503
f3net,C:\deepfake_eval\leakfree_eval\sessions\validation\validation_mixed_01.mp4,385,0.028466522693634033,0.07171557334562143,1,1,81225,503x503
f3net,C:\deepfake_eval\leakfree_eval\sessions\validation\validation_mixed_01.mp4,386,0.015231704339385033,0.07200792791942755,1,1,86436,503x503
f3net,C:\deepfake_eval\leakfree_eval\sessions\validation\validation_mixed_01.mp4,387,0.023718832060694695,0.0683751513560613,1,1,91809,503x503
f3net,C:\deepfake_eval\leakfree_eval\sessions\validation\validation_mixed_01.mp4,388,0.03850853070616722,0.06874987706542016,1,1,96721,503x503
f3net,C:\deepfake_eval\leakfree_eval\sessions\validation\validation_mixed_01.mp4,389,0.042081642895936966,0.06386151164770126,1,1,90601,503x503
f3net,C:\deepfake_eval\leakfree_eval\sessions\validation\validation_mixed_01.mp4,390,0.04490530118346214,0.06394537587960561,1,1,98596,503x503
f3net,C:\deepfake_eval\leakfree_eval\sessions\validation\validation_mixed_01.mp4,391,0.03183653950691223,0.06382931396365166,1,1,87616,503x503
f3net,C:\deepfake_eval\leakfree_eval\sessions\validation\validation_mixed_01.mp4,392,0.06303144991397858,0.0643874742090702,1,1,90000,503x503
f3net,C:\deepfake_eval\leakfree_eval\sessions\validation\validation_mixed_01.mp4,393,0.045905373990535736,0.0652486577630043,1,2,104976,503x503
f3net,C:\deepfake_eval\leakfree_eval\sessions\validation\validation_mixed_01.mp4,394,0.46604371070861816,0.08149314175049464,1,1,45796,503x503
f3net,C:\deepfake_eval\leakfree_eval\sessions\validation\validation_mixed_01.mp4,395,0.11718893051147461,0.0873314656317234,0,0,,720x720
f3net,C:\deepfake_eval\leakfree_eval\sessions\validation\validation_mixed_01.mp4,396,0.007558778859674931,0.08531621998796861,1,1,46225,503x503
f3net,C:\deepfake_eval\leakfree_eval\sessions\validation\validation_mixed_01.mp4,397,0.040612880140542984,0.08241486580421527,1,1,75076,503x503
f3net,C:\deepfake_eval\leakfree_eval\sessions\validation\validation_mixed_01.mp4,398,0.012999886646866798,0.07179234319676955,1,1,73984,503x503
f3net,C:\deepfake_eval\leakfree_eval\sessions\validation\validation_mixed_01.mp4,399,0.13928936421871185,0.0744919632251064,1,1,67600,503x503
f3net,C:\deepfake_eval\leakfree_eval\sessions\validation\validation_mixed_01.mp4,400,0.09689467400312424,0.07905383997907241,1,1,93636,503x503
f3net,C:\deepfake_eval\leakfree_eval\sessions\validation\validation_mixed_01.mp4,401,0.23892274498939514,0.09396657602240642,1,1,149769,580x580
f3net,C:\deepfake_eval\leakfree_eval\sessions\validation\validation_mixed_01.mp4,402,0.080631785094738,0.09776077289134263,1,1,72900,503x503
f3net,C:\deepfake_eval\leakfree_eval\sessions\validation\validation_mixed_01.mp4,403,0.7675049304962158,0.14636053287734588,1,1,77284,503x503
f3net,C:\deepfake_eval\leakfree_eval\sessions\validation\validation_mixed_01.mp4,404,0.20357002317905426,0.15712642489622036,1,1,75625,503x503
f3net,C:\deepfake_eval\leakfree_eval\sessions\validation\validation_mixed_01.mp4,405,0.7376033663749695,0.20330629590898752,1,1,75076,503x503
f3net,C:\deepfake_eval\leakfree_eval\sessions\validation\validation_mixed_01.mp4,406,0.6734574437141418,0.24608102285613617,1,1,76176,503x503
f3net,C:\deepfake_eval\leakfree_eval\sessions\validation\validation_mixed_01.mp4,407,0.3639862835407257,0.2661446784312526,1,2,127449,535x535
f3net,C:\deepfake_eval\leakfree_eval\sessions\validation\validation_mixed_01.mp4,408,0.32800614833831787,0.28495139672110475,1,1,75076,503x503
f3net,C:\deepfake_eval\leakfree_eval\sessions\validation\validation_mixed_01.mp4,409,0.9978354573249817,0.3204041798288623,1,1,148996,579x579
f3net,C:\deepfake_eval\leakfree_eval\sessions\validation\validation_mixed_01.mp4,410,0.9992538094520569,0.37920850509156784,1,2,156025,592x592
f3net,C:\deepfake_eval\leakfree_eval\sessions\validation\validation_mixed_01.mp4,411,0.9957125186920166,0.4450854210803906,1,3,176400,630x630
f3net,C:\deepfake_eval\leakfree_eval\sessions\validation\validation_mixed_01.mp4,412,0.9998273253440857,0.5090330507606268,1,1,165649,610x610
f3net,C:\deepfake_eval\leakfree_eval\sessions\validation\validation_mixed_01.mp4,413,0.9991055130958557,0.574773425857226,1,2,168921,616x616
f3net,C:\deepfake_eval\leakfree_eval\sessions\validation\validation_mixed_01.mp4,414,0.9965356588363647,0.6319231788317362,1,2,178084,633x633
f3net,C:\deepfake_eval\leakfree_eval\sessions\validation\validation_mixed_01.mp4,415,0.9991104006767273,0.6920708939433098,1,2,183184,642x642
f3net,C:\deepfake_eval\leakfree_eval\sessions\validation\validation_mixed_01.mp4,416,0.9988574981689453,0.7427332108219464,1,3,163216,606x606
f3net,C:\deepfake_eval\leakfree_eval\sessions\validation\validation_mixed_01.mp4,417,0.9997014403343201,0.804004521171252,1,1,167281,613x613
f3net,C:\deepfake_eval\leakfree_eval\sessions\validation\validation_mixed_01.mp4,418,0.9985870122909546,0.8194099932909011,1,1,162409,604x604
f3net,C:\deepfake_eval\leakfree_eval\sessions\validation\validation_mixed_01.mp4,419,0.962607204914093,0.8700124720732371,1,3,178084,633x633
f3net,C:\deepfake_eval\leakfree_eval\sessions\validation\validation_mixed_01.mp4,420,0.9996843338012695,0.8874845365683238,1,1,168100,615x615
f3net,C:\deepfake_eval\leakfree_eval\sessions\validation\validation_mixed_01.mp4,421,0.9998760223388672,0.9092457751433055,1,1,173056,624x624
f3net,C:\deepfake_eval\leakfree_eval\sessions\validation\validation_mixed_01.mp4,422,0.5248538851737976,0.9199702819188436,1,19,36481,503x503
f3net,C:\deepfake_eval\leakfree_eval\sessions\validation\validation_mixed_01.mp4,423,0.877754807472229,0.956620192527771,1,17,33856,503x503
f3net,C:\deepfake_eval\leakfree_eval\sessions\validation\validation_mixed_01.mp4,424,0.5589935779571533,0.9273640672365825,1,13,36100,503x503
f3net,C:\deepfake_eval\leakfree_eval\sessions\validation\validation_mixed_01.mp4,425,0.47529715299606323,0.8924336234728495,1,16,34969,503x503
f3net,C:\deepfake_eval\leakfree_eval\sessions\validation\validation_mixed_01.mp4,426,0.5646439790725708,0.8636957208315531,1,14,38416,503x503
f3net,C:\deepfake_eval\leakfree_eval\sessions\validation\validation_mixed_01.mp4,427,0.49051493406295776,0.8297415614128113,1,13,36481,503x503
f3net,C:\deepfake_eval\leakfree_eval\sessions\validation\validation_mixed_01.mp4,428,0.5566384196281433,0.8002437551816305,1,14,34969,503x503
f3net,C:\deepfake_eval\leakfree_eval\sessions\validation\validation_mixed_01.mp4,429,0.7469407320022583,0.78360409339269,1,15,35721,503x503
f3net,C:\deepfake_eval\leakfree_eval\sessions\validation\validation_mixed_01.mp4,430,0.5002589225769043,0.7503473281860351,1,18,33489,503x503
f3net,C:\deepfake_eval\leakfree_eval\sessions\validation\validation_mixed_01.mp4,431,0.3887423276901245,0.7096729834874471,1,22,34225,503x503
f3net,C:\deepfake_eval\leakfree_eval\sessions\validation\validation_mixed_01.mp4,432,0.5514615178108215,0.6797903219858805,1,20,33856,503x503
f3net,C:\deepfake_eval\leakfree_eval\sessions\validation\validation_mixed_01.mp4,433,0.3190165162086487,0.6344856222470602,1,19,32761,503x503
f3net,C:\deepfake_eval\leakfree_eval\sessions\validation\validation_mixed_01.mp4,434,0.4842229187488556,0.602593336502711,1,20,33124,503x503
f3net,C:\deepfake_eval\leakfree_eval\sessions\validation\validation_mixed_01.mp4,435,0.805497944355011,0.5896475772062938,1,19,33489,503x503
f3net,C:\deepfake_eval\leakfree_eval\sessions\validation\validation_mixed_01.mp4,436,0.38683709502220154,0.5487783153851827,1,20,33489,503x503
f3net,C:\deepfake_eval\leakfree_eval\sessions\validation\validation_mixed_01.mp4,437,0.739180326461792,0.5630667448043823,1,18,39204,503x503
f3net,C:\deepfake_eval\leakfree_eval\sessions\validation\validation_mixed_01.mp4,438,0.54674232006073,0.5409992456436157,1,18,35721,503x503
f3net,C:\deepfake_eval\leakfree_eval\sessions\validation\validation_mixed_01.mp4,439,0.4646972119808197,0.5347128212451935,1,18,33489,503x503
f3net,C:\deepfake_eval\leakfree_eval\sessions\validation\validation_mixed_01.mp4,440,0.6327694654464722,0.5452109754085541,1,18,34969,503x503
f3net,C:\deepfake_eval\leakfree_eval\sessions\validation\validation_mixed_01.mp4,441,0.5949203968048096,0.54722940325737,1,21,34225,503x503
f3net,C:\deepfake_eval\leakfree_eval\sessions\validation\validation_mixed_01.mp4,442,0.4756503701210022,0.5462384323279063,1,18,36864,503x503
f3net,C:\deepfake_eval\leakfree_eval\sessions\validation\validation_mixed_01.mp4,443,0.9977836012840271,0.5756481111049652,1,2,76729,503x503
f3net,C:\deepfake_eval\leakfree_eval\sessions\validation\validation_mixed_01.mp4,444,0.9982362985610962,0.5924011488755544,1,2,75625,503x503
f3net,C:\deepfake_eval\leakfree_eval\sessions\validation\validation_mixed_01.mp4,445,0.9966699481010437,0.6254952172438304,1,2,76729,503x503
f3net,C:\deepfake_eval\leakfree_eval\sessions\validation\validation_mixed_01.mp4,446,0.9965072274208069,0.6660128772258759,1,2,79524,503x503
f3net,C:\deepfake_eval\leakfree_eval\sessions\validation\validation_mixed_01.mp4,447,0.9975457787513733,0.6957518279552459,1,2,73984,503x503
f3net,C:\deepfake_eval\leakfree_eval\sessions\validation\validation_mixed_01.mp4,448,0.9966099858283997,0.740924725929896,1,1,75076,503x503
f3net,C:\deepfake_eval\leakfree_eval\sessions\validation\validation_mixed_01.mp4,449,0.9979050159454346,0.7751701990763347,1,1,77841,503x503
f3net,C:\deepfake_eval\leakfree_eval\sessions\validation\validation_mixed_01.mp4,450,0.9988008737564087,0.7880570610364278,1,1,77284,503x503
f3net,C:\deepfake_eval\leakfree_eval\sessions\validation\validation_mixed_01.mp4,451,0.9970389604568481,0.8287371853987376,1,1,77284,503x503
f3net,C:\deepfake_eval\leakfree_eval\sessions\validation\validation_mixed_01.mp4,452,0.9976886510848999,0.8459710737069448,1,2,73984,503x503
f3net,C:\deepfake_eval\leakfree_eval\sessions\validation\validation_mixed_01.mp4,453,0.9964292645454407,0.8759502033392589,1,1,79524,503x503
f3net,C:\deepfake_eval\leakfree_eval\sessions\validation\validation_mixed_01.mp4,454,0.9966446161270142,0.9114133636156718,1,1,76176,503x503
f3net,C:\deepfake_eval\leakfree_eval\sessions\validation\validation_mixed_01.mp4,455,0.9986842274665833,0.9358076810836792,1,1,77284,503x503
f3net,C:\deepfake_eval\leakfree_eval\sessions\validation\validation_mixed_01.mp4,456,0.9892361760139465,0.9620953996976217,1,1,76176,503x503
f3net,C:\deepfake_eval\leakfree_eval\sessions\validation\validation_mixed_01.mp4,457,0.9980744123458862,0.9969236691792805,1,1,74529,503x503
f3net,C:\deepfake_eval\leakfree_eval\sessions\validation\validation_mixed_01.mp4,458,0.9979447722434998,0.9969344139099121,1,2,78961,503x503
f3net,C:\deepfake_eval\leakfree_eval\sessions\validation\validation_mixed_01.mp4,459,0.9979725480079651,0.9969168305397034,1,2,76176,503x503
f3net,C:\deepfake_eval\leakfree_eval\sessions\validation\validation_mixed_01.mp4,460,0.9965977072715759,0.9969120144844055,1,2,75076,503x503
f3net,C:\deepfake_eval\leakfree_eval\sessions\validation\validation_mixed_01.mp4,461,0.9978070855140686,0.996998671690623,1,2,78400,503x503
f3net,C:\deepfake_eval\leakfree_eval\sessions\validation\validation_mixed_01.mp4,462,0.9985814094543457,0.9970677137374878,1,2,75625,503x503
f3net,C:\deepfake_eval\leakfree_eval\sessions\validation\validation_mixed_01.mp4,463,0.9974539875984192,0.9971239805221558,1,2,73441,503x503
f3net,C:\deepfake_eval\leakfree_eval\sessions\validation\validation_mixed_01.mp4,464,0.6381792426109314,0.9731422622998556,0,0,,720x720
f3net,C:\deepfake_eval\leakfree_eval\sessions\validation\validation_mixed_01.mp4,465,0.6788110136985779,0.9518096049626669,0,0,,720x720
f3net,C:\deepfake_eval\leakfree_eval\sessions\validation\validation_mixed_01.mp4,466,0.5040319561958313,0.9189424713452657,1,1,42436,503x503
f3net,C:\deepfake_eval\leakfree_eval\sessions\validation\validation_mixed_01.mp4,467,0.48493099212646484,0.8847586274147033,1,1,47089,503x503
f3net,C:\deepfake_eval\leakfree_eval\sessions\validation\validation_mixed_01.mp4,468,0.47650131583213806,0.8500967641671499,1,1,33124,503x503
f3net,C:\deepfake_eval\leakfree_eval\sessions\validation\validation_mixed_01.mp4,469,0.5065033435821533,0.8174206793308259,1,1,37636,503x503
f3net,C:\deepfake_eval\leakfree_eval\sessions\validation\validation_mixed_01.mp4,470,0.47993212938308716,0.7828372061252594,1,1,37249,503x503
f3net,C:\deepfake_eval\leakfree_eval\sessions\validation\validation_mixed_01.mp4,471,0.5430593490600586,0.7530920843283335,1,1,36100,503x503
f3net,C:\deepfake_eval\leakfree_eval\sessions\validation\validation_mixed_01.mp4,472,0.47034376859664917,0.7179100414117178,1,2,171396,621x621
f3net,C:\deepfake_eval\leakfree_eval\sessions\validation\validation_mixed_01.mp4,473,0.5240247249603271,0.6863153715928395,1,1,35721,503x503
f3net,C:\deepfake_eval\leakfree_eval\sessions\validation\validation_mixed_01.mp4,474,0.34200891852378845,0.6425844629605612,1,1,35721,503x503
f3net,C:\deepfake_eval\leakfree_eval\sessions\validation\validation_mixed_01.mp4,475,0.47376424074172974,0.607728898525238,1,1,37636,503x503
f3net,C:\deepfake_eval\leakfree_eval\sessions\validation\validation_mixed_01.mp4,476,0.48958930373191833,0.5738477130730947,1,1,35344,503x503
f3net,C:\deepfake_eval\leakfree_eval\sessions\validation\validation_mixed_01.mp4,477,0.35948464274406433,0.531241261959076,1,1,36864,503x503
f3net,C:\deepfake_eval\leakfree_eval\sessions\validation\validation_mixed_01.mp4,478,0.24011121690273285,0.4807517439126968,1,1,34969,503x503
f3net,C:\deepfake_eval\leakfree_eval\sessions\validation\validation_mixed_01.mp4,479,0.40784695744514465,0.4653962582349777,0,1,23716,720x720
f3net,C:\deepfake_eval\leakfree_eval\sessions\validation\validation_mixed_01.mp4,480,0.43388453125953674,0.449067826072375,0,1,24336,720x720
f3net,C:\deepfake_eval\leakfree_eval\sessions\validation\validation_mixed_01.mp4,481,0.5032235980033875,0.44901393552621205,0,1,24025,720x720
f3net,C:\deepfake_eval\leakfree_eval\sessions\validation\validation_mixed_01.mp4,482,0.47359588742256165,0.4482582618792852,0,1,23104,720x720
f3net,C:\deepfake_eval\leakfree_eval\sessions\validation\validation_mixed_01.mp4,483,0.4987204968929291,0.44973954061667126,0,1,24964,720x720
f3net,C:\deepfake_eval\leakfree_eval\sessions\validation\validation_mixed_01.mp4,484,0.36843475699424744,0.4405349681774775,0,1,21316,720x720
f3net,C:\deepfake_eval\leakfree_eval\sessions\validation\validation_mixed_01.mp4,485,0.4891720414161682,0.44115096231301626,0,1,24025,720x720
f3net,C:\deepfake_eval\leakfree_eval\sessions\validation\validation_mixed_01.mp4,486,0.394202321767807,0.4312271604935328,0,1,24964,720x720
f3net,C:\deepfake_eval\leakfree_eval\sessions\validation\validation_mixed_01.mp4,487,0.44529595971107483,0.42955730656782787,0,1,27225,720x720
f3net,C:\deepfake_eval\leakfree_eval\sessions\validation\validation_mixed_01.mp4,488,0.4020359516143799,0.421424721678098,0,1,24964,720x720
f3net,C:\deepfake_eval\leakfree_eval\sessions\validation\validation_mixed_01.mp4,489,0.040519729256629944,0.40132544239362083,1,1,54756,503x503
f3net,C:\deepfake_eval\leakfree_eval\sessions\validation\validation_mixed_01.mp4,490,0.14958420395851135,0.37971343994140627,1,1,52441,503x503
f3net,C:\deepfake_eval\leakfree_eval\sessions\validation\validation_mixed_01.mp4,491,0.09954208135604858,0.35371029178301494,1,1,55225,503x503
f3net,C:\deepfake_eval\leakfree_eval\sessions\validation\validation_mixed_01.mp4,492,0.11470464617013931,0.33739162534475325,1,1,53824,503x503
f3net,C:\deepfake_eval\leakfree_eval\sessions\validation\validation_mixed_01.mp4,493,0.1243743970990181,0.32967583735783895,1,1,55696,503x503
f3net,C:\deepfake_eval\leakfree_eval\sessions\validation\validation_mixed_01.mp4,494,0.0973857194185257,0.3089784214893977,1,1,56169,503x503
f3net,C:\deepfake_eval\leakfree_eval\sessions\validation\validation_mixed_01.mp4,495,0.08915744721889496,0.28599661588668823,1,1,54756,503x503
f3net,C:\deepfake_eval\leakfree_eval\sessions\validation\validation_mixed_01.mp4,496,0.08327194303274155,0.2579998388886452,1,1,53824,503x503
f3net,C:\deepfake_eval\leakfree_eval\sessions\validation\validation_mixed_01.mp4,497,0.08564741909503937,0.23213660766681035,1,1,59049,503x503
f3net,C:\deepfake_eval\leakfree_eval\sessions\validation\validation_mixed_01.mp4,498,0.24273888766765594,0.21507116705179213,1,1,55225,503x503
f3net,C:\deepfake_eval\leakfree_eval\sessions\validation\validation_mixed_01.mp4,499,0.14057138562202454,0.19988027562697727,1,1,58081,503x503
f3net,C:\deepfake_eval\leakfree_eval\sessions\validation\validation_mixed_01.mp4,500,0.1493920236825943,0.17722827444473901,1,1,56169,503x503
f3net,C:\deepfake_eval\leakfree_eval\sessions\validation\validation_mixed_01.mp4,501,0.48165953159332275,0.1830587550997734,1,2,64516,503x503
f3net,C:\deepfake_eval\leakfree_eval\sessions\validation\validation_mixed_01.mp4,502,0.7002845406532288,0.20005799382925032,1,3,60025,503x503
f3net,C:\deepfake_eval\leakfree_eval\sessions\validation\validation_mixed_01.mp4,503,0.627358078956604,0.21507946898539862,1,3,63504,503x503
f3net,C:\deepfake_eval\leakfree_eval\sessions\validation\validation_mixed_01.mp4,504,0.7691465616226196,0.2636545911431313,1,2,62001,503x503
f3net,C:\deepfake_eval\leakfree_eval\sessions\validation\validation_mixed_01.mp4,505,0.6605993509292603,0.29772226760784787,1,3,68121,503x503
f3net,C:\deepfake_eval\leakfree_eval\sessions\validation\validation_mixed_01.mp4,506,0.6341865062713623,0.33336522926886875,1,2,59049,503x503
f3net,C:\deepfake_eval\leakfree_eval\sessions\validation\validation_mixed_01.mp4,507,0.6158157587051392,0.3667726367712021,1,4,60516,503x503
f3net,C:\deepfake_eval\leakfree_eval\sessions\validation\validation_mixed_01.mp4,508,0.5141299366950989,0.3927563394109408,1,4,67600,503x503
f3net,C:\deepfake_eval\leakfree_eval\sessions\validation\validation_mixed_01.mp4,509,0.5870882272720337,0.42540317326784133,1,2,61009,503x503
f3net,C:\deepfake_eval\leakfree_eval\sessions\validation\validation_mixed_01.mp4,510,0.3091605007648468,0.4400700435042381,1,2,58081,503x503
f3net,C:\deepfake_eval\leakfree_eval\sessions\validation\validation_mixed_01.mp4,511,0.4770502746105194,0.46632193227609,1,3,64516,503x503
f3net,C:\deepfake_eval\leakfree_eval\sessions\validation\validation_mixed_01.mp4,512,0.9220230579376221,0.5220803081989288,1,3,63001,503x503
f3net,C:\deepfake_eval\leakfree_eval\sessions\validation\validation_mixed_01.mp4,513,0.3508165180683136,0.5292854835589726,1,1,42025,503x503
f3net,C:\deepfake_eval\leakfree_eval\sessions\validation\validation_mixed_01.mp4,514,0.17391204833984375,0.5315081944068273,1,1,42849,503x503
f3net,C:\deepfake_eval\leakfree_eval\sessions\validation\validation_mixed_01.mp4,515,0.2229565978050232,0.5364124993483226,1,1,44100,503x503
f3net,C:\deepfake_eval\leakfree_eval\sessions\validation\validation_mixed_01.mp4,516,0.2601412832736969,0.5216446161270142,1,1,44100,503x503
f3net,C:\deepfake_eval\leakfree_eval\sessions\validation\validation_mixed_01.mp4,517,0.18696558475494385,0.4874233524004618,1,2,40401,503x503
f3net,C:\deepfake_eval\leakfree_eval\sessions\validation\validation_mixed_01.mp4,518,0.1588473618030548,0.4561893045902252,1,1,36100,503x503
f3net,C:\deepfake_eval\leakfree_eval\sessions\validation\validation_mixed_01.mp4,519,0.22264888882637024,0.4197561264038086,1,1,50176,503x503
f3net,C:\deepfake_eval\leakfree_eval\sessions\validation\validation_mixed_01.mp4,520,0.20255599915981293,0.38921990295251213,1,1,46225,503x503
f3net,C:\deepfake_eval\leakfree_eval\sessions\validation\validation_mixed_01.mp4,521,0.22655007243156433,0.3620441406965256,1,2,45796,503x503
f3net,C:\deepfake_eval\leakfree_eval\sessions\validation\validation_mixed_01.mp4,522,0.27834945917129517,0.3395463873942693,1,1,44100,503x503
f3net,C:\deepfake_eval\leakfree_eval\sessions\validation\validation_mixed_01.mp4,523,0.19557780027389526,0.3183095782995224,1,1,36864,503x503
f3net,C:\deepfake_eval\leakfree_eval\sessions\validation\validation_mixed_01.mp4,524,0.30811479687690735,0.29971134960651397,1,1,36100,503x503
f3net,C:\deepfake_eval\leakfree_eval\sessions\validation\validation_mixed_01.mp4,525,0.4063098430633545,0.3061879724264145,1,1,40804,503x503
f3net,C:\deepfake_eval\leakfree_eval\sessions\validation\validation_mixed_01.mp4,526,0.11955653131008148,0.2823550562063853,1,1,45796,503x503
f3net,C:\deepfake_eval\leakfree_eval\sessions\validation\validation_mixed_01.mp4,527,0.25537586212158203,0.2379119098186493,1,1,42436,503x503
f3net,C:\deepfake_eval\leakfree_eval\sessions\validation\validation_mixed_01.mp4,528,0.21551166474819183,0.22889158626397452,1,1,46225,503x503
f3net,C:\deepfake_eval\leakfree_eval\sessions\validation\validation_mixed_01.mp4,529,0.30723321437835693,0.23777966399987538,1,2,42849,503x503
f3net,C:\deepfake_eval\leakfree_eval\sessions\validation\validation_mixed_01.mp4,530,0.14775042235851288,0.23276591897010804,1,2,39204,503x503
f3net,C:\deepfake_eval\leakfree_eval\sessions\validation\validation_mixed_01.mp4,531,0.6749052405357361,0.260416849454244,1,1,40804,503x503
f3net,C:\deepfake_eval\leakfree_eval\sessions\validation\validation_mixed_01.mp4,532,0.844596266746521,0.30425889492034913,1,1,42849,503x503
f3net,C:\deepfake_eval\leakfree_eval\sessions\validation\validation_mixed_01.mp4,533,0.7815663814544678,0.34577349623044334,1,1,42849,503x503
f3net,C:\deepfake_eval\leakfree_eval\sessions\validation\validation_mixed_01.mp4,534,0.4789872467517853,0.36286272009213766,1,1,41209,503x503
f3net,C:\deepfake_eval\leakfree_eval\sessions\validation\validation_mixed_01.mp4,535,0.6374529600143433,0.391855850815773,1,1,37249,503x503
f3net,C:\deepfake_eval\leakfree_eval\sessions\validation\validation_mixed_01.mp4,536,0.6642465591430664,0.4210356165965398,1,2,41209,503x503
f3net,C:\deepfake_eval\leakfree_eval\sessions\validation\validation_mixed_01.mp4,537,0.7701635956764221,0.4538232256968816,1,2,43264,503x503
f3net,C:\deepfake_eval\leakfree_eval\sessions\validation\validation_mixed_01.mp4,538,0.8634586930274963,0.4983486185471217,1,2,42025,503x503
f3net,C:\deepfake_eval\leakfree_eval\sessions\validation\validation_mixed_01.mp4,539,0.5568419098854065,0.5149304260810216,1,1,41209,503x503
f3net,C:\deepfake_eval\leakfree_eval\sessions\validation\validation_mixed_01.mp4,540,0.8984819054603577,0.5477418969074885,1,3,42025,503x503
f3net,C:\deepfake_eval\leakfree_eval\sessions\validation\validation_mixed_01.mp4,541,0.6469530463218689,0.582901664574941,1,3,66564,503x503
f3net,C:\deepfake_eval\leakfree_eval\sessions\validation\validation_mixed_01.mp4,542,0.8531992435455322,0.6227565566698711,1,3,74529,503x503
f3net,C:\deepfake_eval\leakfree_eval\sessions\validation\validation_mixed_01.mp4,543,0.2756929099559784,0.6267686396837234,1,2,75076,503x503
f3net,C:\deepfake_eval\leakfree_eval\sessions\validation\validation_mixed_01.mp4,544,0.2862730026245117,0.6253712922334671,1,4,152881,586x586
f3net,C:\deepfake_eval\leakfree_eval\sessions\validation\validation_mixed_01.mp4,545,0.7892324924468994,0.6681367635726929,1,3,55225,503x503
f3net,C:\deepfake_eval\leakfree_eval\sessions\validation\validation_mixed_01.mp4,546,0.5390142202377319,0.6590773622194926,1,2,66564,503x503
f3net,C:\deepfake_eval\leakfree_eval\sessions\validation\validation_mixed_01.mp4,547,0.20123770833015442,0.6161867916584015,1,2,65536,503x503
f3net,C:\deepfake_eval\leakfree_eval\sessions\validation\validation_mixed_01.mp4,548,0.31582894921302795,0.5851376295089722,1,2,73984,503x503
f3net,C:\deepfake_eval\leakfree_eval\sessions\validation\validation_mixed_01.mp4,549,0.3970809876918793,0.5796772122383118,1,2,73441,503x503
f3net,C:\deepfake_eval\leakfree_eval\sessions\validation\validation_mixed_01.mp4,550,0.562582790851593,0.5746858676274618,1,3,74529,503x503
f3net,C:\deepfake_eval\leakfree_eval\sessions\validation\validation_mixed_01.mp4,551,0.9637793302536011,0.5946547190348307,1,2,75625,503x503
f3net,C:\deepfake_eval\leakfree_eval\sessions\validation\validation_mixed_01.mp4,552,0.3156515061855316,0.5643539130687714,1,3,133956,549x549
f3net,C:\deepfake_eval\leakfree_eval\sessions\validation\validation_mixed_01.mp4,553,0.6441239714622498,0.549731598297755,1,3,55696,503x503
f3net,C:\deepfake_eval\leakfree_eval\sessions\validation\validation_mixed_01.mp4,554,0.54167640209198,0.5487205644448598,1,2,57121,503x503
f3net,C:\deepfake_eval\leakfree_eval\sessions\validation\validation_mixed_01.mp4,555,0.9043755531311035,0.5491134742895762,1,2,57121,503x503
f3net,C:\deepfake_eval\leakfree_eval\sessions\validation\validation_mixed_01.mp4,556,0.918011486530304,0.5671840369701385,1,2,47961,503x503
f3net,C:\deepfake_eval\leakfree_eval\sessions\validation\validation_mixed_01.mp4,557,0.34701403975486755,0.5334383567174276,1,2,34225,503x503
f3net,C:\deepfake_eval\leakfree_eval\sessions\validation\validation_mixed_01.mp4,558,0.45628777146339417,0.5454780141512553,1,1,34225,503x503
f3net,C:\deepfake_eval\leakfree_eval\sessions\validation\validation_mixed_01.mp4,559,0.39290523529052734,0.552586829662323,1,2,32400,503x503
f3net,C:\deepfake_eval\leakfree_eval\sessions\validation\validation_mixed_01.mp4,560,0.43512704968452454,0.5289798001448314,1,1,32761,503x503
f3net,C:\deepfake_eval\leakfree_eval\sessions\validation\validation_mixed_01.mp4,561,0.40723326802253723,0.5201944033304851,1,1,34225,503x503
f3net,C:\deepfake_eval\leakfree_eval\sessions\validation\validation_mixed_01.mp4,562,0.2605629861354828,0.5241494218508402,1,1,33124,503x503
f3net,C:\deepfake_eval\leakfree_eval\sessions\validation\validation_mixed_01.mp4,563,0.2478080540895462,0.5196146955092747,1,1,35721,503x503
f3net,C:\deepfake_eval\leakfree_eval\sessions\validation\validation_mixed_01.mp4,564,0.21756303310394287,0.5076468318700791,1,1,35344,503x503
f3net,C:\deepfake_eval\leakfree_eval\sessions\validation\validation_mixed_01.mp4,565,0.5801781415939331,0.5088198552529017,1,2,285156,720x720
f3net,C:\deepfake_eval\leakfree_eval\sessions\validation\validation_mixed_01.mp4,566,0.3279697597026825,0.46643255054950716,1,2,34596,503x503
f3net,C:\deepfake_eval\leakfree_eval\sessions\validation\validation_mixed_01.mp4,567,0.3781810700893402,0.4706011881430944,1,2,34225,503x503
f3net,C:\deepfake_eval\leakfree_eval\sessions\validation\validation_mixed_01.mp4,568,0.34414416551589966,0.4506025344133377,1,2,33856,503x503
f3net,C:\deepfake_eval\leakfree_eval\sessions\validation\validation_mixed_01.mp4,569,0.4071551263332367,0.4416344493627548,1,1,33489,503x503
f3net,C:\deepfake_eval\leakfree_eval\sessions\validation\validation_mixed_01.mp4,570,0.11959497630596161,0.3893157442410787,1,1,45796,503x503
f3net,C:\deepfake_eval\leakfree_eval\sessions\validation\validation_mixed_01.mp4,571,0.11966335773468018,0.33609253565470376,1,2,45796,503x503
f3net,C:\deepfake_eval\leakfree_eval\sessions\validation\validation_mixed_01.mp4,572,0.04815329238772392,0.31616848583022755,1,1,50176,503x503
f3net,C:\deepfake_eval\leakfree_eval\sessions\validation\validation_mixed_01.mp4,573,0.09434238821268082,0.2920387936135133,1,2,53361,503x503
f3net,C:\deepfake_eval\leakfree_eval\sessions\validation\validation_mixed_01.mp4,574,0.06031741574406624,0.2698662723104159,1,2,48841,503x503
f3net,C:\deepfake_eval\leakfree_eval\sessions\validation\validation_mixed_01.mp4,575,0.03643936663866043,0.24328709344069163,1,1,50176,503x503
f3net,C:\deepfake_eval\leakfree_eval\sessions\validation\validation_mixed_01.mp4,576,0.12123558670282364,0.22422058135271072,1,1,50176,503x503
f3net,C:\deepfake_eval\leakfree_eval\sessions\validation\validation_mixed_01.mp4,577,0.05477086827158928,0.21050110682845116,1,2,54756,503x503
f3net,C:\deepfake_eval\leakfree_eval\sessions\validation\validation_mixed_01.mp4,578,0.21717725694179535,0.20845905368526776,1,1,49284,503x503
f3net,C:\deepfake_eval\leakfree_eval\sessions\validation\validation_mixed_01.mp4,579,0.08051754534244537,0.19932268783450127,1,2,55225,503x503
f3net,C:\deepfake_eval\leakfree_eval\sessions\validation\validation_mixed_01.mp4,580,0.3629356920719147,0.1848398578663667,0,1,25921,720x720
f3net,C:\deepfake_eval\leakfree_eval\sessions\validation\validation_mixed_01.mp4,581,0.3510158061981201,0.18637626096606255,0,1,26244,720x720
f3net,C:\deepfake_eval\leakfree_eval\sessions\validation\validation_mixed_01.mp4,582,0.36643660068511963,0.1855932963391145,0,1,25921,720x720
f3net,C:\deepfake_eval\leakfree_eval\sessions\validation\validation_mixed_01.mp4,583,0.4118659794330597,0.19010808393359185,0,1,21025,720x720
f3net,C:\deepfake_eval\leakfree_eval\sessions\validation\validation_mixed_01.mp4,584,0.46432122588157654,0.1939191572368145,0,1,20449,720x720
f3net,C:\deepfake_eval\leakfree_eval\sessions\validation\validation_mixed_01.mp4,585,0.4964453876018524,0.2190425179898739,1,1,31684,503x503
f3net,C:\deepfake_eval\leakfree_eval\sessions\validation\validation_mixed_01.mp4,586,0.5013101100921631,0.24448563481370608,1,1,29584,503x503
f3net,C:\deepfake_eval\leakfree_eval\sessions\validation\validation_mixed_01.mp4,587,0.5762780904769897,0.2796939546863238,1,1,30276,503x503
f3net,C:\deepfake_eval\leakfree_eval\sessions\validation\validation_mixed_01.mp4,588,0.49100807309150696,0.30613833367824556,1,1,35344,503x503
f3net,C:\deepfake_eval\leakfree_eval\sessions\validation\validation_mixed_01.mp4,589,0.4851292669773102,0.33445912376046183,1,1,35344,503x503
f3net,C:\deepfake_eval\leakfree_eval\sessions\validation\validation_mixed_01.mp4,590,0.6259994506835938,0.37376312936345735,1,1,34596,503x503
f3net,C:\deepfake_eval\leakfree_eval\sessions\validation\validation_mixed_01.mp4,591,0.5036182999610901,0.3992553102473418,1,1,34225,503x503
f3net,C:\deepfake_eval\leakfree_eval\sessions\validation\validation_mixed_01.mp4,592,0.5166040658950806,0.4300441900889079,1,1,36864,503x503
f3net,C:\deepfake_eval\leakfree_eval\sessions\validation\validation_mixed_01.mp4,593,0.4653865694999695,0.44659147759278617,1,1,36100,503x503
f3net,C:\deepfake_eval\leakfree_eval\sessions\validation\validation_mixed_01.mp4,594,0.5000218152999878,0.474558428923289,1,1,38025,503x503
f3net,C:\deepfake_eval\leakfree_eval\sessions\validation\validation_mixed_01.mp4,595,0.5699934959411621,0.48836228251457214,1,1,38025,503x503
f3net,C:\deepfake_eval\leakfree_eval\sessions\validation\validation_mixed_01.mp4,596,0.6710999608039856,0.5097012261549632,1,1,36481,503x503
f3net,C:\deepfake_eval\leakfree_eval\sessions\validation\validation_mixed_01.mp4,597,0.01820535585284233,0.48648580983281137,1,2,134689,550x550
f3net,C:\deepfake_eval\leakfree_eval\sessions\validation\validation_mixed_01.mp4,598,0.0579499676823616,0.4628914090494315,1,1,130321,541x541
f3net,C:\deepfake_eval\leakfree_eval\sessions\validation\validation_mixed_01.mp4,599,0.4173695147037506,0.45976129497090973,1,1,121801,523x523
